idsbr;nama_usaha;alamat_usaha;kode_wilayah;kdprov;kdkab;kdkec;kddesa;nmprov;nmkab;nmkec;nmdesa;perusahaan_id;status_perusahaan;skor_kalo;kegiatan_usaha;rank_nama;rank_alamat;history_ref_profiling_id;skala_usaha;sumber_data;latitude;longitude;latlong_status;gcid;gcs_result;allow_cancel;allow_edit;allow_flagging;latitude_gc;longitude_gc;latlong_status_gc;gc_username;kegiatan_usahanya;kategori;KBLI;hasilgc
17586093;NEW LUCKY FURNITURE;Jl. Roxy Mas Pertokoan No.32, RW.8, Cideng, Kecamatan Gambir, Kota Jakarta Pusat, Daerah Khusus Ibukota Jakarta 10150;3173080001;31;73;80;1;DKI JAKARTA;JAKARTA PUSAT;GAMBIR;CIDENG;eyJpdiI6IkdKbHBEdkJEM2twTkEzOGVCSFRIQlE9PSIsInZhbHVlIjoiMlFYTTVrT0szV0EreC84a2hZOCthZz09IiwibWFjIjoiZDY0NWEwOTZkOWE0NDk0YjlhYTEzNDllMDY2OTA3OWQzMDczODEyODg3NGYzM2UwN2NjNzc1YTlmZjBiODU5NSIsInRhZyI6IiJ9;Aktif;;;;;31/12/2025;;Tambahan Daerah s.d 31 Desember 2025;-6,167819;106,802963;valid;;;FALSE;FALSE;TRUE;;;invalid;;;;;4
17590605;OYO CELL;Ruko Niaga Roxy Mas Blok B2 no. 7, RT.8/RW.8, Cideng, Kecamatan Gambir, Kota Jakarta Pusat, Daerah Khusus Ibukota Jakarta 10150;3173080001;31;73;80;1;DKI JAKARTA;JAKARTA PUSAT;GAMBIR;CIDENG;eyJpdiI6InA0NTVvS01hcTloTVN5dXpOY3JJUFE9PSIsInZhbHVlIjoieWJHd1BnMi9wNFJzUGY5Um13Qm1WZz09IiwibWFjIjoiNTQzMjk2NmRmNTBiMzNhNGMzZWUxZWY1NDYwOThjOWU1NzNmMjYwMjgyNmVkMjI3MGU2ZmFmMGUyNTkyZjhlOSIsInRhZyI6IiJ9;Aktif;;"[Kegiatan Usaha: Perdagangan Ponsel, Kategori: G, KBLI: -]; [Kegiatan Usaha: , Kategori: G, KBLI: ]";;;31/12/2025;;Tambahan Daerah s.d 31 Desember 2025;-6,167262;106,803741;valid;;;FALSE;FALSE;TRUE;;;invalid;;;;;4
17601868;PHONE STATION;Jl. Kh Hasyim Ashari No.86, RW.8, Cideng, Gambir, Central Jakarta City, Jakarta 10150;3173080001;31;73;80;1;DKI JAKARTA;JAKARTA PUSAT;GAMBIR;CIDENG;eyJpdiI6Inh6b0llWDN4amg2aDQ1MUhXcmI1SlE9PSIsInZhbHVlIjoiTFQxNXQ3SlN0cUFaNHlKRENBNUtiZz09IiwibWFjIjoiMTJjMmZjYjc5YWVjYTNmNGRhYjFmMDUxZThiZTYzOWE4ODE2N2Y1MzI0ZmNmMGJmMTRhZjY5ZjU3M2UxODE1NCIsInRhZyI6IiJ9;Aktif;;;;;31/12/2025;;Tambahan Daerah s.d 31 Desember 2025;-6,1665;106,802948;valid;;;FALSE;FALSE;TRUE;;;invalid;;;;;4
17621695;SAMSUNG EXPERIENCE STORE ITC ROXY MAS;NASA JL.KH. HASYIM ASHARI NO.125, CIDENG LT GF AREA VOID A, RW.8, CIDENG, KECAMATAN GAMBIR, KOTA JAKARTA PUSAT, DAERAH KHUSUS IBUKOTA JAKARTA 10150;3173080001;31;73;80;1;DKI JAKARTA;JAKARTA PUSAT;GAMBIR;CIDENG;eyJpdiI6IkRvbHJ5ckdxdUVXZFVSZ1k3Qkh2Q1E9PSIsInZhbHVlIjoiUEpqQ3ljV0JxUG1Db01SbXppODNkZz09IiwibWFjIjoiZjFjZjBjYjQ3YjVlODY0OWNiNzRmODU4NzE0Y2U5MzdkMGYxZWI5M2FjMjc2NTkwMGE0Mzc1N2Q3OTA1M2I2NyIsInRhZyI6IiJ9;Aktif;;;;;31/12/2025;;Tambahan Daerah s.d 31 Desember 2025;-6,169128;106,803078;valid;;;FALSE;FALSE;TRUE;;;invalid;;;;;4
17621724;SAMSUNG PREMIUM STORE ITC ROXY MAS;ITC ROXY MAS, Jl. Kh Hasyim Ashari PANCA UTAMA MANDIRI lt1 no.129, Cideng, Kecamatan Gambir, Kota Jakarta Pusat, Daerah Khusus Ibukota Jakarta 14440;3173080001;31;73;80;1;DKI JAKARTA;JAKARTA PUSAT;GAMBIR;CIDENG;eyJpdiI6ImNsOTVRSVNWZTk2MDRPdG9peEpiNVE9PSIsInZhbHVlIjoicHpOSjFERFB1L29YQ0JOTTlqK0pwdz09IiwibWFjIjoiNzA4NWIyZWNiNjEyNGEyYTg0OWRkZmQyYjYzYmU2NTI1OGVjMDU1NWJhYTljY2ZjOGU4YjZkYzA5ZjQ4NzA1NiIsInRhZyI6IiJ9;Aktif;;"[Kegiatan Usaha: Perdagangan Elektronik, Kategori: G, KBLI: -]; [Kegiatan Usaha: , Kategori: G, KBLI...";;;31/12/2025;;Tambahan Daerah s.d 31 Desember 2025;-6,166915;106,803438;valid;;;FALSE;FALSE;TRUE;;;invalid;;;;;4
17621725;SAMSUNG PREMIUM STORE ITC ROXY MAS JAKARTA MHI;ITC ROXY MAS LT DASAR NO. 3845, JL. KH HASYIM ASHARI NO.125, DAERAH KHUSUS IBUKOTA JAKARTA 10150;3173080001;31;73;80;1;DKI JAKARTA;JAKARTA PUSAT;GAMBIR;CIDENG;eyJpdiI6ImxDYWFTY2JkT1U2TzJjYUNzbHM0OGc9PSIsInZhbHVlIjoiTWg4eGlVV01vK2g3dWt4UXNCcUw0QT09IiwibWFjIjoiMmZjY2IyYjlkYmM0OTI3OWU5NTNmMTJhOWNkMTBiZGQ1YTE0MzU1ODY2OGU3NjA4YWEzODlmMTE2NGY5NTEwZiIsInRhZyI6IiJ9;Aktif;;"[Kegiatan Usaha: Perdagangan Ponsel, Kategori: G, KBLI: -]; [Kegiatan Usaha: , Kategori: G, KBLI: ]";;;31/12/2025;;Tambahan Daerah s.d 31 Desember 2025;-6,166915;106,803438;valid;;;FALSE;FALSE;TRUE;;;invalid;;;;;4
17624629;SDN CIDENG 04;Jl. Cimalaya No.1, RT.13/RW.1, Cideng, Gambir, Central Jakarta City, Jakarta 10150;3173080001;31;73;80;1;DKI JAKARTA;JAKARTA PUSAT;GAMBIR;CIDENG;eyJpdiI6IjVqZVY4OXd2a09IUXpsenhJN0RWekE9PSIsInZhbHVlIjoicDZjSmYyQXd5V3VHdGFlYm1ZTUtBdz09IiwibWFjIjoiZDJiOWI0MTcwMmVlOWU0NWFjMzkxYmI5ZDE1NmIzN2FlOTBiYjEzNDQ3ZWIwOGM4NmViOGFmNWNiMTY2MzVkOCIsInRhZyI6IiJ9;Aktif;;"[Kegiatan Usaha: Sekolah Dasar, Kategori: P, KBLI: -]; [Kegiatan Usaha: , Kategori: P, KBLI: ]";;;31/12/2025;;Tambahan Daerah s.d 31 Desember 2025;-6,177258;106,809898;valid;;;FALSE;FALSE;TRUE;;;invalid;;;;;4
17624632;SDN CIDENG 10;Jl. Cilamaya No.1 8, RT.8/RW.1, Cideng, Kecamatan Gambir, Kota Jakarta Pusat, Daerah Khusus Ibukota Jakarta 10150;3173080001;31;73;80;1;DKI JAKARTA;JAKARTA PUSAT;GAMBIR;CIDENG;eyJpdiI6IkJaQ0VhZ09sY2hZeTZDYzdqd2QxSmc9PSIsInZhbHVlIjoiTWtsL3J3dFdQT3dkZzBRNE5hM1Vkdz09IiwibWFjIjoiNjNkNTBlNzEyZTVhNzZhMzMzYWJhYWNkMzE5YzlmYmE3MDhhMGI2M2IxYWNkYjA5N2Q0NWJjNzc5OGYyMTJiNCIsInRhZyI6IiJ9;Aktif;;;;;31/12/2025;;Tambahan Daerah s.d 31 Desember 2025;-6,177284;106,809891;valid;;;FALSE;FALSE;TRUE;;;invalid;;;;;4
17626953;SELLINDO;Jalan KH Hasyim Ashari Lantai Dasar Nomor 63 Cideng Gambir, Jakarta Pusat, RW.8, Cideng, Kecamatan Gambir, Kota Jakarta Pusat, Daerah Khusus Ibukota Jakarta 10150;3173080001;31;73;80;1;DKI JAKARTA;JAKARTA PUSAT;GAMBIR;CIDENG;eyJpdiI6InpWbU5jcDFsQ1B1c2Z4V3BhR0srUnc9PSIsInZhbHVlIjoidDlLOElsYzh1RHl3cVR1WnVTNFJpQT09IiwibWFjIjoiN2M3Y2QxMWJlODFjNjUyY2Y1MDdkZTZlNDVjYTBkZDliNTRkMjhmMmM0ODVkOWY2ZTM0NTAwNTdkOTIwYjdkYyIsInRhZyI6IiJ9;Aktif;;"[Kegiatan Usaha: Perdagangan Ponsel, Kategori: G, KBLI: -]; [Kegiatan Usaha: , Kategori: G, KBLI: ]";;;31/12/2025;;Tambahan Daerah s.d 31 Desember 2025;-6,166628;106,802956;valid;;;FALSE;FALSE;TRUE;;;invalid;;;;;4
17631520;SEKOLAH DASAR NEGERI CIDENG 13 PAGI;Jl. Cilamaya No.1, RT.8/RW.1, Cideng, Kecamatan Gambir, Kota Jakarta Pusat, Daerah Khusus Ibukota Jakarta 10150;3173080001;31;73;80;1;DKI JAKARTA;JAKARTA PUSAT;GAMBIR;CIDENG;eyJpdiI6InBQMFFodXBPeFdRSG1DUWw4V2RJZ2c9PSIsInZhbHVlIjoiK3BFbWRra1pPNWZaQTBqR0l6NDNnQT09IiwibWFjIjoiMGNhZTI5YTZkMjY3MDA0OTg0ODg0Y2RlMjNmNjhlNjc5MDAyYzY0YzcxMzVhNTM0Y2JiODY5NDIxYmQ3ZTA3MCIsInRhZyI6IiJ9;Aktif;;;;;31/12/2025;;Tambahan Daerah s.d 31 Desember 2025;-6,177209;106,809898;valid;;;FALSE;FALSE;TRUE;;;invalid;;;;;4
17635459;RUMAH MAKAN BUNDA;Jl pos brantas No.3, RT.3/RW.1, Cideng, Kecamatan Gambir, Kota Jakarta Pusat, Daerah Khusus Ibukota Jakarta 10150;3173080001;31;73;80;1;DKI JAKARTA;JAKARTA PUSAT;GAMBIR;CIDENG;eyJpdiI6IkEzTVhtZ0RDb3g2MzcvSFlWS1pLa0E9PSIsInZhbHVlIjoiZW42SHNldS9mQ3BUTEFBMWNETzJGUT09IiwibWFjIjoiZGQ0NzhjNjNkNjgzYThmOWJiZDkxMDE1NzgyNDBhMzU5N2QwZmZiMTc2ZjBhZWE5YWViNTg3ZDQ0N2JjMzhlYSIsInRhZyI6IiJ9;Aktif;;"[Kegiatan Usaha: Restoran Indonesia, Kategori: I, KBLI: -]; [Kegiatan Usaha: , Kategori: I, KBLI: ]";;;31/12/2025;;Tambahan Daerah s.d 31 Desember 2025;-6,179127;106,811134;valid;;;FALSE;FALSE;TRUE;;;invalid;;;;;4
17646276;TK DARUSSALAM;Jl. Bila No.25 4, RT.4/RW.3, Cideng, Kecamatan Gambir, Kota Jakarta Pusat, Daerah Khusus Ibukota Jakarta 10150;3173080001;31;73;80;1;DKI JAKARTA;JAKARTA PUSAT;GAMBIR;CIDENG;eyJpdiI6IlBSM1lGdUJGVEY0NkhnVHVneUxQanc9PSIsInZhbHVlIjoib3lQTHo4djZjTFdFZWxJSnhiNitsZz09IiwibWFjIjoiNGRmOGM4YzhlNzM2Y2MxNTY2MWM1MjFlMmRhMWUwYmI2YmQ2ZTJlNzkwZjAzMWRmOWU4NDRiMjBhNzEwNzJkMCIsInRhZyI6IiJ9;Aktif;;"[Kegiatan Usaha: Sekolah, Kategori: P, KBLI: -]; [Kegiatan Usaha: , Kategori: P, KBLI: ]";;;31/12/2025;;Tambahan Daerah s.d 31 Desember 2025;-6,174211;106,807632;valid;;;FALSE;FALSE;TRUE;;;invalid;;;;;4
17672902;WARUNG KOPI SANTAI;RW.8, Cideng, Kecamatan Gambir, Kota Jakarta Pusat, Daerah Khusus Ibukota Jakarta 10150;3173080001;31;73;80;1;DKI JAKARTA;JAKARTA PUSAT;GAMBIR;CIDENG;eyJpdiI6IkwzSVIwR3l1ZE9wK0RiOVI2V2VzS2c9PSIsInZhbHVlIjoibXFqSUlpYjZvMkQ0K24xY0VUa0RNZz09IiwibWFjIjoiN2JkNjI4OWEyYjQ5YTFmMGMxMDk2ZTRjNDRkNDkyMjM0OWFiZTRlMzE1MWMxZWM0NTY4ZTRkZTJlNDgyMDMwZCIsInRhZyI6IiJ9;Aktif;;"[Kegiatan Usaha: Kafe, Kategori: I, KBLI: -]; [Kegiatan Usaha: , Kategori: I, KBLI: ]";;;31/12/2025;;Tambahan Daerah s.d 31 Desember 2025;-6,169641;106,803688;valid;;;FALSE;FALSE;TRUE;;;invalid;;;;;4
17673616;WARUNG MBA ATUN;JL. KAPUAS NO.3, RT.10/RW.2, CIDENG, KECAMATAN GAMBIR, KOTA JAKARTA PUSAT, DAERAH KHUSUS IBUKOTA JAKARTA 10150;3173080001;31;73;80;1;DKI JAKARTA;JAKARTA PUSAT;GAMBIR;CIDENG;eyJpdiI6IjF0MVpVbGpRbjVDZHloYWU5YklYd1E9PSIsInZhbHVlIjoiNnFuTElWVElqT1laNWRDME9PN2xTdz09IiwibWFjIjoiMGFiMDQ3Yzg0NDJlMTNiNTFhNDE3OTkwNTVjMDAzM2ZlMGQ1MWZkNTgwYTM1YmU5MWQ3NjU3MDIwYWI1YmJmOSIsInRhZyI6IiJ9;Aktif;;;;;31/12/2025;;Tambahan Daerah s.d 31 Desember 2025;-6,175267;106,811203;valid;;;FALSE;FALSE;TRUE;;;invalid;;;;;4
17680568;WARUNG SATE SOLO PAK MARMIN;Jl. Musi No.3A, RT.13/RW.2, Cideng, Gambir, Central Jakarta City, Jakarta 10150;3173080001;31;73;80;1;DKI JAKARTA;JAKARTA PUSAT;GAMBIR;CIDENG;eyJpdiI6InlQOG5ZaWNwQlBRcWxGeDQ5dHJCT0E9PSIsInZhbHVlIjoiT1NHaWMwaUY5bXBFMEJHRjdOZ0hoUT09IiwibWFjIjoiMjY2NDQ5Nzg4ZTBkNzE2MWJiZDQ0YTQzOTQ3OTZjYzk5MjUxOGQ1NWY3YTg1YzE5NWI0MTkzNWY4N2IzYTRmMCIsInRhZyI6IiJ9;Aktif;;"[Kegiatan Usaha: Restoran Sate, Kategori: I, KBLI: -]; [Kegiatan Usaha: , Kategori: I, KBLI: ]";;;31/12/2025;;Tambahan Daerah s.d 31 Desember 2025;-6,175719;106,809685;valid;;;FALSE;FALSE;TRUE;;;invalid;;;;;4
17700598;PAN ASIA WATER SOLUTIONS;Jl. KH Hasyim Ashari 116 Cideng Gambir Jakarta Pusat DKI Jakarta, RT.7/RW.5, Cideng, Kecamatan Gambir, Kota Jakarta Pusat, Daerah Khusus Ibukota Jakarta 10140;3173080001;31;73;80;1;DKI JAKARTA;JAKARTA PUSAT;GAMBIR;CIDENG;eyJpdiI6IkN0a0FIS1laOG5LbytuZWI4K0ZDSFE9PSIsInZhbHVlIjoiTk1ERTFWcVJzOEZkU2l6OTJuWWlZdz09IiwibWFjIjoiZmY0NzdjMjhmOWU5ZmNlYWE5YTQ2M2NhMGM1MmUwNDE5ZWM5ZTg2ZTEwOGFjMTE0NWMzMjkyMzVhYWEzNWFlNiIsInRhZyI6IiJ9;Aktif;;"[Kegiatan Usaha: Pabrik Pengolahan Air, Kategori: E, KBLI: -]; [Kegiatan Usaha: , Kategori: E, KBLI:...";;;31/12/2025;;Tambahan Daerah s.d 31 Desember 2025;-6,167473;106,805107;valid;;;FALSE;FALSE;TRUE;;;invalid;;;;;4
17716108;SD DARUSSALAM;Jl. Batanghari 42 A Cideng Kec. Gambir Kota Jakarta Pusat D.K.I. Jakarta;3173080001;31;73;80;1;DKI JAKARTA;JAKARTA PUSAT;GAMBIR;CIDENG;eyJpdiI6InlsUDRRUW1idmFYWDFXOXFCTmhrNUE9PSIsInZhbHVlIjoiU0J3ay9XV25mL3RETzhwdi9qUjA2QT09IiwibWFjIjoiMGJkZjg1MWVjMzQyOTY1YTk0NWMzMmU2ZDhkN2NlZmVmMjE4ZjliMGZiNzY4YTY0YzNmZDkzOGMxZTQwZjhiNSIsInRhZyI6IiJ9;Aktif;;[Kegiatan Usaha: Pendidikan, Kategori: -, KBLI: -];;;20/10/2025;;Tambahan Daerah s.d 31 Desember 2025;-6,175231;106,808408;valid;;;FALSE;FALSE;TRUE;;;invalid;;;;;4
17716111;SDN Cideng 02 Pg.;Jl. Lematang No. 2 Cideng Kec. Gambir Kota Jakarta Pusat D.K.I. Jakarta;3173080001;31;73;80;1;DKI JAKARTA;JAKARTA PUSAT;GAMBIR;CIDENG;eyJpdiI6InJtVjRVak1iQzZkaXdoN0tEVHRiUFE9PSIsInZhbHVlIjoia1MwMzRuRUlOMGNtS21JNFhhbmk3QT09IiwibWFjIjoiOTYwMzI3MWVlMDRkNDEwZjViMDFkMDQwM2JiNDY2YzBjOTc1M2QzYzAxZTYyZmFkNWI3YTVlNWU5NzlkODM4NyIsInRhZyI6IiJ9;Aktif;;[Kegiatan Usaha: Pendidikan, Kategori: -, KBLI: -];;;20/10/2025;;Tambahan Daerah s.d 31 Desember 2025;-6,172351;106,809818;valid;;;FALSE;FALSE;TRUE;;;invalid;;;;;4
17716123;SPS PAUD ASTER VI;Jl. Taman Kota Baru Rt. 011 RW. 06 Cideng Kec. Gambir Kota Jakarta Pusat D.K.I. Jakarta;3173080001;31;73;80;1;DKI JAKARTA;JAKARTA PUSAT;GAMBIR;CIDENG;eyJpdiI6IkZXUHZQTjIxZnoxQkNxQ1RsanNubEE9PSIsInZhbHVlIjoiMkVnZ0RuNHZQQiswS1RPSFAzRk5MZz09IiwibWFjIjoiYzNlNzhkNjdlOGNjZmI4ZmY2YjAzMTY2OWI1NDAzZDRkYThiOTc4Zjc5MjU1NzJiM2UyNjBmYjYwOGNhNjBjNCIsInRhZyI6IiJ9;Aktif;;[Kegiatan Usaha: Pendidikan, Kategori: -, KBLI: -];;;20/10/2025;;Tambahan Daerah s.d 31 Desember 2025;-6,169703;106,805264;valid;;;FALSE;FALSE;TRUE;;;invalid;;;;;4
17716127;TK DARUSSALAM;Jl. Batang Hari No.42 A Cideng Kec. Gambir Kota Jakarta Pusat D.K.I. Jakarta;3173080001;31;73;80;1;DKI JAKARTA;JAKARTA PUSAT;GAMBIR;CIDENG;eyJpdiI6ImVQQis5MUc4bTN1NUxUbjdwV0c3ZFE9PSIsInZhbHVlIjoibmIrM05OTVNPaCtFNXFmOGY1cnpIUT09IiwibWFjIjoiNTEyZWY3ZmJiNDM3NWJkMmI5Y2EyYzNiZmVjMzM2OTMzNTFiOGQ2MzJlMzhiMjk4ODJkOWMyNzEyZGZiNjA5OCIsInRhZyI6IiJ9;Aktif;;[Kegiatan Usaha: Pendidikan, Kategori: -, KBLI: -];;;20/10/2025;;Tambahan Daerah s.d 31 Desember 2025;-6,175231;106,808408;valid;;;FALSE;FALSE;TRUE;;;invalid;;;;;4
17716137;SDN Cideng 04;Jl. Cilamaya No. 1 Cideng Kec. Gambir Kota Jakarta Pusat D.K.I. Jakarta;3173080001;31;73;80;1;DKI JAKARTA;JAKARTA PUSAT;GAMBIR;CIDENG;eyJpdiI6InNWcnpPNXl6RlpDSlZmS1BKNWtVcVE9PSIsInZhbHVlIjoiN09ETUtGTEN5enoyTXVoS1hnZUxoQT09IiwibWFjIjoiMWIyMjU0NjUxN2MyZjVmMDM5MzliYmM4OWE1NjNkZGUwYTM0MzIzMGE1OGY4MTllMTRmZjBlOWRlYWJmOGNjNCIsInRhZyI6IiJ9;Aktif;;[Kegiatan Usaha: Pendidikan, Kategori: -, KBLI: -];;;20/10/2025;;Tambahan Daerah s.d 31 Desember 2025;-6,177177;106,809998;valid;;;FALSE;FALSE;TRUE;;;invalid;;;;;4
17716138;SDN CIDENG 07;Jl.Sangihe No.26 CIDENG Kec. Gambir Kota Jakarta Pusat D.K.I. Jakarta;3173080001;31;73;80;1;DKI JAKARTA;JAKARTA PUSAT;GAMBIR;CIDENG;eyJpdiI6IjV3QlpvV1NPdDZWRWtJOXUwZWppV1E9PSIsInZhbHVlIjoiTHA3Zk1OQjBHZkhpbDdBK1l6ejBSUT09IiwibWFjIjoiNmU5YzExOTRhZjJhNDI0MWE5YTBjNDVkYTMwMzkxNWJkZDJkNzdhM2Q2MmU4NWM4ZjJjNTk5NjQxZWRhZmE0MyIsInRhZyI6IiJ9;Aktif;;[Kegiatan Usaha: Pendidikan, Kategori: -, KBLI: -];;;20/10/2025;;Tambahan Daerah s.d 31 Desember 2025;-6,170651;106,810381;valid;;;FALSE;FALSE;TRUE;;;invalid;;;;;4
17716139;SDN Cideng 09;Jl. Cilamaya No.1 Cideng Kec. Gambir Kota Jakarta Pusat D.K.I. Jakarta;3173080001;31;73;80;1;DKI JAKARTA;JAKARTA PUSAT;GAMBIR;CIDENG;eyJpdiI6InU3KzVxaGhwUE93Nm1RRTVKWjVkU1E9PSIsInZhbHVlIjoiVTRhYnNlNHl6UGdyRGlraWMwOGMvdz09IiwibWFjIjoiMWNlMjIzOTBhYmM0OWM0NWQ3NmUxNTNlOTM1OTkwMGI2Y2VhNzNjMWUzNjBkYmM0ZTRiZjc0OTMzMjU0YjRjZiIsInRhZyI6IiJ9;Aktif;;[Kegiatan Usaha: Pendidikan, Kategori: -, KBLI: -];;;20/10/2025;;Tambahan Daerah s.d 31 Desember 2025;-6,177177;106,809998;valid;;;FALSE;FALSE;TRUE;;;invalid;;;;;4
17716140;SDN Cideng 10;Jl. Cilamaya No. 1 Cideng Kec. Gambir Kota Jakarta Pusat D.K.I. Jakarta;3173080001;31;73;80;1;DKI JAKARTA;JAKARTA PUSAT;GAMBIR;CIDENG;eyJpdiI6IldEQVZvQ3JyaEhZcDVBb08rT1BpSXc9PSIsInZhbHVlIjoiUHFmdmR3d0EyR2IvajFIVG0rNktwUT09IiwibWFjIjoiNWE5OGFjMzI2ZDYxZDViZjA3YTU5YzRkZWE1M2M2YTM4ZTgwMjc1MDFmNzZjNTE2MzFlYjA5YTAwYTY0OWI5ZiIsInRhZyI6IiJ9;Aktif;;[Kegiatan Usaha: Pendidikan, Kategori: -, KBLI: -];;;20/10/2025;;Tambahan Daerah s.d 31 Desember 2025;-6,178207;106,810492;valid;;;FALSE;FALSE;TRUE;;;invalid;;;;;4
17716141;SDN Cideng 13 Pg.;Jl. Cimalaya No. 1 Cideng Kec. Gambir Kota Jakarta Pusat D.K.I. Jakarta;3173080001;31;73;80;1;DKI JAKARTA;JAKARTA PUSAT;GAMBIR;CIDENG;eyJpdiI6IkhMZUd4Y0RjbEg1aEFhVzRPWllOeUE9PSIsInZhbHVlIjoiM3NzM3R4VElsVU0wQzFPdEFsS204QT09IiwibWFjIjoiMmFmNTk3ZWFiNzk2YWRlODJjYWNkZmU2N2VlM2Y5M2I2ODY1YWQwNTk2NmM3ODUxYzc0ZDcyYzQ3OGFjODIxNCIsInRhZyI6IiJ9;Aktif;;[Kegiatan Usaha: Pendidikan, Kategori: -, KBLI: -];;;20/10/2025;;Tambahan Daerah s.d 31 Desember 2025;-6,178207;106,810492;valid;;;FALSE;FALSE;TRUE;;;invalid;;;;;4
17716170;SPS PAUD ASTER V;Jl. Makian No.1 Rt 002 Rw 005 Cideng Kec. Gambir Kota Jakarta Pusat D.K.I. Jakarta;3173080001;31;73;80;1;DKI JAKARTA;JAKARTA PUSAT;GAMBIR;CIDENG;eyJpdiI6IlNyVGtCK2pEQVhrdGNoS0pKcjd4c0E9PSIsInZhbHVlIjoiTWVWT0t2RjNoVFpud0ZPdHdiMzVMdz09IiwibWFjIjoiNDc0YmQ0Zjk5OThmMzBjZjE1MWI3OWNmYzdiMzk1ZmZlMzI1OGMyNTljZjFiZTdkNGE4NDhjZjY5YjI3MTgzYSIsInRhZyI6IiJ9;Aktif;;[Kegiatan Usaha: Pendidikan, Kategori: -, KBLI: -];;;20/10/2025;;Tambahan Daerah s.d 31 Desember 2025;-6,167393;106,807312;valid;;;FALSE;FALSE;TRUE;;;invalid;;;;;4
17716177;TK JAYAKARYA;Jl. Sangihe Dalam Blok B/24 Cideng Kec. Gambir Kota Jakarta Pusat D.K.I. Jakarta;3173080001;31;73;80;1;DKI JAKARTA;JAKARTA PUSAT;GAMBIR;CIDENG;eyJpdiI6InZxUG9KWEtpaVZXcXgrL3h4MXc3VkE9PSIsInZhbHVlIjoia0Q4bXVzNCtuS0lXWnMvNy9SbmJuZz09IiwibWFjIjoiMjhiMWVhYzA5YWEwNjAzNzViZjJmODg0YmI2ZWZmODc5NTUwNjI5ODE5ZmQxZDRjMmM1ZGIyNjBlMDRkNTdhMyIsInRhZyI6IiJ9;Aktif;;[Kegiatan Usaha: Pendidikan, Kategori: -, KBLI: -];;;20/10/2025;;Tambahan Daerah s.d 31 Desember 2025;-6,169815;106,809974;valid;;;FALSE;FALSE;TRUE;;;invalid;;;;;4
17716182;PKBM NEGERI 15 CIDENG;Jl. Cimanuk No.3 B Cideng Kec. Gambir Kota Jakarta Pusat D.K.I. Jakarta;3173080001;31;73;80;1;DKI JAKARTA;JAKARTA PUSAT;GAMBIR;CIDENG;eyJpdiI6InZ5aSsvb0wzN0ZTMVBMbCs1N3ovRGc9PSIsInZhbHVlIjoidmZleGhWb0ZYUkl6T3VTNkU3YmhTZz09IiwibWFjIjoiNGE0MzRhZDIyMzE4Mjk4NWU5YzcxNTQzM2ZkZTljZDkzZjM5YmMwZTI1NDQzMjc4NzQwNGNlOTM3ZDlhYzJjNSIsInRhZyI6IiJ9;Aktif;;[Kegiatan Usaha: Pendidikan, Kategori: -, KBLI: -];;;20/10/2025;;Tambahan Daerah s.d 31 Desember 2025;-6,176546;106,811532;valid;;;FALSE;FALSE;TRUE;;;invalid;;;;;4
17719581;SDN Cideng 13 Pg.;Jl. Cimalaya No. 1;3173080001;31;73;80;1;DKI JAKARTA;JAKARTA PUSAT;GAMBIR;CIDENG;eyJpdiI6Ijl5UU1GT0FjcEFyeE5GUko3cVFQMHc9PSIsInZhbHVlIjoiWXBXSy9rREhFTWdvWnZmUGNGNWVUdz09IiwibWFjIjoiMWQ5ZWM2YWIzMTdmNzk4N2NjNzA2ZmRmMTMwZmNjYzJmZGU2ZTYwMDgxMDA1YjM2ODg2ZWE2NDM3MzViMzk0ZCIsInRhZyI6IiJ9;Aktif;;[Kegiatan Usaha: Pendidikan, Kategori: -, KBLI: -];;;20/10/2025;;Tambahan Daerah s.d 31 Desember 2025;-6,177667;106,810128;valid;;;FALSE;FALSE;TRUE;;;invalid;;;;;4
17720029;TK JAYAKARYA;Jl. Sangihe Dalam Blok B/24;3173080001;31;73;80;1;DKI JAKARTA;JAKARTA PUSAT;GAMBIR;CIDENG;eyJpdiI6IjI0N2ZVMndyS29mUGV3QnpFcWNmSmc9PSIsInZhbHVlIjoiWkVnaThYcUZkL1NTRU00TWlNaTFGQT09IiwibWFjIjoiMDY5NGUyNWM3OWIyODAzZTJhM2EwODk2MGMwYzBlNTFiZjczMGZiOTliZTkxYzY3Nzg3MWY1YTFjMjkwZDIyNCIsInRhZyI6IiJ9;Aktif;;[Kegiatan Usaha: Pendidikan, Kategori: -, KBLI: -];;;20/10/2025;;Tambahan Daerah s.d 31 Desember 2025;-6,169815;106,809974;valid;;;FALSE;FALSE;TRUE;;;invalid;;;;;4
17720871;SDN CIDENG 07;Jl.Sangihe No.26;3173080001;31;73;80;1;DKI JAKARTA;JAKARTA PUSAT;GAMBIR;CIDENG;eyJpdiI6Imw5S2VhMU0xUEVyWUluRll6T1oxU2c9PSIsInZhbHVlIjoiWGYyYVo5a3lxdGhZc0M1MmV0Wkkwdz09IiwibWFjIjoiYmVhZjQ3OGE2NGM0MTU4ODdmYjk1MWU2NzEzYTFhNzhiMjlmNzNiOTU0N2VlNTZhMzFhZmQyNWYyNmM3ZGM1OCIsInRhZyI6IiJ9;Aktif;;[Kegiatan Usaha: Pendidikan, Kategori: -, KBLI: -];;;20/10/2025;;Tambahan Daerah s.d 31 Desember 2025;-6,170651;106,810381;valid;;;FALSE;FALSE;TRUE;;;invalid;;;;;4
17720887;SDN Cideng 09;Jl. Cilamaya No.1;3173080001;31;73;80;1;DKI JAKARTA;JAKARTA PUSAT;GAMBIR;CIDENG;eyJpdiI6InRiR2JOS1hFZEF4VGVGR01LRG03OXc9PSIsInZhbHVlIjoiODJjZDZyTTA5M3k1QmFHc3R2UkZGdz09IiwibWFjIjoiMTg5ZDJlZjhmZWY3NzI4ZTdhMjZlOWU1NTlmNzk1ZDQxNDA5NmQ4NmIxYTU5ZDllODk1N2M2ODhlZTNlZDNlMSIsInRhZyI6IiJ9;Aktif;;[Kegiatan Usaha: Pendidikan, Kategori: -, KBLI: -];;;20/10/2025;;Tambahan Daerah s.d 31 Desember 2025;-6,177994;106,809841;valid;;;FALSE;FALSE;TRUE;;;invalid;;;;;4
17722017;TK DARUSSALAM;Jl. Batang Hari No.42 A;3173080001;31;73;80;1;DKI JAKARTA;JAKARTA PUSAT;GAMBIR;CIDENG;eyJpdiI6IktFOHpwZW00N0QzM0F1NWVxeXkzOUE9PSIsInZhbHVlIjoibERkaEczMDc5SUIxRnhzS1FzWEVFUT09IiwibWFjIjoiYzg1YmZkZmFiOTAxNDlkMDEzYzFlMTNiOGFjYjZmMmVjMGY1M2I1NDMyNDA4Zjk1MDY0NDk2NmVhNTRjMzQ2NyIsInRhZyI6IiJ9;Aktif;;[Kegiatan Usaha: Pendidikan, Kategori: -, KBLI: -];;;20/10/2025;;Tambahan Daerah s.d 31 Desember 2025;-6,175231;106,808408;valid;;;FALSE;FALSE;TRUE;;;invalid;;;;;4
17722427;KB Negeri 15 Cideng;Jl. Cimanuk No. 3B RT. 016 RW. 001;3173080001;31;73;80;1;DKI JAKARTA;JAKARTA PUSAT;GAMBIR;CIDENG;eyJpdiI6IlNad0d3eHJ6UDd3RUE5MjdDNE9yVnc9PSIsInZhbHVlIjoieW5Udk5CdHlJNEFIMGdIQTV2NzRGUT09IiwibWFjIjoiZTUwNzYzZjM3MGRiNTZjYmRjOTI1YTEzOGRmZTNiNTFkZGVkZmEzYWI1OTQwMjYzMDc1ZWY2MGZlNTM0ZDMxMiIsInRhZyI6IiJ9;Aktif;;[Kegiatan Usaha: Pendidikan, Kategori: -, KBLI: -];;;20/10/2025;;Tambahan Daerah s.d 31 Desember 2025;-6,176546;106,811532;valid;;;FALSE;FALSE;TRUE;;;invalid;;;;;4
17723398;PAUD ASTER 9;Jl. Cideng Barat No. 93 Rt. 002 Rw. 09;3173080001;31;73;80;1;DKI JAKARTA;JAKARTA PUSAT;GAMBIR;CIDENG;eyJpdiI6ImQ5QUJJMk94MnhocUhXTEtXUDFjV1E9PSIsInZhbHVlIjoia2RRT1RIdXczMWtvdnJ0RjIzeUZ3dz09IiwibWFjIjoiYmIxNDViODNlZmFlNmU2ZWFhMmNlN2Y5NzdkZDA4ZjI1ZTdmNjIwYWI0ZTNkN2RlMzA3NjBmNGUyNjk4MmU2MSIsInRhZyI6IiJ9;Aktif;;[Kegiatan Usaha: Pendidikan, Kategori: -, KBLI: -];;;20/10/2025;;Tambahan Daerah s.d 31 Desember 2025;-6,179442;106,812249;valid;;;FALSE;FALSE;TRUE;;;invalid;;;;;4
17724106;SPS PAUD ASTER V;Jl. Makian No.1 Rt 002 Rw 005;3173080001;31;73;80;1;DKI JAKARTA;JAKARTA PUSAT;GAMBIR;CIDENG;eyJpdiI6InNvclJOcktxQmFvUWlZN0QrdDVkS2c9PSIsInZhbHVlIjoiQm93MWdpd1c3SXVHcUVybnNRL0hhUT09IiwibWFjIjoiZmE4N2NiMDExNjlhZTA4YzBkYWJiMjRhYWU1NTk1MDQ3NmVjNTZjNzRiM2M2YzlmYWEwOTZlNWIzMzQxNTE4ZiIsInRhZyI6IiJ9;Aktif;;[Kegiatan Usaha: Pendidikan, Kategori: -, KBLI: -];;;20/10/2025;;Tambahan Daerah s.d 31 Desember 2025;-6,167393;106,807312;valid;;;FALSE;FALSE;TRUE;;;invalid;;;;;4
17724580;SANGGAR KEGIATAN BELAJAR 23;Jl. Sangihe No. 26;3173080001;31;73;80;1;DKI JAKARTA;JAKARTA PUSAT;GAMBIR;CIDENG;eyJpdiI6ImtndXBxai9zOU9ocjB0MGtlRnZvOEE9PSIsInZhbHVlIjoicHNJMUJRdW1oZkJQSzg4cURQSm55dz09IiwibWFjIjoiNTYxNWI5MWY4Mjc5YTY2OWI0NGU0NzIzZTdiYzFiODY3NjY3NzA5MzQ1MzNiOWRiMDc0N2NmNDc4OWY4NmU0ZCIsInRhZyI6IiJ9;Aktif;;[Kegiatan Usaha: Pendidikan, Kategori: -, KBLI: -];;;20/10/2025;;Tambahan Daerah s.d 31 Desember 2025;-6,170651;106,810381;valid;;;FALSE;FALSE;TRUE;;;invalid;;;;;4
17724697;SDN Cideng 02 Pg.;Jl. Lematang No. 2;3173080001;31;73;80;1;DKI JAKARTA;JAKARTA PUSAT;GAMBIR;CIDENG;eyJpdiI6InNSb2g5dktGd2hLVnRNL1ZCQlRwSXc9PSIsInZhbHVlIjoiUmxJMzFNdTkvRHRYQUFVNVJJcjdOUT09IiwibWFjIjoiNzZiNTliODk0ZGM0MDM4MzIxYjYzYTVlOTU5ZTc0Mzc2ZjlhNjFiOTljZDM5ZjVmMWEzZDcxMmU4ZjI4M2UzYiIsInRhZyI6IiJ9;Aktif;;[Kegiatan Usaha: Pendidikan, Kategori: -, KBLI: -];;;20/10/2025;;Tambahan Daerah s.d 31 Desember 2025;-6,172351;106,809818;valid;;;FALSE;FALSE;TRUE;;;invalid;;;;;4
17725855;RA AL-USWAH;Jl. Petojo Viy No. 17 Rt. 010 Rw. 06;3173080001;31;73;80;1;DKI JAKARTA;JAKARTA PUSAT;GAMBIR;CIDENG;eyJpdiI6IlBJNnZFVnBxRUtrOXhMem1NSUZFU0E9PSIsInZhbHVlIjoiVzFXYmFxVVNjRjZic1BpUEJCakxUUT09IiwibWFjIjoiMDU1MGIwMzUzMzYwZTYyNjYyNzZkZjM5ODZmYTJlMzQ4OTlhYzkyMGIzY2Q0MTU4OTAwZjhiNWQ1NzMxMWNmNSIsInRhZyI6IiJ9;Aktif;;[Kegiatan Usaha: Pendidikan, Kategori: -, KBLI: -];;;20/10/2025;;Tambahan Daerah s.d 31 Desember 2025;-6,172431;106,807993;valid;;;FALSE;FALSE;TRUE;;;invalid;;;;;4
17727577;PT SINAR MUTIARA CAKRABUANA;JL. CIDENG BARAT NO. 47, JAKARTA PUSAT;3173080001;31;73;80;1;DKI JAKARTA;JAKARTA PUSAT;GAMBIR;CIDENG;eyJpdiI6ImhvMThjcnJTVC9IOUtoZG1BcnpldlE9PSIsInZhbHVlIjoiKzJsM2pMbFExbzJFL04zR01QTmpFZz09IiwibWFjIjoiYWVhNGJjMDliNTFjYTc3ZGE4YTg5YjYxNzU4ODVlZjEyOTk1NTJiNTkxODZiMzJmMGM5M2IwOTI0ZTU2ODhmOCIsInRhZyI6IiJ9;Aktif;;;;;20/10/2025;;Tambahan Daerah s.d 31 Desember 2025;-6,170125;106,810558;valid;;;FALSE;FALSE;TRUE;;;invalid;;;;;4
17729402;SPS PAUD ASTER VI;Jl. Taman Kota Baru Rt. 011 RW. 06;3173080001;31;73;80;1;DKI JAKARTA;JAKARTA PUSAT;GAMBIR;CIDENG;eyJpdiI6InArSkdnT2ROUU43ajBSaUNhbUpmT3c9PSIsInZhbHVlIjoiaWxhOFVYajBpbHh6RG5DY2d1OGV0UT09IiwibWFjIjoiNmVhNDNiMWRjMmUwMjkyMjBjYTI5NmE1YmVkNWQxNTIzNThkNzAwOTQyYmU3MzAxYjk2OWM2ODRmNjZiMjY1ZiIsInRhZyI6IiJ9;Aktif;;[Kegiatan Usaha: Pendidikan, Kategori: -, KBLI: -];;;20/10/2025;;Tambahan Daerah s.d 31 Desember 2025;-6,1697033;106,8052642;valid;;;FALSE;FALSE;TRUE;;;invalid;;;;;4
17729403;SDN Cideng 10;Jl. Cilamaya No. 1;3173080001;31;73;80;1;DKI JAKARTA;JAKARTA PUSAT;GAMBIR;CIDENG;eyJpdiI6Imt3V2Y3RmtvMmgvc085d2d5dU00YVE9PSIsInZhbHVlIjoibGdqM1NMMDZuclpBUFltTkg0VUV6QT09IiwibWFjIjoiNWY4OGZkMzZmNGQ3NzU4MGVjY2E3YzliNmEyYWU1MTcyOGIzMzEwMDJlYWM2Y2VhNWM2YTUzOGZmMGVhZmYwOSIsInRhZyI6IiJ9;Aktif;;[Kegiatan Usaha: Pendidikan, Kategori: -, KBLI: -];;;20/10/2025;;Tambahan Daerah s.d 31 Desember 2025;-6,1782074;106,8104917;valid;;;FALSE;FALSE;TRUE;;;invalid;;;;;4
17729408;SD DARUSSALAM;Jl. Batanghari 42 A;3173080001;31;73;80;1;DKI JAKARTA;JAKARTA PUSAT;GAMBIR;CIDENG;eyJpdiI6IlRTMG1PWlA0RzQ4SnlaV3FXZndhS0E9PSIsInZhbHVlIjoiQTlMMUs2QjhzVGJWMjNjckp0S3RJUT09IiwibWFjIjoiNmE0N2U1ZDk0ZGQ1MTAyZmQyZGY1NzFmZDNkNDAyZmZhYmYzYWM3MjM2ZDQ3NzM2YzJiNTVmZWQwZTk0NTFiOSIsInRhZyI6IiJ9;Aktif;;[Kegiatan Usaha: Pendidikan, Kategori: -, KBLI: -];;;20/10/2025;;Tambahan Daerah s.d 31 Desember 2025;-6,1752308;106,8084078;valid;;;FALSE;FALSE;TRUE;;;invalid;;;;;4
17729418;SDN Cideng 04;Jl. Cilamaya No. 1;3173080001;31;73;80;1;DKI JAKARTA;JAKARTA PUSAT;GAMBIR;CIDENG;eyJpdiI6Im9VanVpUytiUVFhcFo1ZjdWdHVucFE9PSIsInZhbHVlIjoidVlnOWpoc1FjUDdlVFZSNFFmNUxaUT09IiwibWFjIjoiZmYyZjAzNGM3YTE2NDFiMDY2MjlhZTMwMWNlNzIxZDExOTAyMWRiMDU5ZDg4ZmU5ZDJjMWVkMGE3OTllMzhjMCIsInRhZyI6IiJ9;Aktif;;[Kegiatan Usaha: Pendidikan, Kategori: -, KBLI: -];;;20/10/2025;;Tambahan Daerah s.d 31 Desember 2025;-6,1782074;106,8104917;valid;;;FALSE;FALSE;TRUE;;;invalid;;;;;4
17730299;BHINNEKA LIFE INDONESIA, PT;JALAN BIAK NOMOR 66, CIDENG, KOTA ADMINISTRASI JAKARTA PUSAT;3173080001;31;73;80;1;DKI JAKARTA;JAKARTA PUSAT;GAMBIR;CIDENG;eyJpdiI6IjhKS2E1Z2pmYlh2bjdVSjkxYUpTNWc9PSIsInZhbHVlIjoibnJuYy95LzZRMEQ0TVd4ZU5jT1lJUT09IiwibWFjIjoiM2Y2MDk3ZWUzOWI4NDFkNWVmNTlmYWUzN2E0M2MwMDU4ODcwYTA1OTEzMTY1ZmUxMGU1YjEzMDc4ODRmODkwMyIsInRhZyI6IiJ9;Aktif;;[Kegiatan Usaha: Asuransi Jiwa, Kategori: K, KBLI: 65111];;;20/10/2025;;Tambahan Daerah s.d 31 Desember 2025;-6,1664273;106,8083677;valid;;;FALSE;FALSE;TRUE;;;invalid;;;;;4
17792173;XL PRIORITAS;Jl. KH. Hasyim Ashari No.125 8, RW.8, Cideng, Kecamatan Gambir, Kota Jakarta Pusat, Daerah Khusus Ibukota Jakarta 10150;3173080001;31;73;80;1;DKI JAKARTA;JAKARTA PUSAT;GAMBIR;CIDENG;eyJpdiI6Ii9WQjVyRWIvRzVHUTErb2ZaYWlBQmc9PSIsInZhbHVlIjoiL3R6VjlWRUEyMVZOWGF6dm00SHo0Zz09IiwibWFjIjoiMGI0NTdkOTJhMDE4MmFjMjg4MGQ1ZGNkOGU3YzNiY2VhZGQwYjA1NDZjMTQyODdiNjNkYmQzZTlkYTE2MTM5MiIsInRhZyI6IiJ9;Aktif;;"[Kegiatan Usaha: Agen Penyewaan Ruang Ritel, Kategori: N, KBLI: -]; [Kegiatan Usaha: , Kategori: N, ...";;;31/12/2025;;Tambahan Daerah s.d 31 Desember 2025;-6,16675806;106,8030014;valid;;;FALSE;FALSE;TRUE;;;invalid;;;;;4
17792188;SMART CELL ITC ROXY MAS;ITC ROXY MAS, Jl. Kh Hasyim Ashari No.98B Lt.Dasar, RT.12/RW.8, Cideng, Kecamatan Gambir, Kota Jakarta Pusat, Daerah Khusus Ibukota Jakarta 10150;3173080001;31;73;80;1;DKI JAKARTA;JAKARTA PUSAT;GAMBIR;CIDENG;eyJpdiI6IlcvQTZkT1dHdWxmS211VHgrSUdGMkE9PSIsInZhbHVlIjoiWU5vMXE5RmpOL1BPeW5iQXZRbGFUQT09IiwibWFjIjoiNDcwM2VlY2RjNThlZmM1MmE2ZWM2MDJhNWIzNTMzOWRmOWMxZGYzMjRjZWRiYjU4ZTU2ZDgzZWRiMGFlNjk3NSIsInRhZyI6IiJ9;Aktif;;"[Kegiatan Usaha: Pengembangan Perdagangan, Kategori: G, KBLI: -]; [Kegiatan Usaha: , Kategori: G, KB...";;;31/12/2025;;Tambahan Daerah s.d 31 Desember 2025;-6,1669146;106,8034375;valid;;;FALSE;FALSE;TRUE;;;invalid;;;;;4
17792189;SEVEN STAR;Jl. KH. Hasyim Ashari No.125, RT.3/RW.8, Cideng, Kecamatan Gambir, Kota Jakarta Pusat, Daerah Khusus Ibukota Jakarta 10150;3173080001;31;73;80;1;DKI JAKARTA;JAKARTA PUSAT;GAMBIR;CIDENG;eyJpdiI6IkVadGc3eVZicDVkWGtWb3dnSXYwSVE9PSIsInZhbHVlIjoiRHZ3Zmo4TTludlZiYjNzb2FEMzFIZz09IiwibWFjIjoiMzY2ZDJlMmMxYWM1NGZlOTVkYjFjYzE0OTU0Y2I1NDgyY2FhZWRjZmVlNjZhMmM4MGQxMTBkMWFkYWYwMTU0YiIsInRhZyI6IiJ9;Aktif;;"[Kegiatan Usaha: Perdagangan Pakaian, Kategori: G, KBLI: -]; [Kegiatan Usaha: , Kategori: G, KBLI: ]";;;31/12/2025;;Tambahan Daerah s.d 31 Desember 2025;-6,166752815;106,8028412;valid;;;FALSE;FALSE;TRUE;;;invalid;;;;;4
17810313;29 CELL;Jl. Kh Hasyim Ashari No.86, RW.8, Cideng, Gambir, Central Jakarta City, Jakarta 10150;3173080001;31;73;80;1;DKI JAKARTA;JAKARTA PUSAT;GAMBIR;CIDENG;eyJpdiI6IlpiYlhLUU4xY2NRNDNCeXdYRGJXL1E9PSIsInZhbHVlIjoiNEFLS3djRXkxT1hNa1JhajY3L2VOUT09IiwibWFjIjoiMjZlMDI2ZTBlOTU1ZGExOTE3MmZkMWIwMWY5ZjUxMjZlMjY2MTdlNzc0NWU5ZmI5ODJkNmJlYTEyNzgwNzgxNiIsInRhZyI6IiJ9;Aktif;;"[Kegiatan Usaha: Perdagangan Ponsel, Kategori: G, KBLI: -]; [Kegiatan Usaha: , Kategori: G, KBLI: ]";;;31/12/2025;;Tambahan Daerah s.d 31 Desember 2025;-6,166379929;106,8026733;valid;;;FALSE;FALSE;TRUE;;;invalid;;;;;4
17811577;99 PARTS;Jl. KH. Hasyim Ashari No.73 75, RT.3/RW.5, Cideng, Gambir, Central Jakarta City, Jakarta 10150;3173080001;31;73;80;1;DKI JAKARTA;JAKARTA PUSAT;GAMBIR;CIDENG;eyJpdiI6ImY2aVkvd2FZdHVtUVBYVjl5Ymh3Umc9PSIsInZhbHVlIjoiNVIxZHhFYldjYlJkL2RPMkJjWGVndz09IiwibWFjIjoiMWNmZjIxNzA4YzZhMTJiODg0YTdlMzk1YzYzYzljYTM0MmEzZWQ0MTczMDIyYTVkZDk1MjdiYjUxYzNlZTg4ZiIsInRhZyI6IiJ9;Aktif;;;;;31/12/2025;;Tambahan Daerah s.d 31 Desember 2025;-6,166169167;106,8068771;valid;;;FALSE;FALSE;TRUE;;;invalid;;;;;4
17823445;AXA MANDIRI INSURANCE;GEDUNG ITC ROXY MAS BLOK B NO. 1415, JL. KH HASYIM ASHARI, RW.8, CIDENG, KECAMATAN GAMBIR, KOTA JAKARTA PUSAT, DAERAH KHUSUS IBUKOTA JAKARTA 10150;3173080001;31;73;80;1;DKI JAKARTA;JAKARTA PUSAT;GAMBIR;CIDENG;eyJpdiI6ImU1QVJpYjk5amQrVWkzNk9SMWpPTWc9PSIsInZhbHVlIjoiV0RtOGd1MGFJVVFuTUE3dEZQanR0Zz09IiwibWFjIjoiODg0MDlkMzI0MjZiYWRmNWI4N2FjNTIyOTRiY2RjZTI1NDJlNTE2ODc3ZDgzZGRlNWI1NmE2MjE5YjY5Y2Y5NSIsInRhZyI6IiJ9;Aktif;;"[Kegiatan Usaha: Agen Asuransi, Kategori: K, KBLI: -]; [Kegiatan Usaha: , Kategori: K, KBLI: ]";;;31/12/2025;;Tambahan Daerah s.d 31 Desember 2025;-6,1669146;106,8034375;valid;;;FALSE;FALSE;TRUE;;;invalid;;;;;4
17840412;CAHAYA CELL;roxy, Jl. Supiori No.8A 1, RT.1/RW.5, Cideng, Kecamatan Gambir, Kota Jakarta Pusat, Daerah Khusus Ibukota Jakarta 10150;3173080001;31;73;80;1;DKI JAKARTA;JAKARTA PUSAT;GAMBIR;CIDENG;eyJpdiI6IlBIalVVZlh2VUFMdUpzcVg1MTlyZlE9PSIsInZhbHVlIjoiYUZEKzQzNGRuOWJQbzhYZW4zbTZKZz09IiwibWFjIjoiZjk1ZmRjZjhhMmMxMzk1OTFjOGIyMWJhZWQxYzViNTZhNTk3MTI4ZDFkYjNiMmEzMzI4NTg2MjJiMDM1ODYzZSIsInRhZyI6IiJ9;Aktif;;"[Kegiatan Usaha: Penyedia Layanan Telekomunikasi, Kategori: J, KBLI: -]; [Kegiatan Usaha: , Kategori...";;;31/12/2025;;Tambahan Daerah s.d 31 Desember 2025;-6,166409969;106,8074875;valid;;;FALSE;FALSE;TRUE;;;invalid;;;;;4
17843085;CHELLO CELLULAR;JL. KH HASYIM ASHARI NO.136A, RW.8, CIDENG, KECAMATAN GAMBIR, KOTA JAKARTA PUSAT, DAERAH KHUSUS IBUKOTA JAKARTA 10150;3173080001;31;73;80;1;DKI JAKARTA;JAKARTA PUSAT;GAMBIR;CIDENG;eyJpdiI6IkNqRys5cWcxeHIydE9LWmZYbXBGWkE9PSIsInZhbHVlIjoiSjcySk9RdWpCM0tzWXhZU1pvY090Zz09IiwibWFjIjoiZjEzYzdmYTU5Y2FlN2EyOGU5MGU2Y2YxZWFiODhjYmI3ZTkwYzE3YTM1NGE0NTE0ZDFmZTM4YjJmMjFjMmZlMSIsInRhZyI6IiJ9;Aktif;;"[Kegiatan Usaha: Perdagangan Elektronik, Kategori: G, KBLI: -]; [Kegiatan Usaha: , Kategori: G, KBLI...";;;31/12/2025;;Tambahan Daerah s.d 31 Desember 2025;-6,166861057;106,802803;valid;;;FALSE;FALSE;TRUE;;;invalid;;;;;4
17846455;CRANIUM ROYAL ADITAMA;Cranium Tower, Jl. Musi No.31, RT.13/RW.2, Cideng, Gambir, Central Jakarta City, Jakarta 10150;3173080001;31;73;80;1;DKI JAKARTA;JAKARTA PUSAT;GAMBIR;CIDENG;eyJpdiI6ImwrUU05MGQ2a21hdGo0M1ZJUzVSZ3c9PSIsInZhbHVlIjoiRkdSN0lqSHJwSnJBbjZqWHU2ekRLdz09IiwibWFjIjoiZTBjMGE1ZmQzZTYxNDdiMmVhMWZjOTc4Mzk0OTA5MGMxYWMzOGYxNDE1YTMyMzljNzcxYTI3ZjBmYzUzZGMwYiIsInRhZyI6IiJ9;Aktif;;;;;31/12/2025;;Tambahan Daerah s.d 31 Desember 2025;-6,173615932;106,8090134;valid;;;FALSE;FALSE;TRUE;;;invalid;;;;;4
17848584;DQUEEN FLORIST;Jl. Cideng Barat No.29, RT.14/RW.2, Cideng, Gambir, Central Jakarta City, Jakarta 10150;3173080001;31;73;80;1;DKI JAKARTA;JAKARTA PUSAT;GAMBIR;CIDENG;eyJpdiI6IlBSN21RdVd5MDFGdkk4NUZNaFVHbGc9PSIsInZhbHVlIjoiSVROV1BRVEh1ZGZyaXBJT0xQVm1Qdz09IiwibWFjIjoiOGYyMTA4MjI5NmIwOWQ1ZWMwMGY1NDY1YTMxMTMzZmYyMjFkZDQyNDcyMmE4ODZlZTg3OGJhY2UxNjZiNzhhYiIsInRhZyI6IiJ9;Aktif;;"[Kegiatan Usaha: Perdagangan Bunga, Kategori: S, KBLI: -]; [Kegiatan Usaha: , Kategori: S, KBLI: ]";;;31/12/2025;;Tambahan Daerah s.d 31 Desember 2025;-6,173727989;106,8113327;valid;;;FALSE;FALSE;TRUE;;;invalid;;;;;4
17851032;DCOM CELLULAR;Jl. KH. Hasyim Ashari, RW.8, Cideng, Gambir, Central Jakarta City, Jakarta 10150;3173080001;31;73;80;1;DKI JAKARTA;JAKARTA PUSAT;GAMBIR;CIDENG;eyJpdiI6IkNFZmdzZ0JqSlJCV2s3MU9UUWI1dnc9PSIsInZhbHVlIjoiWTNBZVl1RC8yeld0ZFVqNVJSN0ZFdz09IiwibWFjIjoiY2Y3M2Y3NmQwMGU3NjdmYTdmZDJjNzU4MjQ5YThhNjUxNDNjZjVlZjQ3YTg1MjMxNTU0ZDA2OGU3ZmE2NTI2MiIsInRhZyI6IiJ9;Aktif;;"[Kegiatan Usaha: Perdagangan Ponsel, Kategori: G, KBLI: -]; [Kegiatan Usaha: , Kategori: G, KBLI: ]";;;31/12/2025;;Tambahan Daerah s.d 31 Desember 2025;-6,166088104;106,8031616;valid;;;FALSE;FALSE;TRUE;;;invalid;;;;;4
17856232;DSN CELLULAR;Jl. Kh Hasyim Ashari No.8, RW.8, Cideng, Kecamatan Gambir, Kota Jakarta Pusat, Daerah Khusus Ibukota Jakarta 10150;3173080001;31;73;80;1;DKI JAKARTA;JAKARTA PUSAT;GAMBIR;CIDENG;eyJpdiI6IjgzVWJ2NWJMN2liYlY1WkJPVitqK1E9PSIsInZhbHVlIjoiN3A0c3A3Q1MxdHExT0NPMnR5aVJDUT09IiwibWFjIjoiYTg5NjYwZjJhNjRkOTJhOWJhYTMxNzJmZmY1ZWQ4ODU2YTExMjQ4MTE0M2Q3NTA4YzM5Y2Q2OWYzNDU1Y2FmNSIsInRhZyI6IiJ9;Aktif;;"[Kegiatan Usaha: Perdagangan Ponsel, Kategori: G, KBLI: -]; [Kegiatan Usaha: , Kategori: G, KBLI: ]";;;31/12/2025;;Tambahan Daerah s.d 31 Desember 2025;-6,166837215;106,8033905;valid;;;FALSE;FALSE;TRUE;;;invalid;;;;;4
17876180;TAM SERVICE CENTRE;Komp. Ruko Roxy Mas, Jl. Kh Hasyim Ashari No.7 Blok C4 No.6, RW.8, Cideng, Gambir, Central Jakarta City, Jakarta 10150;3173080001;31;73;80;1;DKI JAKARTA;JAKARTA PUSAT;GAMBIR;CIDENG;eyJpdiI6IjJMVEJ1RWtWcFlvUmdqSTJIZVJYVkE9PSIsInZhbHVlIjoiNVNNc3piYzBOdWZVWnBJWEFQTUg3QT09IiwibWFjIjoiOTM4MzE5ODFlNTE0Y2EwNzllOGYzYzQ4MjNmNzQwOTY5YjZmMDlhOWNjN2JhMDc5ZmFjZmY2ODhmNmNhYTViYyIsInRhZyI6IiJ9;Aktif;;"[Kegiatan Usaha: Bengkel Perbaikan Elektronik, Kategori: S, KBLI: -]; [Kegiatan Usaha: , Kategori: S...";;;31/12/2025;;Tambahan Daerah s.d 31 Desember 2025;-6,168362141;106,804657;valid;;;FALSE;FALSE;TRUE;;;invalid;;;;;4
17896328;GEMILANG SPAREPART;ITC ROXY MAS, LANTAI 2B, NO. 6869, JL. TANJUNG SELOR, RW.8, CIDENG, KECAMATAN GAMBIR, KOTA JAKARTA PUSAT, DAERAH KHUSUS IBUKOTA JAKARTA 10150;3173080001;31;73;80;1;DKI JAKARTA;JAKARTA PUSAT;GAMBIR;CIDENG;eyJpdiI6ImhrTlBYRDJWZ0pBenBzbC9jQms2elE9PSIsInZhbHVlIjoiZjZzVC8rUTNoVFRCSTVWSXY3VHFRQT09IiwibWFjIjoiYjNkNWM0NWE4NTQwNGRhNmUwZjY5N2YzZDI1NDNjZmQzNzQ3YWUwNDkwYmExNDNlOWVlZjlhMzJkMTQ3MGZkMiIsInRhZyI6IiJ9;Aktif;;"[Kegiatan Usaha: Perdagangan Suku Cadang Mobil, Kategori: G, KBLI: -]; [Kegiatan Usaha: , Kategori: ...";;;31/12/2025;;Tambahan Daerah s.d 31 Desember 2025;-6,1669146;106,8034375;valid;;;FALSE;FALSE;TRUE;;;invalid;;;;;4
17897215;HP SERVICE CENTER;Jl. KH. Hasyim Ashari, RW.8, Cideng, Gambir, Central Jakarta City, Jakarta 10150;3173080001;31;73;80;1;DKI JAKARTA;JAKARTA PUSAT;GAMBIR;CIDENG;eyJpdiI6IjVQNUJYdjA4RFUzK2hQczhySHRwckE9PSIsInZhbHVlIjoiWUpSWE9OR2w0YjJ4THlkTWxENHlDZz09IiwibWFjIjoiNDFlNzdhNGJkYmJiMDE3MGRjYTIxMDdhNzllMWQyYWMxODljMzFlMjdkNWU2NjBhMmMzOTMzYzQ5ZjdlZmEwNiIsInRhZyI6IiJ9;Aktif;;;;;31/12/2025;;Tambahan Daerah s.d 31 Desember 2025;-6,166432858;106,8030014;valid;;;FALSE;FALSE;TRUE;;;invalid;;;;;4
17898665;KB NEGERI 15 CIDENG;JL. CIMANUK NO.6 3A, RT.6/RW.1, CIDENG, KECAMATAN GAMBIR, KOTA JAKARTA PUSAT, DAERAH KHUSUS IBUKOTA JAKARTA 10150;3173080001;31;73;80;1;DKI JAKARTA;JAKARTA PUSAT;GAMBIR;CIDENG;eyJpdiI6ImZ1cEtHM3J0T3BrSW9zSC9jVVNFdGc9PSIsInZhbHVlIjoiSWVBYVBLbmxSeVU4ZzZ3VXRwM3NKdz09IiwibWFjIjoiOTE2NTU4NTkyNDZkMDBmYTE5MDQ0MDdkMGMxYzBiZmQ0MzE0NTM0ZjU2ODc2NDE5Nzg1Y2ZkN2FlNTA3Zjg2MCIsInRhZyI6IiJ9;Aktif;;;;;31/12/2025;;Tambahan Daerah s.d 31 Desember 2025;-6,176850796;106,8114929;valid;;;FALSE;FALSE;TRUE;;;invalid;;;;;4
17899329;KOPI CALF CIDENG;Jl. Biak B Pertokoan No.10, RT.MetroRT.3/RW.6, Cideng, Gambir, Central Jakarta City, Jakarta 11120;3173080001;31;73;80;1;DKI JAKARTA;JAKARTA PUSAT;GAMBIR;CIDENG;eyJpdiI6IldFZWVkVSttYnByVnRDak53azVIcUE9PSIsInZhbHVlIjoiaGVLSUdwMHl4Q3B3cVU2N2k1N1diUT09IiwibWFjIjoiNWQ1Y2IwMzYyMjdlMzYxOTRhZDZkOWM1YWYwNmU3Y2IwNjc5YjMyMjE0ZDJlZDFjMmI0MzYxZjMzYTNlNDFhMCIsInRhZyI6IiJ9;Aktif;;;;;31/12/2025;;Tambahan Daerah s.d 31 Desember 2025;-6,170267105;106,8082809;valid;;;FALSE;FALSE;TRUE;;;invalid;;;;;4
17914010;BNI ITC ROXY MAS;Jl. Komp. DKI Joglo Jl. P No.7, RW.8, Cideng, Kec. Kembangan, Kota Jakarta Barat, Daerah Khusus Ibukota Jakarta 11640;3173080001;31;73;80;1;DKI JAKARTA;JAKARTA PUSAT;GAMBIR;CIDENG;eyJpdiI6Im52UjBrR1daOFpmWm54SmhJTlYyTWc9PSIsInZhbHVlIjoiT3lIYkxVUE5PYitIbHEzV21VcUVTdz09IiwibWFjIjoiNThjMGEyNWVhOWIyZTI0MTBjNzNlNmJkZTU4Yjk2ZGQ3Y2E5NjRiMGQ0ODFhYTYxYjg2ZThjMjZkNTUwYWFjNyIsInRhZyI6IiJ9;Aktif;;;;;31/12/2025;;Tambahan Daerah s.d 31 Desember 2025;-6,166292191;106,802948;valid;;;FALSE;FALSE;TRUE;;;invalid;;;;;4
17917164;FONDACO MITRATAMA;Jl. Lematang 12 A Cideng Gambir Jakarta Pusat DKI Jakarta, RT.1/RW.2, Cideng, Kecamatan Gambir, Kota Jakarta Pusat, Daerah Khusus Ibukota Jakarta 11430;3173080001;31;73;80;1;DKI JAKARTA;JAKARTA PUSAT;GAMBIR;CIDENG;eyJpdiI6IjNhN0xhc3lQcXlmZWovNHM5RnlwR2c9PSIsInZhbHVlIjoiS0U5RWNZQWFxZitwUnFTOTExdXNWUT09IiwibWFjIjoiNmNjYzdhNGJhODM1NTM0ODZkMmIxNGJlZDE3N2U5MmU5ZWNhM2YzODM3MDNmNmRlYTYwNDBmN2MyYzdjZDQ5MiIsInRhZyI6IiJ9;Aktif;;;;;31/12/2025;;Tambahan Daerah s.d 31 Desember 2025;-6,172809124;106,8093719;valid;;;FALSE;FALSE;TRUE;;;invalid;;;;;4
17918903;INDOMARET BIAK T956;Jl. Biak No.52 3, RT.6/RW.6, Cideng, Kecamatan Gambir, Kota Jakarta Pusat, Daerah Khusus Ibukota Jakarta 10150;3173080001;31;73;80;1;DKI JAKARTA;JAKARTA PUSAT;GAMBIR;CIDENG;eyJpdiI6ImgvSWEzZHNIcndlay9GZW5ZY0c3bGc9PSIsInZhbHVlIjoiWXR0VTVQWlJJaTltTTBOck05NkxoZz09IiwibWFjIjoiYjVlNmYyMmFkODVkZjZhODcyZThlMDA0ZDAxOTdjYzIxNjg1NzNiYjIxNjI4ZTE4MTU4MDRiNTUwNzBiMGMyNSIsInRhZyI6IiJ9;Aktif;;"[Kegiatan Usaha: Perdagangan Serba Ada, Kategori: G, KBLI: -]; [Kegiatan Usaha: , Kategori: G, KBLI:...";;;31/12/2025;;Tambahan Daerah s.d 31 Desember 2025;-6,167554855;106,8084641;valid;;;FALSE;FALSE;TRUE;;;invalid;;;;;4
17928201;SANGGAR KEGIATAN BELAJAR SKB 15;Jl. Cimanuk No.6 3A, RT.6/RW.1, Cideng, Gambir, Central Jakarta City, Jakarta 10150;3173080001;31;73;80;1;DKI JAKARTA;JAKARTA PUSAT;GAMBIR;CIDENG;eyJpdiI6InY4V2ovRGZBd3U5dTI0a2FIU0JhTkE9PSIsInZhbHVlIjoiQ3RMb21zR0k0SEQ2anpCSE0veDdyUT09IiwibWFjIjoiNWIwZGNiNzNmMjRjZjE2YTQ4MmZkYTQ2YWFmYTg0ZDc5MzI4YjRjNmFmYmU0MTljY2JjYzVjNTEwMDdhYTJjMCIsInRhZyI6IiJ9;Aktif;;"[Kegiatan Usaha: Sekolah, Kategori: P, KBLI: -]; [Kegiatan Usaha: , Kategori: P, KBLI: ]";;;31/12/2025;;Tambahan Daerah s.d 31 Desember 2025;-6,176918983;106,8115005;valid;;;FALSE;FALSE;TRUE;;;invalid;;;;;4
17929261;SINAR MAS ARLOJI;Jl. Roxy Mas Pertokoan No.41, RW.8, Cideng, Gambir, Central Jakarta City, Jakarta 10150;3173080001;31;73;80;1;DKI JAKARTA;JAKARTA PUSAT;GAMBIR;CIDENG;eyJpdiI6IlhLRjdPaENEa29JOTBoaFZmZk5XeGc9PSIsInZhbHVlIjoiNVN6c2pWRU1CclNXZ3VQVm9ha0JSdz09IiwibWFjIjoiMGVhMGQ0NTU3ZGU3NTlhZmRjYzQyMWVlYTMwYmVlYjlmZTljMjA4ZTE3ZGVjMWQ5ZjJmMDA2YTA3OTg3MDY4NCIsInRhZyI6IiJ9;Aktif;;;;;31/12/2025;;Tambahan Daerah s.d 31 Desember 2025;-6,166500092;106,802948;valid;;;FALSE;FALSE;TRUE;;;invalid;;;;;4
17932114;TOKO SAUDARA;Jl. Biak No.74 5, RT.1/RW.11, Cideng, Kecamatan Gambir, Kota Jakarta Pusat, Daerah Khusus Ibukota Jakarta 10150;3173080001;31;73;80;1;DKI JAKARTA;JAKARTA PUSAT;GAMBIR;CIDENG;eyJpdiI6IlU5UU9ZMCsyT3NobTUrVDBIZld4dVE9PSIsInZhbHVlIjoidEhMTmtnaTRkVkcvTUliaUJSaHRDdz09IiwibWFjIjoiNzJiZjFkNDY1MDg2MTU2OGIxZDBlNTZlNGEyMTk2NTI2Y2U0YWVhMzg3NWQ2ZjA2NGU4NTAwNGZhOTdlNjkzMSIsInRhZyI6IiJ9;Aktif;;"[Kegiatan Usaha: Perdagangan Buku, Kategori: G, KBLI: -]; [Kegiatan Usaha: , Kategori: G, KBLI: ]";;;31/12/2025;;Tambahan Daerah s.d 31 Desember 2025;-6,166089058;106,8082962;valid;;;FALSE;FALSE;TRUE;;;invalid;;;;;4
17936910;DAFKHA LAUNDRY;Jl. Kyai Tapa No.16 2, RT.2/RW.7, Cideng, Kecamatan Gambir, Kota Jakarta Pusat, Daerah Khusus Ibukota Jakarta 10150;3173080001;31;73;80;1;DKI JAKARTA;JAKARTA PUSAT;GAMBIR;CIDENG;eyJpdiI6IkZLOTQ4Q1Q5Q1UxaitJa0tPN0Z6SEE9PSIsInZhbHVlIjoiamFwaFd2Sm5HVndCUktiek9JVlR4UT09IiwibWFjIjoiMTJkNDViN2I2ZGNlZmFhNjdmNjJhYTc4N2I0NDMzNzkzMzA2ZjdiYzJjMTliNjQxYWI0NDAxMjBjMzNhOTMwMyIsInRhZyI6IiJ9;Aktif;;"[Kegiatan Usaha: Binatu Kering (Dry Cleaner), Kategori: S, KBLI: -]; [Kegiatan Usaha: , Kategori: S,...";;;31/12/2025;;Tambahan Daerah s.d 31 Desember 2025;-6,166603088;106,8018646;valid;;;FALSE;FALSE;TRUE;;;invalid;;;;;4
17941316;POLIKLINIK UROLOGI;RT.11/RW.4, Cideng, Kecamatan Gambir, Kota Jakarta Pusat, Daerah Khusus Ibukota Jakarta 10150;3173080001;31;73;80;1;DKI JAKARTA;JAKARTA PUSAT;GAMBIR;CIDENG;eyJpdiI6IkYvMWpRY2I0QkpzUzRjV21mcFg2S2c9PSIsInZhbHVlIjoidC9RRFI0ZDViZ0U4TFloSzE2U1o2dz09IiwibWFjIjoiNTEzYjJiY2YzNmE1ZmRiN2YzZWFmMWJmYzZhNjcxY2Y4ZjJiZTQ2ZjBiNTk0MTU1YWEyNGQ1YWJlMmY4Y2M5NiIsInRhZyI6IiJ9;Aktif;;;;;31/12/2025;;Tambahan Daerah s.d 31 Desember 2025;-6,171617985;106,8102798;valid;;;FALSE;FALSE;TRUE;;;invalid;;;;;4
17961897;ENVIRO TEC;JL. KOTA BARU NO.22-A;3173080001;31;73;80;1;DKI JAKARTA;JAKARTA PUSAT;GAMBIR;CIDENG;eyJpdiI6InZqNWJwa1BaQVhRdDZacFlnUDF2OXc9PSIsInZhbHVlIjoiMVdNYTY0VzdPdFVqQ3RvcEIvWUdUdz09IiwibWFjIjoiZGI2NDA4ZTRkOTk1MTcxY2RlY2JjZjRiYjdlNDE0NGMxZjk3NDkzZTk3YTVmOGYyZDY5NDJhNmViYTBiODFjMiIsInRhZyI6IiJ9;Aktif;;[Kegiatan Usaha: Jasa Arsitek, Kategori: -, KBLI: -];;;23/10/2025;;Tambahan Daerah s.d 31 Desember 2025;-6,1700407;106,8060213;valid;;;FALSE;FALSE;TRUE;;;invalid;;;;;4
17966655;PRAKTIK MANDIRI DOKTER UMUM DR. ROBBY MAKIMIAN, GAMBIR;JL. KYAI CARINGIN NO.2 RT.11 RW.04 KEL. CIDENG KEC. GAMBIR;3173080001;31;73;80;1;DKI JAKARTA;JAKARTA PUSAT;GAMBIR;CIDENG;eyJpdiI6IlN2aDBiSGtqRUFuYXFxeEdoNEdCdWc9PSIsInZhbHVlIjoidXU1bmxiYVV4WTNaT1hBdGZLMFRxdz09IiwibWFjIjoiYTQ3ZGM4NDAwYWNhZGRjN2ZmYzFlN2ZjNTE5NmI5MjRhY2MwNjllZTMzNWEwZWViNzNkNjgwNzBjYWZhNmUzYyIsInRhZyI6IiJ9;Aktif;;[Kegiatan Usaha: PRAKTIK TENAGA KESEHATAN, Kategori: -, KBLI: -];;;23/10/2025;;Tambahan Daerah s.d 31 Desember 2025;-6,1708517;106,8105827;valid;;;FALSE;FALSE;TRUE;;;invalid;;;;;4
17966698;PRAKTIK MANDIRI DOKTER UMUM DR. ADI SOPIANDI GAMBIR;JL. BIAK NO.41 A KEL. CIDENG KEC. GAMBIR JAKARTA PUSAT;3173080001;31;73;80;1;DKI JAKARTA;JAKARTA PUSAT;GAMBIR;CIDENG;eyJpdiI6ImVBQXRXM0JuOVZiV0FyNHdYa01SclE9PSIsInZhbHVlIjoiV1FxYnljQy9qWmJxZEprQnl5NkFWZz09IiwibWFjIjoiNmJmNDFhOTMzNjBmNWNlODFmY2M1ODZmOTI0YWZlY2VhNWZmOGNlNTgyNzQzMDg3NWMxMWNmNTNkZjhkNDc2ZiIsInRhZyI6IiJ9;Aktif;;[Kegiatan Usaha: PRAKTIK TENAGA KESEHATAN, Kategori: -, KBLI: -];;;23/10/2025;;Tambahan Daerah s.d 31 Desember 2025;-6,166364;106,8079319;valid;;;FALSE;FALSE;TRUE;;;invalid;;;;;4
17966700;PRAKTIK MANDIRI DOKTER UMUM DR. LILIK, GAMBIR;JL. BELAWAN NO.10 RT.010 RW.003 KEL. CIDENG KEC. GAMBIR;3173080001;31;73;80;1;DKI JAKARTA;JAKARTA PUSAT;GAMBIR;CIDENG;eyJpdiI6ImZZM0JRUzU3QU5HL2lYRUNLdHV1QlE9PSIsInZhbHVlIjoiU3UydGRaRThEK3l6U1RZc3VZK3Brdz09IiwibWFjIjoiMDJmYTEwM2EwZDEwMjE5NTYwM2Q1ZmY2MDhjMGE1NGRkOGM3YzJjNzdjMDRhMTc0MmYxNTM0MjhlMDdkMDAwZiIsInRhZyI6IiJ9;Aktif;;[Kegiatan Usaha: PRAKTIK TENAGA KESEHATAN, Kategori: -, KBLI: -];;;23/10/2025;;Tambahan Daerah s.d 31 Desember 2025;-6,1753041;106,8077271;valid;;;FALSE;FALSE;TRUE;;;invalid;;;;;4
17966723;PRAKTIK MANDIRI DOKTER GIGI DRG. OLLY VIYANI DHARMAWAN GAMBIR;JL. TIDORE NO 19 KEL CIDENG, KEC GAMBIR;3173080001;31;73;80;1;DKI JAKARTA;JAKARTA PUSAT;GAMBIR;CIDENG;eyJpdiI6IkxYNUN4bFJtT0NXdUtUQWh4MEIzc3c9PSIsInZhbHVlIjoidWtmNVFRZi9ZT01xV0kzL0lMeG1UQT09IiwibWFjIjoiZjJmMDNlNzc2MzAxMGNhNWJmZTllOGEyMzM1ZGYxZWI3YTI1MjExM2M1ZjRiNTA4MDI5YWRhZDZkZGNmYWIyMSIsInRhZyI6IiJ9;Aktif;;[Kegiatan Usaha: PRAKTIK TENAGA KESEHATAN, Kategori: -, KBLI: -];;;23/10/2025;;Tambahan Daerah s.d 31 Desember 2025;-6,1668678;106,8063736;valid;;;FALSE;FALSE;TRUE;;;invalid;;;;;4
17968128;PRAKTIK MANDIRI DOKTER UMUM DR. LIZA SOFYAN, GAMBIR;JL. PETOJO DALAM VIY 2 , KEL CIDENG, KEC GAMBIR;3173080001;31;73;80;1;DKI JAKARTA;JAKARTA PUSAT;GAMBIR;CIDENG;eyJpdiI6IndtTUt2b0w4VG5rR2tLTkFnOFF0YlE9PSIsInZhbHVlIjoiUXdRa25LOW43ZW1xVkpjeGZySTlndz09IiwibWFjIjoiNzVjYWUxYjhmYzBlYmU5NzJjM2QxZTRiNDU1ZjRkYWJjZGIzNWZlYjljYWYyMGZlNWFjYjVmYjM3ZmUwNTJlMSIsInRhZyI6IiJ9;Aktif;;[Kegiatan Usaha: PRAKTIK TENAGA KESEHATAN, Kategori: -, KBLI: -];;;23/10/2025;;Tambahan Daerah s.d 31 Desember 2025;-6,1706579;106,807585;valid;;;FALSE;FALSE;TRUE;;;invalid;;;;;4
18314364;TROY BIJAKSANA;JALAN BIAK NOMOR 62A-62B;3173080001;31;73;80;1;DKI JAKARTA;JAKARTA PUSAT;GAMBIR;CIDENG;eyJpdiI6InVwckdkY0wvZGNidEU4ZFRKelI1eFE9PSIsInZhbHVlIjoiNmJGSDBxME5VTjMzalhwRWtJL3JpUT09IiwibWFjIjoiN2YwM2Y5ZTYwZjcxMjA1MjI4N2RlNTAyMzFjZTFlMmVlNTljYzhmYjRkZWY3NGY4NGRhOTVlN2U2M2Y2MGYyOCIsInRhZyI6IiJ9;Aktif;;"[Kegiatan Usaha: -, Kategori: -, KBLI: 47214]; [Kegiatan Usaha: -, Kategori: -, KBLI: 47752]";;;20/11/2025;;OSS - Badan Usaha;-6,1665137;106,8084586;valid;;;FALSE;FALSE;TRUE;;;invalid;;;;;4
186833;INDOMARCO PRISMATAMA, PT;Jl Biak 50 Cideng, Gambir Jakarta Pusat;3173080001;31;73;80;1;DKI JAKARTA;JAKARTA PUSAT;GAMBIR;CIDENG;eyJpdiI6Ik5VcU9HRHZsWnZLYlYxeit1UG43OEE9PSIsInZhbHVlIjoiL1hHdUhSSWMzdVYxb0VaMzZObldGUT09IiwibWFjIjoiMzMwYWM3MmE4YmRmNjE1ZjI5ZTE4Zjc3NjI1MDExNThmMzY0NWJkNDRjNzUxMDVkOTM4YjllMzEwYzMyN2JjYyIsInRhZyI6IiJ9;Aktif;;[Kegiatan Usaha: -, Kategori: G, KBLI: 47111];;;26/10/2025;UMKM;;-6,1675566;106,8084399;valid;;;FALSE;FALSE;TRUE;;;invalid;;;;;4
2492701;SINAR MUTIARA CAKRABUANA;KOMPLEK PERTOKOAN GEDUNG GLODOK JAYA;3173080001;31;73;80;1;DKI JAKARTA;JAKARTA PUSAT;GAMBIR;CIDENG;eyJpdiI6InBBaFo4bng4ZGlnajFmcE1JN05LZWc9PSIsInZhbHVlIjoiTEdQUEF4NEQvQ0dmVzRacmtlM0pWUT09IiwibWFjIjoiNDg0MjhiNjVlYzcxZmUzYzQ5ZDhiMjljNDdhYjIxNWY1ZDM3NzFhNjdiYzVkYzBhZGU4MGNhMWNhZmJkN2QxZCIsInRhZyI6IiJ9;Aktif;;[Kegiatan Usaha: -, Kategori: G, KBLI: 46599];;;26/10/2025;UB;Dir Pajak;-6,1692143;106,8105352;valid;;;FALSE;FALSE;TRUE;;;invalid;;;;;4
2567692;SERVVO FIRE INDONESIA;KOMPLEK RUKO ROXY MAS, JL KH HASYIM ASHARI NO 125;3173080001;31;73;80;1;DKI JAKARTA;JAKARTA PUSAT;GAMBIR;CIDENG;eyJpdiI6InMzTm16bWFxeDRJTG1pbGNsU1JKVWc9PSIsInZhbHVlIjoibjEyOWs0d1FmTGRPTCtaSVBhU3BVZz09IiwibWFjIjoiOTRhMmM5N2EzZmZkYzhmN2I2ZDAwYTViNjlhZWJiY2UzMTNhZTExOWRiODQ1YTMyZTZhZmNlYzc1MDg5MTdhYSIsInRhZyI6IiJ9;Aktif;;;;;31/12/2025;UMKM;Dir Pajak;-6,168782234;106,8039398;valid;;;FALSE;FALSE;TRUE;;;invalid;;;;;4
2577408;MENTARI TRANS KENCANA;JL.KH.HASYIM ASHARI 125 KOMP.ROXY MAS BLOK.D1/19, CIDENG;3173080001;31;73;80;1;DKI JAKARTA;JAKARTA PUSAT;GAMBIR;CIDENG;eyJpdiI6IklZOThKeW9CYUxLOFoyZHU0by9aZ0E9PSIsInZhbHVlIjoiRzBlTjFiS0lwWnVFRFpGREFhYy81UT09IiwibWFjIjoiYzhmMTE4ZTgxNDAzOGJjZmRiMjQ5MmE5OTUwNzkyNTk1MTU4ZGQ1ODFkNmJjZjQwNDc5NjA5ZTljYjNiMDBiMiIsInRhZyI6IiJ9;Aktif;;[Kegiatan Usaha: -, Kategori: H, KBLI: 52295];;;31/12/2025;UMKM;Dir Pajak;-6,167463779;106,80513;valid;;;FALSE;FALSE;TRUE;;;invalid;;;;;4
25867170;Ahmad Sukardi;Jl. Citarum Atas No.43;3173080001;31;73;80;1;DKI JAKARTA;JAKARTA PUSAT;GAMBIR;CIDENG;eyJpdiI6ImJjOGUwS3l6WWJkenMzckp2WHE1VVE9PSIsInZhbHVlIjoiSTVwTytmN0EyV1J3WVBwdDEyMldkQT09IiwibWFjIjoiOGFkNDQzY2Q3Nzg3MzI0ZjFkOTdiMzkwMmJiNWI1ZTdjMGI2MTU2OTRmY2YxODIwZWQ4OWI3NTg0Mzc1ZTI0ZiIsInRhZyI6IiJ9;Aktif;;[Kegiatan Usaha: -, Kategori: -, KBLI: 43291];;;14/11/2025;;OSS - Perorangan;-6,1801724;106,8103876;valid;;;FALSE;FALSE;TRUE;;;invalid;;;;;4
25872698;Komarudin ;Citarum Atas/46 Rt017/001;3173080001;31;73;80;1;DKI JAKARTA;JAKARTA PUSAT;GAMBIR;CIDENG;eyJpdiI6IjNpNlQ3dGtKYXRta2JGY2xuZVZkQmc9PSIsInZhbHVlIjoiTUJNaW50RWdxczZmWHZMMlNtVVFJZz09IiwibWFjIjoiYzdmZjUxMjUxNTc3Mzg2NzMwYTUwZTg3NjQ0NjhmMmYxNDcyMWNhMmI5YmMyMDk1NmFjOWUyMmU2MGJhZDQxOSIsInRhZyI6IiJ9;Aktif;;[Kegiatan Usaha: -, Kategori: -, KBLI: 96990];;;14/11/2025;;OSS - Perorangan;-6,1792227;106,8100716;valid;;;FALSE;FALSE;TRUE;;;invalid;;;;;4
25892281;ABDUL ARIS;JL CIKANDE NO. 11;3173080001;31;73;80;1;DKI JAKARTA;JAKARTA PUSAT;GAMBIR;CIDENG;eyJpdiI6IlF3Ym9MOUtZWWE2c1cwcDdXa3VISlE9PSIsInZhbHVlIjoiVUFsYXNobVdWMkZIY0NGYUpNUklhUT09IiwibWFjIjoiOTNhNDhmYzcwZGUwMGQ4ZGFiYjIyMTU2MTBiZjA3ZWQ2YjI1MmU5YjAzZWJiMjBmODk5M2Y1NzhiMDcwZDE0NSIsInRhZyI6IiJ9;Aktif;;[Kegiatan Usaha: -, Kategori: -, KBLI: 56103];;;04/12/2025;;OSS - Perorangan;-6,1777214;106,8111662;valid;;;FALSE;FALSE;TRUE;;;invalid;;;;;4
259842;RSU DAERAH TARAKAN;JL. KYAI CARINGIN NO 7;3173080001;31;73;80;1;DKI JAKARTA;JAKARTA PUSAT;GAMBIR;CIDENG;eyJpdiI6ImdjS2gvSktrYm9xZmNFZ3JOaFJscmc9PSIsInZhbHVlIjoiN2lzUlpkM0xsQlIvYitFQUFqcWhadz09IiwibWFjIjoiODNlYzIyNDYyZjEyZDg1YjAzZWJmZjkxOTVhZmFiZjk1ZjFkN2U1ZDEzZDE3NThlNmJlNjVhMmJkYzhjNTkwNyIsInRhZyI6IiJ9;Aktif;;"[Kegiatan Usaha: LAYANAN KESEHATAN PERSEORANGAN (RUMAH SAKIT), Kategori: H, KBLI: 53201]; [Kegiatan ...";;;31/12/2025;UB;;-6,171915;106,8103608;valid;;;FALSE;FALSE;TRUE;;;invalid;;;;;4
26390318;MAEMUNAH;JL.TIDORE DALAM ;3173080001;31;73;80;1;DKI JAKARTA;JAKARTA PUSAT;GAMBIR;CIDENG;eyJpdiI6ImU4cVNaTU16ZHpQUWlJYWpMT3RRUnc9PSIsInZhbHVlIjoiQ3JPN1VZdGlrMHB5OXkxd08wZkhSUT09IiwibWFjIjoiYzJkN2ZmYTY3YjljYmY3OWZjMzJiZTg0YzI5YzYyZDg0ZmRlOTMwOThjMGFjYWE5ZWZkMGNhYzE1MzhiODcyOSIsInRhZyI6IiJ9;Aktif;;[Kegiatan Usaha: -, Kategori: -, KBLI: 56103];;;08/12/2025;;OSS - Perorangan;-6,1666952;106,8071853;valid;;;FALSE;FALSE;TRUE;;;invalid;;;;;4
26615691;NURHAYATI;JL. TANJUNG SELOR ;3173080001;31;73;80;1;DKI JAKARTA;JAKARTA PUSAT;GAMBIR;CIDENG;eyJpdiI6ImxXZnpRQ25EUWZQekJGbThUczA5cFE9PSIsInZhbHVlIjoic3EwUEJiK0p5d2crVkRFRDJQc2phUT09IiwibWFjIjoiZjc1NGRkMzQzZTM2OGM3YTU2ZjM1YTI5NGUzN2ZkNDc2YjAwZTA3NjRjMTg2MGEzYTFiOGEyZGRiMjg5ZjkwYyIsInRhZyI6IiJ9;Aktif;;[Kegiatan Usaha: -, Kategori: -, KBLI: 56103];;;30/12/2025;;OSS - Perorangan;-6,1701579;106,8040702;valid;;;FALSE;FALSE;TRUE;;;invalid;;;;;4
26662736;SARIPAH;JL TANJUNG SELOR;3173080001;31;73;80;1;DKI JAKARTA;JAKARTA PUSAT;GAMBIR;CIDENG;eyJpdiI6InZxTlNvb25DVGMwcUNna0F5TUh2dkE9PSIsInZhbHVlIjoiM1ZPNnRSTXN2bCt3cG9HaFlVQkVqZz09IiwibWFjIjoiYzZlZTYyYjVmNmJhNzJjZTcxOWI4OWI4NjI0NTBmMjc3YWYzNGI3NDk2ZDczZGRkNTM4MDQ1YmQ0MDUyMGYxNSIsInRhZyI6IiJ9;Aktif;;[Kegiatan Usaha: -, Kategori: -, KBLI: 11090];;;17/11/2025;;OSS - Perorangan;-6,1798958;106,8107642;valid;;;FALSE;FALSE;TRUE;;;invalid;;;;;4
2675070;SINARSAHABAT INTI MAKMUR;KOMPLEK PERTOKOAN ROXY MAS BASEMENT JL KH.HASYIM ASHARI;3173080001;31;73;80;1;DKI JAKARTA;JAKARTA PUSAT;GAMBIR;CIDENG;eyJpdiI6IkJ1d1pxSnBYanZQUEZrOGlTUnZqMFE9PSIsInZhbHVlIjoiRm9wQ1h4RDNNTklwWFJ5QXRNWE10dz09IiwibWFjIjoiNGQxMGE5YmI4MWEwMDNjOTQ1M2M0MDZiMDJjNGM3YmUxNWRiZDNjZjUxMjI0ODNkYjY1MDQxYjcyMGMwYTY5YiIsInRhZyI6IiJ9;Aktif;;;;;31/12/2025;UMKM;Dir Pajak;-6,166752815;106,8028412;valid;;;FALSE;FALSE;TRUE;;;invalid;;;;;4
26778133;MUHAMMAD ALI;JL.PETOJO VIY III NO.34 RT009 RW006;3173080001;31;73;80;1;DKI JAKARTA;JAKARTA PUSAT;GAMBIR;CIDENG;eyJpdiI6IlY1VVZqTG1wdVlmN1lacEFreUp3SGc9PSIsInZhbHVlIjoiTEFZY3IzTnV1YVhVVDBwSmxESW40QT09IiwibWFjIjoiNjcyOTRhYTJkZjIzYjJhYzE3YmI1ZTljNTY3ZGJkNzlmMmQzYmRmZTNjZTBjZGQ2YTZiOGUzNjY5MDhlMGFhMCIsInRhZyI6IiJ9;Aktif;;"[Kegiatan Usaha: -, Kategori: -, KBLI: 47192]; [Kegiatan Usaha: -, Kategori: -, KBLI: 96990]";;;17/11/2025;;OSS - Perorangan;-6,1798951;106,810871;valid;;;FALSE;FALSE;TRUE;;;invalid;;;;;4
26952138;Sutarno ;JL.KAYOA DALAM NO 21 F;3173080001;31;73;80;1;DKI JAKARTA;JAKARTA PUSAT;GAMBIR;CIDENG;eyJpdiI6Ii9obWRRVS9aQ2tITmxYdzF2M1lVT1E9PSIsInZhbHVlIjoidG1jYTdURUEzTExadUVBL2lYRVlGQT09IiwibWFjIjoiMGFjNmYzYzcxZTE3MDY1Y2I5NGM3MjkyNGRlYjkwMTczYjQwYTg5Mzc2ZTcwMzVkN2M1YmI1NjY4N2RkMTFhNyIsInRhZyI6IiJ9;Aktif;;[Kegiatan Usaha: -, Kategori: -, KBLI: 96990];;;20/11/2025;;OSS - Perorangan;-6,1678056;106,8057147;valid;;;FALSE;FALSE;TRUE;;;invalid;;;;;4
26969343;NUR ROHAYATI;JL. PETOJO SELATAN VII/ 45 A;3173080001;31;73;80;1;DKI JAKARTA;JAKARTA PUSAT;GAMBIR;CIDENG;eyJpdiI6IjRDV2xGanZUMkZGNCtPRTFJSWhUU0E9PSIsInZhbHVlIjoidDlXWHhKTG95TTBvcEJ0THhuS2Rldz09IiwibWFjIjoiMjkxYjg0Yjg0ZDk1YWRiZTJmYjA3NDQ3MmUyZjk1YTc2NDM3MGFkNzc5Zjk5OGY4NTVlYTg1OTdjNjE0NzdjNiIsInRhZyI6IiJ9;Aktif;;[Kegiatan Usaha: -, Kategori: -, KBLI: 49431];;;17/11/2025;;OSS - Perorangan;-6,168854;106,8086821;valid;;;FALSE;FALSE;TRUE;;;invalid;;;;;4
27013308;ARDIANSYAH;citarum atas no. 49 rt 018/ rw 001;3173080001;31;73;80;1;DKI JAKARTA;JAKARTA PUSAT;GAMBIR;CIDENG;eyJpdiI6IlNBeEVLLzluZTNVaFp3VXJhYXRkN3c9PSIsInZhbHVlIjoiSGEyaFpjcXlxVGl0ZjR1NWgwcVVsZz09IiwibWFjIjoiNjAxZGNkZGM4ZDdiNWFjNzhlYTA1MzAxMjQxYTBiOTZhZDRiYmU3MDZkZDdkYjY2MzAwNWQ5ODlhMjJmZTViYyIsInRhZyI6IiJ9;Aktif;;[Kegiatan Usaha: -, Kategori: -, KBLI: 81100];;;17/11/2025;;OSS - Perorangan;-6,178183959;106,8091391;valid;;;FALSE;FALSE;TRUE;;;invalid;;;;;4
27100354;RUSMAWATI;JL. CIDENG BARATXII;3173080001;31;73;80;1;DKI JAKARTA;JAKARTA PUSAT;GAMBIR;CIDENG;eyJpdiI6IkEyTk4xSVhNcWttalBVU0lzL29QWVE9PSIsInZhbHVlIjoiWVZSTVhiTVRTQmZWUlFDNGJKQW1wdz09IiwibWFjIjoiOGJjMmRjY2ZkMjNhZjNhZTdhMmYwNmE4MWUxMGQ5MDY5Mzk1YTQzYTE5OWQyYjgwOTFjNWQ5MDJmYWNjOTVmZiIsInRhZyI6IiJ9;Aktif;;"[Kegiatan Usaha: -, Kategori: -, KBLI: 10750]; [Kegiatan Usaha: -, Kategori: -, KBLI: 11090]; [Kegia...";;;10/12/2025;;OSS - Perorangan;-6,1810923;106,8121479;valid;;;FALSE;FALSE;TRUE;;;invalid;;;;;4
27106317;YULIH;JL BANJARMASIN NO.2;3173080001;31;73;80;1;DKI JAKARTA;JAKARTA PUSAT;GAMBIR;CIDENG;eyJpdiI6IlRNb0VlQkVCNmRzeUpRTzNQMlRtdmc9PSIsInZhbHVlIjoidmxSOUgzN0Z4M1MyMTgzU0dsL0E2UT09IiwibWFjIjoiYTI0MjBjMzYzYzJiNzJkZjMyNzIzY2U1NDIxM2FkM2ZkZDRmYWNlNmNlM2MxNWMyNTBiYjYxZTQ3ZWY2MzYzNyIsInRhZyI6IiJ9;Aktif;;"[Kegiatan Usaha: -, Kategori: -, KBLI: 45407]; [Kegiatan Usaha: -, Kategori: -, KBLI: 45404]; [Kegia...";;;04/12/2025;;OSS - Perorangan;-6,170688;106,8053233;valid;;;FALSE;FALSE;TRUE;;;invalid;;;;;4
27111127;KUSNANI;JL. CIDENG  BARAT DADAL 12;3173080001;31;73;80;1;DKI JAKARTA;JAKARTA PUSAT;GAMBIR;CIDENG;eyJpdiI6IjJZUnpxRURiYlQyVkdQZUx5WjU0S0E9PSIsInZhbHVlIjoiYnJyTGtZZHRRQjBaeXdOdTJ2VGZpdz09IiwibWFjIjoiYzQ4ODYyMzk5MWViMzZlNThhNTRkNzk2N2ZiYjAxYTI4NDU4NzU2NmQ0MTdhMTg4NDg0NTE1MDI2MzZiNDA4YSIsInRhZyI6IiJ9;Aktif;;[Kegiatan Usaha: -, Kategori: -, KBLI: 47192];;;04/12/2025;;OSS - Perorangan;-6,169365;106,8082328;valid;;;FALSE;FALSE;TRUE;;;invalid;;;;;4
27141888;NURYATI;JL. TANJUNG SELOR NO. 29;3173080001;31;73;80;1;DKI JAKARTA;JAKARTA PUSAT;GAMBIR;CIDENG;eyJpdiI6IjdrSFVkUWNuQmlYcmg0U2VVLzlrSkE9PSIsInZhbHVlIjoiNWwwWUZsaFRxU3kybFJlWWFxa2R6QT09IiwibWFjIjoiYzkwZTA4NjE1MGRkYjFkODVmZmU5NzUyYTgwYzJlZmJlMGM1MmE3NTQ2YzU3MTBhNTVhYzM0MjBkMTU2NjIzZiIsInRhZyI6IiJ9;Aktif;;[Kegiatan Usaha: -, Kategori: -, KBLI: 55900];;;04/12/2025;;OSS - Perorangan;-6,1716146;106,8052324;valid;;;FALSE;FALSE;TRUE;;;invalid;;;;;4
27322094;SUHERMAN;JL. PETOJO VIY III NO. 4, ;3173080001;31;73;80;1;DKI JAKARTA;JAKARTA PUSAT;GAMBIR;CIDENG;eyJpdiI6ImlkcE02N0xudURsbGhDbDFrU3NLMFE9PSIsInZhbHVlIjoiM0VlOEdPNk5keUNieFpjNVVzYjlidz09IiwibWFjIjoiYzIwNDhmNjQzYTBmODkzNjg3MGQxNWQ5ZWJlZmI5YzJmZDY1MTM4ZGU3MGY3Nzc2N2UxMmE3NzcxMmM0ZTg4NiIsInRhZyI6IiJ9;Aktif;;[Kegiatan Usaha: -, Kategori: -, KBLI: 47112];;;20/11/2025;;OSS - Perorangan;-6,172619;106,8077128;valid;;;FALSE;FALSE;TRUE;;;invalid;;;;;4
2748417;PELANGI SENTRAL KREASI;JL KH. MOCH MANSYUR;3173080001;31;73;80;1;DKI JAKARTA;JAKARTA PUSAT;GAMBIR;CIDENG;eyJpdiI6ImNraVcxeHdMSUhlVzAwRThyQmRVbFE9PSIsInZhbHVlIjoiMVRGNFJUaGc1N1VXTTdybC9ET0NjUT09IiwibWFjIjoiM2M1MDA3MzViOTg4YzJkODU2NTQ2MjFmYTMzMGY0NjU0ODViZDEzZjg2NGFjOGRjNDY4Yzc0NGQ4ODE0MDlmNCIsInRhZyI6IiJ9;Aktif;;[Kegiatan Usaha: -, Kategori: M, KBLI: 73201];;;31/12/2025;UB;Dir Pajak;-6,1755667;106,8102148;valid;;;FALSE;FALSE;TRUE;;;invalid;;;;;4
27498473;MAENAH;JL. TANJUNG SELOR BARAT NO.36;3173080001;31;73;80;1;DKI JAKARTA;JAKARTA PUSAT;GAMBIR;CIDENG;eyJpdiI6InNHa3R6dnV0ZGZBdmFQZGg4d1pGOEE9PSIsInZhbHVlIjoieTluNkpMemZZSlBtN0NOUVBFU3NCdz09IiwibWFjIjoiMzdmYmVlMDNjZGE5NzhkNzY0OTc2N2Q0M2ZkMmJkY2I3ZDZjZGJhOWI2ZDFlMjRhZGI3YjM0YjM3MDE5ZWVjYSIsInRhZyI6IiJ9;Aktif;;[Kegiatan Usaha: -, Kategori: -, KBLI: 56102];;;18/11/2025;;OSS - Perorangan;-6,169217;106,803993;valid;;;FALSE;FALSE;TRUE;;;invalid;;;;;4
27819073;RUSMINAH;JL TANJUNG SELOR BARAT , ;3173080001;31;73;80;1;DKI JAKARTA;JAKARTA PUSAT;GAMBIR;CIDENG;eyJpdiI6Imx3T0JYMEppY0c2aVdKbkJNY1BnNkE9PSIsInZhbHVlIjoiREZUWklYc29CSCtmNzlZTlM2MDBlUT09IiwibWFjIjoiNmEzMTBiOTgyYTVlZDA2MTAzMGM0Yzc3YzQ5ODk1MGM5MjZiYWZlYzIwY2ZhM2E4OWRlYWI0M2NjNWYwMTQ0YSIsInRhZyI6IiJ9;Aktif;;[Kegiatan Usaha: -, Kategori: -, KBLI: 47249];;;18/11/2025;;OSS - Perorangan;-6,170616;106,8040472;valid;;;FALSE;FALSE;TRUE;;;invalid;;;;;4
27819663;MUNIFAH;JL. CIDENG BARAT DLM 12;3173080001;31;73;80;1;DKI JAKARTA;JAKARTA PUSAT;GAMBIR;CIDENG;eyJpdiI6InE3MVREWnVpNXd0NGNNbmZJM1liMlE9PSIsInZhbHVlIjoiMUFlcG1DZXdIUzdoZnlqc2V6UWxKQT09IiwibWFjIjoiNDdhZTg3NjQwZTg2OThjMzRmYmVjYWM3ZTgwNDFlMGE4ZmQ5MWFlOGY0OGQzNDczZDdkNDdiZjNhZDM1YTExYSIsInRhZyI6IiJ9;Aktif;;[Kegiatan Usaha: -, Kategori: -, KBLI: 47249];;;18/11/2025;;OSS - Perorangan;-6,180723;106,8124562;valid;;;FALSE;FALSE;TRUE;;;invalid;;;;;4
27848912;ANISAH;JL CIDENG BARAT DALAM XII NO 18;3173080001;31;73;80;1;DKI JAKARTA;JAKARTA PUSAT;GAMBIR;CIDENG;eyJpdiI6IklRQ0RXN0JUNlc1TFlpVGRFL0NkQlE9PSIsInZhbHVlIjoiK2wzejhIUDJqMkNJSk5NVlJ0TkxwQT09IiwibWFjIjoiNTllYWJkN2YzZjJkZTViM2U0NTNiNTIxNDc1NWYxMzEyNjBmY2EwNTYwZTc5NWMzMTMzNGFlMzNiYmVjNDFiYyIsInRhZyI6IiJ9;Aktif;;[Kegiatan Usaha: -, Kategori: -, KBLI: 11040];;;22/12/2025;;OSS - Perorangan;-6,1816788;106,8131238;valid;;;FALSE;FALSE;TRUE;;;invalid;;;;;4
27880395;MARIO KURNIAWAN;JL PETOJO SELATAN VII NO.45A;3173080001;31;73;80;1;DKI JAKARTA;JAKARTA PUSAT;GAMBIR;CIDENG;eyJpdiI6Ijg2SVA5VW9lcmpEU3Zud2grZEhGV2c9PSIsInZhbHVlIjoiTlVCNmpZbVJzY2FROXFCdnZsMElYdz09IiwibWFjIjoiODg5YjVkODZkNzlmNzc4Mzc2OTA3MTQ4MmFkOGU3YzVjZDMxN2E3NWUyY2I3MTBkODUwN2UwOTI0OTllNzhlZCIsInRhZyI6IiJ9;Aktif;;[Kegiatan Usaha: -, Kategori: -, KBLI: 15129];;;18/11/2025;;OSS - Perorangan;-6,168854;106,8086821;valid;;;FALSE;FALSE;TRUE;;;invalid;;;;;4
27930713;RULIYANA;JL CILEUNGSIR ;3173080001;31;73;80;1;DKI JAKARTA;JAKARTA PUSAT;GAMBIR;CIDENG;eyJpdiI6ImtZMnByR2ZCZlFhcWoyT2piTGpubHc9PSIsInZhbHVlIjoiQ09TWGI4VjlHUTRHRjZMaHF1cE1IZz09IiwibWFjIjoiOGVlN2Y4ZmY0M2Y3YzVkNTE4NWU0MjkxZmUwMTFiMjBiMmVkZTYzMDIwMzMxNTdjMGQ0ZGIyOGRhMDVlM2ZiZSIsInRhZyI6IiJ9;Aktif;;[Kegiatan Usaha: -, Kategori: -, KBLI: 56304];;;08/12/2025;;OSS - Perorangan;-6,1780184;106,8114452;valid;;;FALSE;FALSE;TRUE;;;invalid;;;;;4
27973965;SUHARYOSO;JL. SANGEHE NO. 26, RT/RW: 009/004, ;3173080001;31;73;80;1;DKI JAKARTA;JAKARTA PUSAT;GAMBIR;CIDENG;eyJpdiI6IkZoNnlWWGppVU0veDdpTU9HQ0dtVWc9PSIsInZhbHVlIjoiQThyeHVtKzlNUzJ0RHpLckdqTUNiZz09IiwibWFjIjoiNWNhYzNjMTY0NDlkMzczMzI5NWU0MThjYjdjYTg5ODEwMDQ3ZTk4ZDQ0NDQxZGY2NWZhOGQ4ODc1Y2M4M2Q3MyIsInRhZyI6IiJ9;Aktif;;[Kegiatan Usaha: -, Kategori: -, KBLI: 82110];;;08/12/2025;;OSS - Perorangan;-6,1706223;106,8099325;valid;;;FALSE;FALSE;TRUE;;;invalid;;;;;4
27994527;AMIRUDIN;JL. PULO PIUN NO.14;3173080001;31;73;80;1;DKI JAKARTA;JAKARTA PUSAT;GAMBIR;CIDENG;eyJpdiI6Imh6L1BtaHVmMTRJaytEOEtoeFJwcGc9PSIsInZhbHVlIjoiSEY1OGVxYTNRRi9BRmM1RHNLWGNyZz09IiwibWFjIjoiNDA0MmYwYTIxNWE3Njg3ODU2ZjU2MDBhYTVkZDVjNTRhYmRjNjUwY2JlZDUwMTkwYWZmODFlYmI5ZTY5NDY5NiIsInRhZyI6IiJ9;Aktif;;[Kegiatan Usaha: -, Kategori: -, KBLI: 56102];;;20/11/2025;;OSS - Perorangan;-6,1698053;106,8089783;valid;;;FALSE;FALSE;TRUE;;;invalid;;;;;4
28099141;SURYATI;JL. PULO PIUN VII NO. 10 RT003 RW004;3173080001;31;73;80;1;DKI JAKARTA;JAKARTA PUSAT;GAMBIR;CIDENG;eyJpdiI6IjhvcFk5RkdHRFovTzl1WEFickZ6WXc9PSIsInZhbHVlIjoiSFZvRnhlNS9BbVlpemVaY1ZtN05ZZz09IiwibWFjIjoiMDA5Nzg5ZmRjZDAyYjUyMjIyNmI5ZGU1NmQzNzI4OGNkOWVjMDUzYzRkYzQ1OWFkODU2YTg3N2M4Y2M1YzQ2YyIsInRhZyI6IiJ9;Aktif;;[Kegiatan Usaha: -, Kategori: -, KBLI: 47749];;;19/11/2025;;OSS - Perorangan;-6,1696581;106,8089811;valid;;;FALSE;FALSE;TRUE;;;invalid;;;;;4
28099574;SURYATI;JL TIDORE DLM II/18 A;3173080001;31;73;80;1;DKI JAKARTA;JAKARTA PUSAT;GAMBIR;CIDENG;eyJpdiI6ImFkT0VhQUxKYzJ6Y1hxalVsdW1aMXc9PSIsInZhbHVlIjoiVHp4RDN2S0NoYkR0b1I1Z2U5bVhFZz09IiwibWFjIjoiNWNlOTMxMDVmZWJiNjY3YTZhN2YxNWJhMmU4NzE5MmZjNDZiYzI5ZjMzOWNkNjQ1YmVkNGIyMmMxMjVlY2FhMSIsInRhZyI6IiJ9;Aktif;;[Kegiatan Usaha: -, Kategori: -, KBLI: 47711];;;19/11/2025;;OSS - Perorangan;-6,1666952;106,8071853;valid;;;FALSE;FALSE;TRUE;;;invalid;;;;;4
28138010;MULYANI;JL. KP BAKTI NO. 13;3173080001;31;73;80;1;DKI JAKARTA;JAKARTA PUSAT;GAMBIR;CIDENG;eyJpdiI6Ik5yeXVYZlkwam1IcmFSeEdZOWpPK1E9PSIsInZhbHVlIjoid2gwMnM3L1FvdWVoZWlPTXd5RDBodz09IiwibWFjIjoiNmE0ZmM3YjhmY2M2N2FiMmE2MjIyODhmMzVkNTk2MWU4ZGRhZWM0MGZlMjU4ZGJmM2Y5MGE5ODYwNzFjMTRmYyIsInRhZyI6IiJ9;Aktif;;[Kegiatan Usaha: -, Kategori: -, KBLI: 56102];;;30/12/2025;;OSS - Perorangan;-6,1800655;106,8108228;valid;;;FALSE;FALSE;TRUE;;;invalid;;;;;4
28163641;Sri lestari;Jl Citarum Atas Rt17 Rw1;3173080001;31;73;80;1;DKI JAKARTA;JAKARTA PUSAT;GAMBIR;CIDENG;eyJpdiI6IjQvUWJBTHZiSW16TjN4cXZnQy9RRlE9PSIsInZhbHVlIjoiTkp3TUl3TkNORTFqWUFUTldkZ0xtdz09IiwibWFjIjoiYjNlNGE2N2FkN2U5ZGUyZGIzOWQzMDcxMTYzOWM2NzUyMGRhNzE1Nzg2NDY0YWYxNmEzNzdjMmU5NzFjNjYzNiIsInRhZyI6IiJ9;Aktif;;[Kegiatan Usaha: -, Kategori: -, KBLI: 46339];;;19/11/2025;;OSS - Perorangan;-6,180966322;106,8102764;valid;;;FALSE;FALSE;TRUE;;;invalid;;;;;4
28173134;SUTRISNO;JL. BELAWAN NO. 73 RT011 RW003;3173080001;31;73;80;1;DKI JAKARTA;JAKARTA PUSAT;GAMBIR;CIDENG;eyJpdiI6Im9PYzg1MStGZnhyeUR5bG9iVUYzM1E9PSIsInZhbHVlIjoiWXFMZGpvOWVoRC9WTk9HbDZoTmVOZz09IiwibWFjIjoiMTA5NzJjMmJmODE3ZTY5NzQwN2NiOGRlNGNkMjg5OWZiZTRhM2M2NTA0NzVmNWIyMTlmYTNlMmNlMjMwNDI4ZSIsInRhZyI6IiJ9;Aktif;;;;;31/12/2025;;OSS - Perorangan;-6,175446316;106,8072091;valid;;;FALSE;FALSE;TRUE;;;invalid;;;;;4
28178479;SUMINAH;JL.KP BAKTI VII/47;3173080001;31;73;80;1;DKI JAKARTA;JAKARTA PUSAT;GAMBIR;CIDENG;eyJpdiI6Ijk5dVI1MC8ycG5NcWhzZFdHNVBkNmc9PSIsInZhbHVlIjoiV0w4NTRjYXRHS3picWJ3UWw5R0p3dz09IiwibWFjIjoiOTlkMWU0NzE1NzcyNWY5ZmMwNjY5ODkwZTdkMzYwNDk0ZGI5MzNiNTg3ODVhZmMyNGEwZjIzNTk1YzlmM2JlZCIsInRhZyI6IiJ9;Aktif;;[Kegiatan Usaha: -, Kategori: -, KBLI: 47814];;;10/12/2025;;OSS - Perorangan;-6,1703301;106,8105361;valid;;;FALSE;FALSE;TRUE;;;invalid;;;;;4
28238878;Titin supriatin;Kp Buaran Rt3 Rw2;3173080001;31;73;80;1;DKI JAKARTA;JAKARTA PUSAT;GAMBIR;CIDENG;eyJpdiI6IjhOcHJ6bVlJWU4raTNpL0FaWkMwRXc9PSIsInZhbHVlIjoibW5aVkd1bk80Q0wwaTdPK0M1UlJwQT09IiwibWFjIjoiODRjNjc3ODY0ODA3ZTNkN2I3ODg1MDEyNzRhYTA0NTUwYTBkMmE5NmRiYjYwNjFmZTJjMGQwYzI4MjQ1N2MwZSIsInRhZyI6IiJ9;Aktif;;[Kegiatan Usaha: -, Kategori: -, KBLI: 11040];;;19/11/2025;;OSS - Perorangan;-6,173214636;106,8108106;valid;;;FALSE;FALSE;TRUE;;;invalid;;;;;4
28239382;Windarsih;JL TIDORE DLM II NO 18A RT 010 RW 005 KEL.CIDENG KEC.GAMBIR;3173080001;31;73;80;1;DKI JAKARTA;JAKARTA PUSAT;GAMBIR;CIDENG;eyJpdiI6IjdSWmRxZWl5RStOYlR6QktJWFIxaEE9PSIsInZhbHVlIjoiQkFLUnZGSmhndStNR3NPdmtJd0F6QT09IiwibWFjIjoiMTNmOGU3ZmNmMjNjMGU0ZWM2Mzk2ZGQzMTA1OGU1NDQ4OWVjZjdjOGMxODYzZTM5MzgyZGY3NzQwMzI3ZmJjOSIsInRhZyI6IiJ9;Aktif;;;;;31/12/2025;;OSS - Perorangan;-6,166789252;106,8053272;valid;;;FALSE;FALSE;TRUE;;;invalid;;;;;4
28239801;Supinah;Jl Makian Dalam No.19 E Rt.008/rw.005;3173080001;31;73;80;1;DKI JAKARTA;JAKARTA PUSAT;GAMBIR;CIDENG;eyJpdiI6Ik8zMU5lSk02YW5Wa3J3eWE3Sm1DQ3c9PSIsInZhbHVlIjoiRHFORjVkTFQyMEk3bWY0R3BUMHVFUT09IiwibWFjIjoiNmJjMGQ4NzBlNWFiNjczZmMxNjM3YTJkM2VlZGUyYWFhZjEzNWYzNjA4OTAzOTYyZjg3ZDBlMDUzNTY1OWM0ZSIsInRhZyI6IiJ9;Aktif;;[Kegiatan Usaha: -, Kategori: -, KBLI: 11040];;;19/11/2025;;OSS - Perorangan;-6,167342198;106,8057447;valid;;;FALSE;FALSE;TRUE;;;invalid;;;;;4
28258094;Murningsih;Jl Petojo Viy;3173080001;31;73;80;1;DKI JAKARTA;JAKARTA PUSAT;GAMBIR;CIDENG;eyJpdiI6Ik9NUk13YnI0U3ZVWFZySzBQeTVvN1E9PSIsInZhbHVlIjoibk5RNlo0dXJHOWNrZ3MzUjhObGV2Zz09IiwibWFjIjoiYTUyZWIxYmRjNTljMDRlOTRiZDcwOGZkYTFjNGIyNjI4NTk3ZGU3Zjk2OWQ4Mzg2NTJhZGRiZjEwNjBlMzZkNCIsInRhZyI6IiJ9;Aktif;;[Kegiatan Usaha: -, Kategori: -, KBLI: 10799];;;20/11/2025;;OSS - Perorangan;-6,1696337;106,8046531;valid;;;FALSE;FALSE;TRUE;;;invalid;;;;;4
2828170;PILAR SOLUSI UTAMA;KOMPLEK RUKO ROXY MAS, JL KH HASYIM ASHARI;3173080001;31;73;80;1;DKI JAKARTA;JAKARTA PUSAT;GAMBIR;CIDENG;eyJpdiI6ImZGVEgwb1QvY1hqTlQ5QVhPSHFtQVE9PSIsInZhbHVlIjoiRGhHNkVkb1h0bnV6b1hqcXBVNXFvdz09IiwibWFjIjoiYTZhNmM2MzRjMmQzNThmYzcxOThiOGIxMzgzMzMwNjBiNDM2ZjBlNjBmM2ZhNDIwNWVhZTRlOTAxMmQ0ZjBjNSIsInRhZyI6IiJ9;Aktif;;[Kegiatan Usaha: -, Kategori: J, KBLI: 62090];;;31/12/2025;UB;Dir Pajak;-6,168076038;106,8079834;valid;;;FALSE;FALSE;TRUE;;;invalid;;;;;4
2837813;GRAHATAMA KARYA KONSTRUKSI;KOMPLEK RUKO ROXY MAS BLOK D.3 NO. 33, JL KH HASYIM ASHARI;3173080001;31;73;80;1;DKI JAKARTA;JAKARTA PUSAT;GAMBIR;CIDENG;eyJpdiI6Im9PTGVZS1VaK1E4Ym9KUXJja3Z6b0E9PSIsInZhbHVlIjoiWkl2MUl3NHNHeHNaQ05aVGxLT0t1QT09IiwibWFjIjoiMTAxODU3Y2JkZjE2YzBlMTAwNDdmMTVhYTk3YjZmYWQyNjNkM2I3NjZmNDU1M2NjMWQ2NmQ3ZGI3NDY2MzMxMSIsInRhZyI6IiJ9;Aktif;;;;;31/12/2025;UMKM;Dir Pajak;-6,166789055;106,8045807;valid;;;FALSE;FALSE;TRUE;;;invalid;;;;;4
28443748;LISNAWATI;JL. PANE NO. 27 RT 002/RW 003, ;3173080001;31;73;80;1;DKI JAKARTA;JAKARTA PUSAT;GAMBIR;CIDENG;eyJpdiI6Ik4wOXVrd3F3Y3Q0S3JFbXdqV255Tnc9PSIsInZhbHVlIjoiQjJGczdYOFFvaGlxVU5CR1YvVGRIUT09IiwibWFjIjoiNjliMzNkMzBmNDAyNzk2NTc4MGJkNzI2NGI5NWQ3NzA0ZjBkNTA2NzMxOGMzYTA1OTYyYTRlZjI3OWE1ODBkMCIsInRhZyI6IiJ9;Aktif;;[Kegiatan Usaha: -, Kategori: -, KBLI: 10710];;;19/11/2025;;OSS - Perorangan;-6,17398;106,8075247;valid;;;FALSE;FALSE;TRUE;;;invalid;;;;;4
28543764;SUPARNI;JL. TANJUNG SELOR BARAT;3173080001;31;73;80;1;DKI JAKARTA;JAKARTA PUSAT;GAMBIR;CIDENG;eyJpdiI6IkZKSXJoQ1UyQU5xODBwSmhxMDVhTmc9PSIsInZhbHVlIjoiR0kySUZ0UDdKU3l0SlZXYUlPOFNPZz09IiwibWFjIjoiZDZhMjNjYzc3MmNhNzM5MjkwMjU4ZmM5ZGQyZGZiNzdmNjg4NTUxODAyNmQ0MzY2MTU4OTY3Nzc5ODQ5Zjg3NyIsInRhZyI6IiJ9;Aktif;;[Kegiatan Usaha: -, Kategori: -, KBLI: 56103];;;30/12/2025;;OSS - Perorangan;-6,1701579;106,8040702;valid;;;FALSE;FALSE;TRUE;;;invalid;;;;;4
28774248;SURYANI;JL. CITARUM ATAS NO.10;3173080001;31;73;80;1;DKI JAKARTA;JAKARTA PUSAT;GAMBIR;CIDENG;eyJpdiI6IiswQ0VFM0FZUjhwKzRMdFUyK3FvS1E9PSIsInZhbHVlIjoiUDdNVVJQMGZkaTA3WE9BUnpEa3VYdz09IiwibWFjIjoiMjFiMWNmNTNkZWFlNWFmYmNjNWJjOTU1ZWYxNGFlODlmNWYwODQ3MDk3MDg5Yjk3Yjg4YjkwNGVjNjNhOWI5MyIsInRhZyI6IiJ9;Aktif;;[Kegiatan Usaha: -, Kategori: -, KBLI: 47513];;;19/11/2025;;OSS - Perorangan;-6,1780875;106,8097144;valid;;;FALSE;FALSE;TRUE;;;invalid;;;;;4
28803987;DEWI HARIYANTI ;JL CITARUM ATAS NO.30 RT18/01;3173080001;31;73;80;1;DKI JAKARTA;JAKARTA PUSAT;GAMBIR;CIDENG;eyJpdiI6IkdBeE9iNE9qZWwweStNZWswdWpsM1E9PSIsInZhbHVlIjoiT2ZETVFXQzg0N3dPd25jQm5LczdXdz09IiwibWFjIjoiNDhlY2QwZTNhNzg3NmI2YmYxZTI0MmZmZDFkOGI0MGE5OWJlZTc0OWQ2NTU1ZjEzZTlkNDg1ZTEyZTNlMjE3NSIsInRhZyI6IiJ9;Aktif;;[Kegiatan Usaha: -, Kategori: -, KBLI: 47829];;;19/11/2025;;OSS - Perorangan;-6,178183959;106,8091391;valid;;;FALSE;FALSE;TRUE;;;invalid;;;;;4
2901846;GRAHA FLORA INDONESIA;PUSAT NIAGA ROXY MAS BLOK D3 NO.12, JL KH. HASYIM ASHARI;3173080001;31;73;80;1;DKI JAKARTA;JAKARTA PUSAT;GAMBIR;CIDENG;eyJpdiI6IjZSRHJ0SGxmeWFpdjVlTjIxQUNjamc9PSIsInZhbHVlIjoiK3hnMk1jMWRPdWMxK0xGM1N1VjcyZz09IiwibWFjIjoiNjA1YTljOGU3YWYzNzA2MDY2ZDUxOWYwNjU3ODUyNTM3MDRhNWQ2YmI0ZDY0OTBmOTgxNDhjNmE4M2EyNDk3YSIsInRhZyI6IiJ9;Aktif;;[Kegiatan Usaha: -, Kategori: G, KBLI: 46203];;;31/12/2025;UMKM;Dir Pajak;-6,16746521;106,8051224;valid;;;FALSE;FALSE;TRUE;;;invalid;;;;;4
29070912;NURUL HIKMAH;JL. CIDENG BARAT NO.93;3173080001;31;73;80;1;DKI JAKARTA;JAKARTA PUSAT;GAMBIR;CIDENG;eyJpdiI6Ik9TV0hIbEFWbHBjTlNQN0RuQXRWNFE9PSIsInZhbHVlIjoiTWZoZGVndmg5UkpvVGFscUwzcHlNZz09IiwibWFjIjoiMWMxYjAwMmU1YWJhOWUxYmQxZGM2MmE5MzEwZjcxMmMxYzNhY2FlYWU2ZDE4YjhkN2VmZjhiMzk3YjQ4MjE3ZSIsInRhZyI6IiJ9;Aktif;;[Kegiatan Usaha: -, Kategori: -, KBLI: 47222];;;19/11/2025;;OSS - Perorangan;-6,1797834;106,8124682;valid;;;FALSE;FALSE;TRUE;;;invalid;;;;;4
29072511;SUHARNI;JL TANJUNG SELOR NO 12;3173080001;31;73;80;1;DKI JAKARTA;JAKARTA PUSAT;GAMBIR;CIDENG;eyJpdiI6IjNEQVJHK3hGV1NFNlJtU1czWGkyZkE9PSIsInZhbHVlIjoiUmc5U0dRcnFib0FSSDZJVjhLT3VhZz09IiwibWFjIjoiOTZhNWRlYzFjZDJkYzM2MWZmMzIyNzdlNzg1ODY4MzgxZDQ5M2Y1NTgwMTczMDJlNDU5NGJiZDZlNzYwOGM3ZCIsInRhZyI6IiJ9;Aktif;;[Kegiatan Usaha: -, Kategori: -, KBLI: 56103];;;04/12/2025;;OSS - Perorangan;-6,1797069;106,8107919;valid;;;FALSE;FALSE;TRUE;;;invalid;;;;;4
29073048;SITI WAHYUNI;JL. PULO PIUN 1/ 2;3173080001;31;73;80;1;DKI JAKARTA;JAKARTA PUSAT;GAMBIR;CIDENG;eyJpdiI6IldUWXFySEpkdTVkZ3JjNFZHazduNkE9PSIsInZhbHVlIjoiYjNST3BXenUzV1RYbXN5T3VoNHprdz09IiwibWFjIjoiOWU1MDYyMmRhMzcwNDlkODVmZmI5N2E2OTFhNzcyZmUxOGY4OWIwMGIyMDgyYmYzYzhkMGQxMzdiOGU0OTk2MiIsInRhZyI6IiJ9;Aktif;;[Kegiatan Usaha: -, Kategori: -, KBLI: 10792];;;19/11/2025;;OSS - Perorangan;-6,1699375;106,8097504;valid;;;FALSE;FALSE;TRUE;;;invalid;;;;;4
2907485;PEMBANGUNAN SARANA PUTRA JAYA;JL TAMAN JATIBARU TIMUR, KOMPLEK RUKAN GRAHA JATIBARU;3173080001;31;73;80;1;DKI JAKARTA;JAKARTA PUSAT;GAMBIR;CIDENG;eyJpdiI6ImN6Q0ZlV1RTSGYzOW1jSE1xY0ZnNHc9PSIsInZhbHVlIjoicmFVNlZtYkNReG1EMTQycHkvdjJ5dz09IiwibWFjIjoiOTBkMmEzMzFhMjIzOTk2YmJiZDM4Y2JkYzgzNTU4ZGIxZGM4Y2MyZjdhNjQxZGY4ZTk4M2Q1YjlhY2JjZjE1ZiIsInRhZyI6IiJ9;Aktif;;[Kegiatan Usaha: -, Kategori: F, KBLI: 42204];;;26/10/2025;UMKM;Dir Pajak;-6,18277;106,81287;valid;;;FALSE;FALSE;TRUE;;;invalid;;;;;4
29139785;Sugiarti;Jl Cimanuk;3173080001;31;73;80;1;DKI JAKARTA;JAKARTA PUSAT;GAMBIR;CIDENG;eyJpdiI6IjF5TXNLbzNvcFZBdi9vVm9WMmp0R0E9PSIsInZhbHVlIjoiNjE0YlZaemNxRjI1czVMSm9jVDF5Zz09IiwibWFjIjoiYTJjN2RkODE2OTU4MjQ4ZWYzNjg4OTNjMTYxMDg3YWE0MDY2ZDUxZmY4YjM4ODkzZGFhMmM0OGYxNmVkNGE1MSIsInRhZyI6IiJ9;Aktif;;[Kegiatan Usaha: -, Kategori: -, KBLI: 10799];;;10/12/2025;;OSS - Perorangan;-6,1778692;106,8092921;valid;;;FALSE;FALSE;TRUE;;;invalid;;;;;4
29157411;SUWANDI;ASRAMA POLRI JL. CIDENG BARAT 93 RT 003 RW 009;3173080001;31;73;80;1;DKI JAKARTA;JAKARTA PUSAT;GAMBIR;CIDENG;eyJpdiI6ImlGNm1VeXg5RnlpbG03cGtjbjBzQVE9PSIsInZhbHVlIjoidm1KY2FDUXp6VGh1KzJETFJ5djFTdz09IiwibWFjIjoiYjliYzZiOGUxNzE4ZDlmYmVmOTRiMzI0MDg3MGRiYTJiZWM4MGMxYmRlMDhiNjY5N2EyNGFhZmY5NTE2OTM4OSIsInRhZyI6IiJ9;Aktif;;[Kegiatan Usaha: -, Kategori: -, KBLI: 01461];;;19/11/2025;;OSS - Perorangan;-6,1810923;106,8121479;valid;;;FALSE;FALSE;TRUE;;;invalid;;;;;4
29163488;Maryana;Jl Petojo Viy Ii Dalam 005/006;3173080001;31;73;80;1;DKI JAKARTA;JAKARTA PUSAT;GAMBIR;CIDENG;eyJpdiI6ImJwMkRkeHZ2aUFPcGd2VU9SdFhRTHc9PSIsInZhbHVlIjoiZGtCQjltWXpZWGVha2JCbkt2NUYrdz09IiwibWFjIjoiNDM0NGFmN2JjMmRiNGY0MGZiNTc5ZWFhMGRkMzVjNWRjYjgwMjM4NjFlZDExODZmY2JiNGJmNTNmZjAyZGQzZCIsInRhZyI6IiJ9;Aktif;;[Kegiatan Usaha: -, Kategori: -, KBLI: 10799];;;19/11/2025;;OSS - Perorangan;-6,1698215;106,8066417;valid;;;FALSE;FALSE;TRUE;;;invalid;;;;;4
29330416;Siti barokah;Jl Tanjung Selor;3173080001;31;73;80;1;DKI JAKARTA;JAKARTA PUSAT;GAMBIR;CIDENG;eyJpdiI6IjlGL1VDSWUzQkxaQmlWWktyV0RhMFE9PSIsInZhbHVlIjoiRERwREp4bUdGUmRxUUhCc0tJZjdlUT09IiwibWFjIjoiYWRkOTRkNDY1MDg5MjlmZGE0MjNiZGFkYTE3YWJlMTFmNzVmMjlmOTczOTY3ZTY1MjdlNzA5M2NhOTU4YjllOCIsInRhZyI6IiJ9;Aktif;;[Kegiatan Usaha: -, Kategori: -, KBLI: 10799];;;30/12/2025;;OSS - Perorangan;-6,1701579;106,8040702;valid;;;FALSE;FALSE;TRUE;;;invalid;;;;;4
29339575;Yuliani;Jl Kp Bhakti;3173080001;31;73;80;1;DKI JAKARTA;JAKARTA PUSAT;GAMBIR;CIDENG;eyJpdiI6IjViOTB0S3JDbDVncmhlOG1McWEvTnc9PSIsInZhbHVlIjoic2lXNno2ZnRDZ255L3hnSm1Wak51Zz09IiwibWFjIjoiODM2MDAzMWY2ODUxYmVmM2RlNzFlYzI1OTYwMTgwZGU1NmJlMThjMDQ5MDcyZjk4OTY0MzFiZDIyMmUxMGEwNCIsInRhZyI6IiJ9;Aktif;;[Kegiatan Usaha: -, Kategori: -, KBLI: 11040];;;30/12/2025;;OSS - Perorangan;-6,169347;106,8044401;valid;;;FALSE;FALSE;TRUE;;;invalid;;;;;4
29351072;TARYATI;JL. TANJUNG SELOR NO.16;3173080001;31;73;80;1;DKI JAKARTA;JAKARTA PUSAT;GAMBIR;CIDENG;eyJpdiI6Ik9PeXMrcmNBU0lxOHBqUGFJRE9hVmc9PSIsInZhbHVlIjoiZytvNGFUM2tmamJsY0tWRmlaZFAxdz09IiwibWFjIjoiYTI4MjBhNWRlOWIyMmU4MmUxYTczZWQ1Njc2NjgwYTc5M2I3NjAwZTk4ZDQ5N2E4MjVlN2IwMzc3NDhkMTE3ZSIsInRhZyI6IiJ9;Aktif;;[Kegiatan Usaha: -, Kategori: -, KBLI: 56102];;;19/11/2025;;OSS - Perorangan;-6,1679847;106,8028358;valid;;;FALSE;FALSE;TRUE;;;invalid;;;;;4
29356366;Sunarmi;Jl Tidore Raya No.27 C Rt.009/rw.005;3173080001;31;73;80;1;DKI JAKARTA;JAKARTA PUSAT;GAMBIR;CIDENG;eyJpdiI6ImRycUlIUkN2dEFRWHF4UjFWYXpjZEE9PSIsInZhbHVlIjoiQnZjekkra04wekJ0MFFhY2hUZ1QvQT09IiwibWFjIjoiODA3MTNhODI1NjA2MDA2NGEzYTQ0ZmQ5OWEzYjEwZGEyMWNmODI5YmQyZThiM2FhOTU4NTdhNDQ2OWIwYjZhNSIsInRhZyI6IiJ9;Aktif;;[Kegiatan Usaha: -, Kategori: -, KBLI: 11040];;;19/11/2025;;OSS - Perorangan;-6,1667182;106,8060869;valid;;;FALSE;FALSE;TRUE;;;invalid;;;;;4
29357040;Rusmini;Jl Mandioli 11 007/-;3173080001;31;73;80;1;DKI JAKARTA;JAKARTA PUSAT;GAMBIR;CIDENG;eyJpdiI6IjBwelVkYzdmajBXNCtSQmtDb3V0Znc9PSIsInZhbHVlIjoiWW1xaWtua0tXTWJlaFNiWWcxTHFwdz09IiwibWFjIjoiN2E5YzE1ZjRiZWQ3YWRlOWY0ZjUwNGNlMTE2OTdiODE1MDA5MTM5ZmFhNDJkYTBiOGJhMjhjZWJlMTcxNzhkYSIsInRhZyI6IiJ9;Aktif;;[Kegiatan Usaha: -, Kategori: -, KBLI: 10799];;;12/12/2025;;OSS - Perorangan;-6,1684664;106,8064842;valid;;;FALSE;FALSE;TRUE;;;invalid;;;;;4
29358178;Isnaeni;Jl. Citarum Rt17 Rw1;3173080001;31;73;80;1;DKI JAKARTA;JAKARTA PUSAT;GAMBIR;CIDENG;eyJpdiI6IllEZUd0djE4MFpYVU5odzYzSGFRWVE9PSIsInZhbHVlIjoiSXgycVZzVDQ0cVd0bkZTc0tuYmR1dz09IiwibWFjIjoiMjliNTQwODVlY2EyNzNlNTMxYmQyZDI3OWZhNDg2MzJhY2MxMjUwMjE5NmQ0OWI0YTc2OTFiYjFmYWIxYjQzNSIsInRhZyI6IiJ9;Aktif;;[Kegiatan Usaha: -, Kategori: -, KBLI: 10799];;;19/11/2025;;OSS - Perorangan;-6,180966322;106,8102764;valid;;;FALSE;FALSE;TRUE;;;invalid;;;;;4
29375252;SUNDARI;JL CITARUM ATAS ;3173080001;31;73;80;1;DKI JAKARTA;JAKARTA PUSAT;GAMBIR;CIDENG;eyJpdiI6Imh6d1NCOU5FdmNScnpUZklodHdST0E9PSIsInZhbHVlIjoiUGp4VEp1Q05RQ256VEFXeFExMmtEZz09IiwibWFjIjoiOTY0MWJhZmY1MjJiYjc3ODNiYWFmYzc3M2IzMjNkMTQ0YTQxNDk4OGQ2Yzg4MGMwZWNhOWJiOTg3MDY1YjNmMCIsInRhZyI6IiJ9;Aktif;;[Kegiatan Usaha: -, Kategori: -, KBLI: 95291];;;30/12/2025;;OSS - Perorangan;-6,1791412;106,8101398;valid;;;FALSE;FALSE;TRUE;;;invalid;;;;;4
29383914;DON ADRIAN;APARTMENTROXY MAS LT.9 NO.8 RT/RW 017/006;3173080001;31;73;80;1;DKI JAKARTA;JAKARTA PUSAT;GAMBIR;CIDENG;eyJpdiI6Ii9rbldRc0RhRFVHME1Yb2t6TWJoSEE9PSIsInZhbHVlIjoiZ3NLTE5NT3BjN2x6RUdHclRvSDNQZz09IiwibWFjIjoiZWYyNGMzMTVjNTMzY2Y3NzQ5ZWI0YjgxMDc4Y2RkZTVmODc0NDlmOWU1MGVkZjBlN2UzODRkY2ZjMjBjOWFlNiIsInRhZyI6IiJ9;Aktif;;"[Kegiatan Usaha: -, Kategori: -, KBLI: 55193]; [Kegiatan Usaha: -, Kategori: -, KBLI: 55130]";;;19/11/2025;;OSS - Perorangan;-6,1753225;106,8073895;valid;;;FALSE;FALSE;TRUE;;;invalid;;;;;4
29393737;Dede kurniasih;Jl Tidore Raya No.27 C Rt.009/rw.005;3173080001;31;73;80;1;DKI JAKARTA;JAKARTA PUSAT;GAMBIR;CIDENG;eyJpdiI6IjVNK2IyeG5SNFZIVDNBZEpNWmlqMmc9PSIsInZhbHVlIjoicHpEYzdBa1ZIQzJ3RjBzKzkvQUxFUT09IiwibWFjIjoiN2MzMDE5MDQxMGQ2NTU2MTFiYWE1Y2RiNThhZDc3OTVhYjY0OGE2ODg1ODQ4NTEzZGZlMTVmZGViYmQwNDFmYiIsInRhZyI6IiJ9;Aktif;;[Kegiatan Usaha: -, Kategori: -, KBLI: 11040];;;19/11/2025;;OSS - Perorangan;-6,1667182;106,8060869;valid;;;FALSE;FALSE;TRUE;;;invalid;;;;;4
29580556;Yanti;Kp Bhakti No 18;3173080001;31;73;80;1;DKI JAKARTA;JAKARTA PUSAT;GAMBIR;CIDENG;eyJpdiI6ImNNaWp5UGhVQlhoblNVOHRhRTFNUUE9PSIsInZhbHVlIjoiUE1KQ3J3QzdzUjJuNnhLUVBZL3lIdz09IiwibWFjIjoiOWE3ZDdiMWIyNzFhZmRjZGEyYjZlOGQ5NTJiZTBiNWZiOTkyMWFkNThiODY4MjM0NTJmNTIyYTRiYTg1NzE2ZSIsInRhZyI6IiJ9;Aktif;;[Kegiatan Usaha: -, Kategori: -, KBLI: 46339];;;04/12/2025;;OSS - Perorangan;-6,1667568;106,8012744;valid;;;FALSE;FALSE;TRUE;;;invalid;;;;;4
29580904;Saminem;Jl.petojo Viy Vii;3173080001;31;73;80;1;DKI JAKARTA;JAKARTA PUSAT;GAMBIR;CIDENG;eyJpdiI6IjU1OFRhZ2d5VHNjWUJuMWxrUk1GbWc9PSIsInZhbHVlIjoiRUYrdjVDa25qSkJ1RnR0L254REpMZz09IiwibWFjIjoiYzNkY2M5MTcxMTIwOTBiMGQ3Y2NmMzJiOGM1YzA1ODVkNTUyNWFjYzQzYWE3MTdlOWI2ZDgyOGMxMzJjNmM1NyIsInRhZyI6IiJ9;Aktif;;[Kegiatan Usaha: -, Kategori: -, KBLI: 10799];;;19/11/2025;;OSS - Perorangan;-6,1724627;106,8062302;valid;;;FALSE;FALSE;TRUE;;;invalid;;;;;4
29586198;SUGIARTI;JL. PULO PIUN 12;3173080001;31;73;80;1;DKI JAKARTA;JAKARTA PUSAT;GAMBIR;CIDENG;eyJpdiI6Ii8xZlhmUkhVUUsxM3hGUHQrN3hieWc9PSIsInZhbHVlIjoiN3MyVHdzelE5ZzFma3I4aWlZOG9Ydz09IiwibWFjIjoiYmVjZTA4OGEyNWRlNTk1NDEwMTZjY2JiY2ZlZDMwYTFiM2FiOTUwNGI4ZDc1MjZiNTdiMzNlMmRjMjE0NzkwYiIsInRhZyI6IiJ9;Aktif;;[Kegiatan Usaha: -, Kategori: -, KBLI: 56102];;;19/11/2025;;OSS - Perorangan;-6,1698053;106,8089783;valid;;;FALSE;FALSE;TRUE;;;invalid;;;;;4
29596149;NURJANAH;JL. PETOJO VIY II NO.19;3173080001;31;73;80;1;DKI JAKARTA;JAKARTA PUSAT;GAMBIR;CIDENG;eyJpdiI6IkxSN0I5UWZiL1RoVE5xaGx4d2xkMUE9PSIsInZhbHVlIjoiSys3RW1kSWIraXVIMkt5OCsrMlNxdz09IiwibWFjIjoiYjE3N2U1OGY1NjM2MjRiNGVhMDZkYWZlN2RkM2MxZjZjYzNjZjczZjQyZmZmMzUzNzc4MzA0MjJhYzI4MTc4ZiIsInRhZyI6IiJ9;Aktif;;[Kegiatan Usaha: -, Kategori: -, KBLI: 47826];;;19/11/2025;;OSS - Perorangan;-6,1699897;106,8069713;valid;;;FALSE;FALSE;TRUE;;;invalid;;;;;4
29608635;CHRISTIAN PRAWIRA;Jl. Bacan No.18;3173080001;31;73;80;1;DKI JAKARTA;JAKARTA PUSAT;GAMBIR;CIDENG;eyJpdiI6InRHZ0o2NVVYWThVOUFFTHgyQWh0Z1E9PSIsInZhbHVlIjoib3lxQUlxU3NobTRkY1FRTkt3bmk3dz09IiwibWFjIjoiZmIwOTlmZTIxM2M5NzBmZDZjYzY4ZDliNzQ4OTM1NDUzMTE5NGRiMDczZWY0YWJkZGNjYmMxNjg0Y2ZjYTY0ZiIsInRhZyI6IiJ9;Aktif;;[Kegiatan Usaha: -, Kategori: -, KBLI: 10710];;;19/11/2025;;OSS - Perorangan;-6,1684522;106,8059524;valid;;;FALSE;FALSE;TRUE;;;invalid;;;;;4
29674374;Siswanti;Jl.citarum Atas Rt18 Rw1;3173080001;31;73;80;1;DKI JAKARTA;JAKARTA PUSAT;GAMBIR;CIDENG;eyJpdiI6IjBQSENOdzRtYW1BanJuT3FkY21OZnc9PSIsInZhbHVlIjoiWkJhRHZvMVppcnlaQmJYcEx2MWswZz09IiwibWFjIjoiMzFiMGI1YzljOGFiMmI3NmM5ODg5M2E5NDI3ZDRlYzQyNzJiMDgwYzlmYTNjMjZmNjIxYmQxOWZmN2E3NTE0NCIsInRhZyI6IiJ9;Aktif;;[Kegiatan Usaha: -, Kategori: -, KBLI: 10799];;;19/11/2025;;OSS - Perorangan;-6,178183959;106,8091391;valid;;;FALSE;FALSE;TRUE;;;invalid;;;;;4
29686078;Sarimah;Citarum Atas Rt 017/rw001;3173080001;31;73;80;1;DKI JAKARTA;JAKARTA PUSAT;GAMBIR;CIDENG;eyJpdiI6InpId1NvNnB1KzUzeXVxWktnSXc4L3c9PSIsInZhbHVlIjoiWXFrcGVjVEtnVVZ1VFV2OVMrSTZuQT09IiwibWFjIjoiZjc2MjZlYzBjZTAwM2VmODNlMzdjMjNkNTNlZGNiYmJlMzVhOGYxNjg0ZWFjZGFkOTU3MGE4YTQwMGE4NDg2ZCIsInRhZyI6IiJ9;Aktif;;;;;31/12/2025;;OSS - Perorangan;-6,180966322;106,8102764;valid;;;FALSE;FALSE;TRUE;;;invalid;;;;;4
29692374;Jamilah;Jl Petojo Viy Ll No 3 Rt 5 Rw 6;3173080001;31;73;80;1;DKI JAKARTA;JAKARTA PUSAT;GAMBIR;CIDENG;eyJpdiI6IkJUMFJFSHRvSUdDZ1N4eWRjM2tPcGc9PSIsInZhbHVlIjoiZDRqdmZxUnlxcFZFSVVhQTlURU9qUT09IiwibWFjIjoiNTc5NWE2ZWM4NDE2ODQ2YjY4YmY5NzdlZjhiNjlmN2MxMTViNjQ2NTVkOGYwZTc2ZmIwMTkwMDI4MWFlMzQ5ZSIsInRhZyI6IiJ9;Aktif;;[Kegiatan Usaha: -, Kategori: -, KBLI: 46339];;;19/11/2025;;OSS - Perorangan;-6,1698215;106,8066417;valid;;;FALSE;FALSE;TRUE;;;invalid;;;;;4
2975484;SARIMELATI KENCANA TBK.;GEDUNG ITC ROXYMAS LT. 1 / 34, 39, 40 JL KH HASYIM ASHARI;3173080001;31;73;80;1;DKI JAKARTA;JAKARTA PUSAT;GAMBIR;CIDENG;eyJpdiI6IjhMTTVPUWFmSk1oWVZtYmNwSHJiRFE9PSIsInZhbHVlIjoiQ2J3dlVlcWlHN2NTZjdaeVBsZ0xUUT09IiwibWFjIjoiYTFmOTVjODdmYTBiZjdlODBkMDVkYzQ4Y2NjMGNmNjAwNmM3NWQ1ZDIzMTdiMjUwZDMzNGMyZWJlYjM3ZDc0YSIsInRhZyI6IiJ9;Aktif;;[Kegiatan Usaha: -, Kategori: I, KBLI: 56101];;;26/10/2025;UMKM;Dir Pajak;-6,166433;106,8029841;valid;;;FALSE;FALSE;TRUE;;;invalid;;;;;4
29816229;TITI PRIYATIN;JL.MANDI OLI DALAM NO.25;3173080001;31;73;80;1;DKI JAKARTA;JAKARTA PUSAT;GAMBIR;CIDENG;eyJpdiI6Imt4M1NyMk1TVFN4cTg5VDZ4SERYN2c9PSIsInZhbHVlIjoibWVYQitsZFJiMmFFeWRLSnlwcnVVdz09IiwibWFjIjoiZWI0ZjkwODEwZGQ5ZmJkNWU2NmVkMzk2Y2RhOGFkMzAyYjY5YTQzYTZhNDU0Y2Q2MGQxY2UzMzhmOGU5ZWZkYSIsInRhZyI6IiJ9;Aktif;;[Kegiatan Usaha: -, Kategori: -, KBLI: 32903];;;15/12/2025;;OSS - Perorangan;-6,1753225;106,8073895;valid;;;FALSE;FALSE;TRUE;;;invalid;;;;;4
29870493;WARTINI;JL. TANJUNG SELOR NO. 8;3173080001;31;73;80;1;DKI JAKARTA;JAKARTA PUSAT;GAMBIR;CIDENG;eyJpdiI6IllVTkpZcldSSG9ScXNqZXhIaEFYNnc9PSIsInZhbHVlIjoiTlh1c2dvdUUwNGlSTU9jSmp3eGYxZz09IiwibWFjIjoiNTZjZWJmNDIxY2ZjYzM4OGE1NjBjMWExYTRmZDUxZTM2MDE1ZWJmOGJkODZkMzFmNzZhOGE0OTU5NmNiM2U4MyIsInRhZyI6IiJ9;Aktif;;[Kegiatan Usaha: -, Kategori: -, KBLI: 47829];;;20/11/2025;;OSS - Perorangan;-6,1713694;106,8050586;valid;;;FALSE;FALSE;TRUE;;;invalid;;;;;4
29876602;MARIANA;JL. KP. BAKTI VI NO.19A;3173080001;31;73;80;1;DKI JAKARTA;JAKARTA PUSAT;GAMBIR;CIDENG;eyJpdiI6ImZUcTF3bU83SFpoQzArTHpOaUVtRXc9PSIsInZhbHVlIjoiSDE0YUovOGQrUlZCUTlaeFFZeXN0UT09IiwibWFjIjoiMTMyOWU5MGJmOGRlMWJhZDFkYjM5YjY0OTE2NTI4NDIwMjRmZmE2ZGU4ZTRlMjkwZDI3YThmMWFkZjg3NmNjYSIsInRhZyI6IiJ9;Aktif;;[Kegiatan Usaha: -, Kategori: -, KBLI: 47112];;;20/11/2025;;OSS - Perorangan;-6,1753225;106,8073895;valid;;;FALSE;FALSE;TRUE;;;invalid;;;;;4
3006597;CENTRAL ACCESORIES;ITC ROXY MAS LT 1 NO. 1B JL. KH HASYIM ASYARIE NO. 125;3173080001;31;73;80;1;DKI JAKARTA;JAKARTA PUSAT;GAMBIR;CIDENG;eyJpdiI6ImtUU0hsek5LcGRCckI3amVBSzlwbnc9PSIsInZhbHVlIjoiS0FqTmNOcmg2ZHA1Qm4wWUl5T3ZRUT09IiwibWFjIjoiMzc3NTQ2MDM3MjU5MjBhY2FhNDFkMTQwMzNmZWM5YzE0OTAyM2RkNTJlYWU4NTI3ZmJiNTNhOWNhOWYzMTExMiIsInRhZyI6IiJ9;Aktif;;;;;31/12/2025;UMKM;Dir Pajak;-6,1669146;106,8034375;valid;;;FALSE;FALSE;TRUE;;;invalid;;;;;4
30109243;SUHANA;JL. BELAWAN NO.56-A;3173080001;31;73;80;1;DKI JAKARTA;JAKARTA PUSAT;GAMBIR;CIDENG;eyJpdiI6IkhjZVZyMWtDVDl1V3NkM1FKS0VmeFE9PSIsInZhbHVlIjoiZHpzdHdQeDdBbit0OVZZeUFvMExnQT09IiwibWFjIjoiYzk1MmYyMjJmOGQzNjg4YTc4YmQzNWU3YmJmNWI3MDBmMDgxZjU1OWM1ZmY4MzQ1MDM1ZTgxNjhiNWNhZjA2MyIsInRhZyI6IiJ9;Aktif;;[Kegiatan Usaha: -, Kategori: -, KBLI: 56102];;;19/11/2025;;OSS - Perorangan;-6,1748482;106,8070184;valid;;;FALSE;FALSE;TRUE;;;invalid;;;;;4
30117203;SUMIARNI;JL. BELAWAN NO.75;3173080001;31;73;80;1;DKI JAKARTA;JAKARTA PUSAT;GAMBIR;CIDENG;eyJpdiI6IkFKbkxiSzg3SWN3U0taekZBekQvNFE9PSIsInZhbHVlIjoiNmhMUndyckZLeFJsU1hNUHlrRTMzZz09IiwibWFjIjoiYTlhZWZlMWJhZjUyNTU5ZjRiYzhiODRkNWU3YjgyMjViMzg2Y2VkNjg3OTYwNzU1YTgzOWIyMGJiY2IxZWFiMSIsInRhZyI6IiJ9;Aktif;;[Kegiatan Usaha: -, Kategori: -, KBLI: 47711];;;19/11/2025;;OSS - Perorangan;-6,1759347;106,807715;valid;;;FALSE;FALSE;TRUE;;;invalid;;;;;4
30219522;MUHAMMAD IRFAN;JL. BAKTI;3173080001;31;73;80;1;DKI JAKARTA;JAKARTA PUSAT;GAMBIR;CIDENG;eyJpdiI6IlhwQlFqTjFjY3c2NlRaRTdkRFh2Wnc9PSIsInZhbHVlIjoiSWFFcmNLMmxldllCayt0dkFkNGtXZz09IiwibWFjIjoiMTAxYTBmNWMwNmYzMDI4OGVmYWYxZDMxYzcyMjg5MDk0MmM3NDU4Mjg2NDk3OTE5Zjk5MGRkODcyNWFiNWY5ZCIsInRhZyI6IiJ9;Aktif;;[Kegiatan Usaha: -, Kategori: -, KBLI: 47829];;;30/12/2025;;OSS - Perorangan;-6,1741704;106,806337;valid;;;FALSE;FALSE;TRUE;;;invalid;;;;;4
30243633;MULYADI;JL. KP. BHAKTI NO.28;3173080001;31;73;80;1;DKI JAKARTA;JAKARTA PUSAT;GAMBIR;CIDENG;eyJpdiI6InNBMkd2V1MzeWpmaWZLbTd1Sjc3b3c9PSIsInZhbHVlIjoiREN0eVl4YlZ3Rm5WeHBCbHZGUnJLUT09IiwibWFjIjoiMTdmM2ZiMGFkMTU2NmY4MzJiYTVlZTMwODMzOTAyYTQ0YmIxNDUwODdkZTM3YmQ3ZDVlZTg3NGZmOWM4YTE0ZCIsInRhZyI6IiJ9;Aktif;;[Kegiatan Usaha: -, Kategori: -, KBLI: 56102];;;04/12/2025;;OSS - Perorangan;-6,169546;106,80551;valid;;;FALSE;FALSE;TRUE;;;invalid;;;;;4
30309995;SUPARNI;JL CIKANDE NOMOR 27B;3173080001;31;73;80;1;DKI JAKARTA;JAKARTA PUSAT;GAMBIR;CIDENG;eyJpdiI6Ii9UZjdDL0J0cVpBUVA2RHB4akgzUnc9PSIsInZhbHVlIjoiWmhpNHF6N09LVHp5OVI3K1VTQzlkZz09IiwibWFjIjoiOTJkOGQ0MjBiZmY0YTFhYjc0Zjc0ZDg2ZTY5MDZiMzZkODVlZDI2NTJhNjJkOWExN2E3MjA3NGU1MjVjMDM1NyIsInRhZyI6IiJ9;Aktif;;[Kegiatan Usaha: -, Kategori: -, KBLI: 56102];;;19/11/2025;;OSS - Perorangan;-6,1776762;106,8107638;valid;;;FALSE;FALSE;TRUE;;;invalid;;;;;4
30313941;KURNIATI;JALAN CITARUM NO.23;3173080001;31;73;80;1;DKI JAKARTA;JAKARTA PUSAT;GAMBIR;CIDENG;eyJpdiI6IllIVTVDWXhva1ZibXVFYzZXZUN1OWc9PSIsInZhbHVlIjoiVWJ0WDkrRFVieWtzc2lBS3dzVmxhUT09IiwibWFjIjoiYjkxODVjOTNlOTBmNDVkNmU0MTM0YWY4MTFjOWI2NTAxMWIzZTQxMjZhNGFmY2Y2NGRmOTUyMzJhMTM1ZDQ4ZiIsInRhZyI6IiJ9;Aktif;;[Kegiatan Usaha: -, Kategori: -, KBLI: 56102];;;19/11/2025;;OSS - Perorangan;-6,180723;106,8103749;valid;;;FALSE;FALSE;TRUE;;;invalid;;;;;4
30330667;SAMINEM;JL MOTI DLM II NO 10;3173080001;31;73;80;1;DKI JAKARTA;JAKARTA PUSAT;GAMBIR;CIDENG;eyJpdiI6IlIrN3RPTUhlZElOckJIYVEyeFcrclE9PSIsInZhbHVlIjoiMllMaUkwNlFVam9Ia21NY2FmUnFEZz09IiwibWFjIjoiODYzMzFkNDk4N2FkMmFlOTZjMDU0ZGU4NjgwYTJmNWZjMWJmZGU4MDZmMDA5MWI3ZGI1YjBhY2UwNWZiNDFmMSIsInRhZyI6IiJ9;Aktif;;[Kegiatan Usaha: -, Kategori: -, KBLI: 95291];;;19/11/2025;;OSS - Perorangan;-6,1671027;106,806107;valid;;;FALSE;FALSE;TRUE;;;invalid;;;;;4
30383738;NURLAELA;Jl. Petojo VIY II DALAM 2 NO.22;3173080001;31;73;80;1;DKI JAKARTA;JAKARTA PUSAT;GAMBIR;CIDENG;eyJpdiI6IjB1dnRWMHkrMnRtTVZDTFcrTW81UkE9PSIsInZhbHVlIjoiOGdCS0RNTHQ4a0NLUWtxZFBTTW5pQT09IiwibWFjIjoiZDZiOGVlZTBmNzFiMzFmYTY2YjEwYzc3ZmRhZTgyNGU4NjVhYzM4ZGRjY2VkNDU0YzVhOTZjYjVjNzU1Y2VjNiIsInRhZyI6IiJ9;Aktif;;[Kegiatan Usaha: -, Kategori: -, KBLI: 10792];;;19/11/2025;;OSS - Perorangan;-6,1706927;106,8072359;valid;;;FALSE;FALSE;TRUE;;;invalid;;;;;4
30385267;YULIAWATI;JL CITARUM ATAS;3173080001;31;73;80;1;DKI JAKARTA;JAKARTA PUSAT;GAMBIR;CIDENG;eyJpdiI6IlhhZVZNS3cwZGttMVE0NU0vOGU2SFE9PSIsInZhbHVlIjoiTjhwYStETTdnV2NEM2dCT3pSTVJUQT09IiwibWFjIjoiNGM0NjI1NWZhNWE0Mjg4YWU3NDMxNTc1ZDAyZTJlNDgzNDdjZWJkNWNiNTE5ZGQxMWZjMjRlY2JlYmIyYjQxOCIsInRhZyI6IiJ9;Aktif;;[Kegiatan Usaha: -, Kategori: -, KBLI: 95291];;;19/11/2025;;OSS - Perorangan;-6,1790917;106,8100331;valid;;;FALSE;FALSE;TRUE;;;invalid;;;;;4
30404815;ERNAWATI;JALAN KAYOA DALAM F22;3173080001;31;73;80;1;DKI JAKARTA;JAKARTA PUSAT;GAMBIR;CIDENG;eyJpdiI6Imt5ZmlPaGJXNEdoVzAzLzgvd2V4Rmc9PSIsInZhbHVlIjoia2JsVDRGSE1NRHdQY0VmWFR2K2dGQT09IiwibWFjIjoiZGNjZjU5ZjI3Nzg3NTljNjEzNWFlN2Q2MGJjMTljNjI1YjFiMGY1MDRmZDY5NDk3NWJkN2FmODVkNzJjNjJiZCIsInRhZyI6IiJ9;Aktif;;[Kegiatan Usaha: -, Kategori: -, KBLI: 47711];;;19/11/2025;;OSS - Perorangan;-6,167781;106,8058596;valid;;;FALSE;FALSE;TRUE;;;invalid;;;;;4
30441287;RAHMAYANTI;JL BENGAWAN NO 67;3173080001;31;73;80;1;DKI JAKARTA;JAKARTA PUSAT;GAMBIR;CIDENG;eyJpdiI6ImZ5VmFSeFMzcGk3aFJUVXhNMHpsWmc9PSIsInZhbHVlIjoiWGhrNFk5Wnl1b2lNNGQ2Z0RNaGt5UT09IiwibWFjIjoiOWY0NDFhNjllZDMzOTE5NWIyMTViM2EwM2UyYzRiM2M1OGJlNWRmYjQ0NTY2NzkzMDlkODhlODliZmIyNTU1NSIsInRhZyI6IiJ9;Aktif;;"[Kegiatan Usaha: -, Kategori: -, KBLI: 47742]; [Kegiatan Usaha: -, Kategori: -, KBLI: 47711]";;;19/11/2025;;OSS - Perorangan;-6,1786647;106,8111611;valid;;;FALSE;FALSE;TRUE;;;invalid;;;;;4
30513614;Maryani;Jl. Tanjung Selor;3173080001;31;73;80;1;DKI JAKARTA;JAKARTA PUSAT;GAMBIR;CIDENG;eyJpdiI6InNDS1FZdTY4cWdTdjRTa3k1MTgyckE9PSIsInZhbHVlIjoiS01TQ3R6TkIrQ1VLRVVvM04xWTNDdz09IiwibWFjIjoiZWY2M2U2Mzg5MDUyZTg1MjBlZmIwOTA0YzI3NGI3ODc3ZTAzMTAzMWYyNDkyZDllZGFhNTVhM2NkOTJjNTk4MyIsInRhZyI6IiJ9;Aktif;;[Kegiatan Usaha: -, Kategori: -, KBLI: 10799];;;30/12/2025;;OSS - Perorangan;-6,1701579;106,8040702;valid;;;FALSE;FALSE;TRUE;;;invalid;;;;;4
30520809;KEVIN;JL. MOROTAI NO1-B;3173080001;31;73;80;1;DKI JAKARTA;JAKARTA PUSAT;GAMBIR;CIDENG;eyJpdiI6ImxyZHBncVVSNHFCZkpGUDdDNUJzRXc9PSIsInZhbHVlIjoiczNueHJ5NjRyd3JnRnpHVEROeTVRQT09IiwibWFjIjoiNDlkODEyNzYwYmI1NzQ0MTRiYWY2M2E1MWI0YTU0NzgyYzYxYTBhNGE2NDhhMWM0MDlkNzc2OTY2ZDVkYmQ3ZSIsInRhZyI6IiJ9;Aktif;;[Kegiatan Usaha: -, Kategori: -, KBLI: 10772];;;08/12/2025;;OSS - Perorangan;-6,1689573;106,8054969;valid;;;FALSE;FALSE;TRUE;;;invalid;;;;;4
30529966;SUPARTI;JL. TIDORE DLM II / A2;3173080001;31;73;80;1;DKI JAKARTA;JAKARTA PUSAT;GAMBIR;CIDENG;eyJpdiI6IlBybkVLYjVqaXZPMDZ3dGJyanZyRlE9PSIsInZhbHVlIjoicnk4V3Y5aTM5UzJETmtGRnJwODB3dz09IiwibWFjIjoiMTE2MjdmMDM1MDI1ZWZmMTcyMmI3ZjhlNzFkOTQ1MTZmM2RlMTMyZjNjY2ExZWNlZDdiMzQ5NjdlZGVhYTZlYyIsInRhZyI6IiJ9;Aktif;;[Kegiatan Usaha: -, Kategori: -, KBLI: 56102];;;22/12/2025;;OSS - Perorangan;-6,1666952;106,8071853;valid;;;FALSE;FALSE;TRUE;;;invalid;;;;;4
30547237;HARTINI;L. KAYOA DALAM F30 RT 7 RW 5;3173080001;31;73;80;1;DKI JAKARTA;JAKARTA PUSAT;GAMBIR;CIDENG;eyJpdiI6IlA5eEtudUxPWjMrRnBIcGo3amhsQmc9PSIsInZhbHVlIjoibVJEQnA2VFFaNzFsR1JSdjdCNlNmdz09IiwibWFjIjoiZDNiYzA2NDZkZmE5NDg1OTg5MGIzMTdmZDg0NjBlODIwZGE1NGRjYWMzZjBhMDBlNzc3NTJlNWEzNGU2MGQ3NyIsInRhZyI6IiJ9;Aktif;;[Kegiatan Usaha: -, Kategori: -, KBLI: 47112];;;19/11/2025;;OSS - Perorangan;-6,16777734;106,8057104;valid;;;FALSE;FALSE;TRUE;;;invalid;;;;;4
3057608;TEKNOLOGI SINAR NUSANTARA;Roxy Mas Blok E2 no 35 Jl K.H. Hasyim Ashari 125 Kelurahan Cideng Kecamatan Gambir Kota Jakarta;3173080001;31;73;80;1;DKI JAKARTA;JAKARTA PUSAT;GAMBIR;CIDENG;eyJpdiI6IlYrK2RmdFljQXNDYVJYcENYdXlPdVE9PSIsInZhbHVlIjoiWEpVRXc5RWlDbmZOUEt5MXRYaFYzZz09IiwibWFjIjoiODVjMzg4ZTI2NmI1MjRlODk2YTI2ZDc3NDNkNjEyNTIzNGY0NjdjNTk3NDdkZDhjMDQwNGIzNjQxNDNmNTNlZiIsInRhZyI6IiJ9;Aktif;;"[Kegiatan Usaha: -, Kategori: M, KBLI: 70203]; [Kegiatan Usaha: -, Kategori: -, KBLI: 62019]; [Kegia...";;;17/06/2025;UMKM;Dir Pajak;-6,166433;106,802984;valid;;;FALSE;FALSE;TRUE;;;invalid;;;;;4
3058268;VALEN INDONESIA UTAMA;GD. GRAHA JAYA MULIA LT.I NO.1A, JL. KH. HASYIM ASHARI;3173080001;31;73;80;1;DKI JAKARTA;JAKARTA PUSAT;GAMBIR;CIDENG;eyJpdiI6IjErRGNxTEd1cnhkQjZoMjlzUnUxS2c9PSIsInZhbHVlIjoib01OcnZVSVlLd2k0c3VINjFEcmsrdz09IiwibWFjIjoiYjJkMGFjZTU3ZjQ2MDRmYmM3MmVmYzRhYTRhNmRjMzZkMjcwYjk5MmJjZGQyNGZlYzg2N2YxYzY2NmMxNWZhNSIsInRhZyI6IiJ9;Aktif;;;;;31/12/2025;UMKM;Dir Pajak;-6,165851116;106,8100433;valid;;;FALSE;FALSE;TRUE;;;invalid;;;;;4
30619806;Dwi lestari;Jl Petojo Viy Rt4 Rw14;3173080001;31;73;80;1;DKI JAKARTA;JAKARTA PUSAT;GAMBIR;CIDENG;eyJpdiI6ImJyRnlJZmVyY1ZNYURZSm5IdVRQQ2c9PSIsInZhbHVlIjoiYjJOVWNieHlBTlNyV2JWNVlPWGxOdz09IiwibWFjIjoiY2UxMjE2MGIyZmE5ZjIwNTQ1NzA1NTA4MDJlY2VmZjdiY2YxZjczZjQwNGY0OGI4ZmM1N2IwYmE4N2NmYWZjNiIsInRhZyI6IiJ9;Aktif;;[Kegiatan Usaha: -, Kategori: -, KBLI: 10799];;;19/11/2025;;OSS - Perorangan;;;invalid;;;FALSE;FALSE;TRUE;;;invalid;;;;;4
30700183;SUGIARTO;JL. CIDENG BARAT DALAM 12;3173080001;31;73;80;1;DKI JAKARTA;JAKARTA PUSAT;GAMBIR;CIDENG;eyJpdiI6IlZWMjFPdkJtZ1drR1NIQTFKMlp6bFE9PSIsInZhbHVlIjoiNkxkZUxUa2dQN1JTblpCWGNVWlQvUT09IiwibWFjIjoiOGVlYTNlNDA2MDA1N2NmYmRhZjNlMzlhZWEzZTMyOTU4NzdlNzIxOGIxNjUzMDhkYTI1YTU2MjdjMDMxNTk3NiIsInRhZyI6IiJ9;Aktif;;[Kegiatan Usaha: -, Kategori: -, KBLI: 56102];;;19/11/2025;;OSS - Perorangan;-6,1802481;106,8124239;valid;;;FALSE;FALSE;TRUE;;;invalid;;;;;4
30748775;SUKINAH;JL. TANJUNG SELOR BARAT NO. 16;3173080001;31;73;80;1;DKI JAKARTA;JAKARTA PUSAT;GAMBIR;CIDENG;eyJpdiI6Im9uTEdIMDByMkNPQkVmU0NmUG9zSGc9PSIsInZhbHVlIjoiUXdaOHBGc2RoOUNmelg1K0ZZVkQ4UT09IiwibWFjIjoiZGRhZDMyMDA4OGFjNjJlNjg1OGMzYjk4MjAwYTI0NzVkNjgzMjU2YWMyMDZjNzAzNjAzNzQ0YWU3M2IwNTMxMCIsInRhZyI6IiJ9;Aktif;;[Kegiatan Usaha: -, Kategori: -, KBLI: 47112];;;19/11/2025;;OSS - Perorangan;-6,1729029;106,8091025;valid;;;FALSE;FALSE;TRUE;;;invalid;;;;;4
30817962;INDRA;JL. CIDENG BARAT NO. 4;3173080001;31;73;80;1;DKI JAKARTA;JAKARTA PUSAT;GAMBIR;CIDENG;eyJpdiI6Im1idzV0UGUwOUQ4MkhTN0llZmtyVkE9PSIsInZhbHVlIjoidVVQR3kyMVJWZU9mWXNTR0JqWGR0dz09IiwibWFjIjoiMjdhYzQ4YzU2YjFmNDVkNjUxYzk5MTRkNjgwMGE2YzFkYmM1ZDgxNGM0Y2M0Y2NhZTI2ZTgzZDY3ZTA4NTYwMiIsInRhZyI6IiJ9;Aktif;;[Kegiatan Usaha: -, Kategori: -, KBLI: 10631];;;19/11/2025;;OSS - Perorangan;-6,1675883;106,8103251;valid;;;FALSE;FALSE;TRUE;;;invalid;;;;;4
3082272;BANK MANDIRI (PERSERO);JL CIDENG BARAT;3173080001;31;73;80;1;DKI JAKARTA;JAKARTA PUSAT;GAMBIR;CIDENG;eyJpdiI6ImJaVUgvT3U2cmNkSVF1M0VyWWRLdWc9PSIsInZhbHVlIjoiVWVEbXFxSTJndzFFOEV5ckxFR2t2dz09IiwibWFjIjoiNjQxZjIxMmQxNjM3NjY4MTM0YjBjYTViNmJmN2U0M2VlZjA2ZGQxMzBkYTU2NGM1MWY2Y2Y1NjcyMTllYTkyMiIsInRhZyI6IiJ9;Aktif;;[Kegiatan Usaha: -, Kategori: K, KBLI: 64121];;;26/10/2025;UMKM;Dir Pajak;-6,1727276;106,8111658;valid;;;FALSE;FALSE;TRUE;;;invalid;;;;;4
30825294;SUHARI;KP. BAKTI NO. 14 RT 4 RW 7;3173080001;31;73;80;1;DKI JAKARTA;JAKARTA PUSAT;GAMBIR;CIDENG;eyJpdiI6Ik5HNkc1YkF3ZjJTczdkSnM1dFl5SEE9PSIsInZhbHVlIjoidi91QURYbEt4cTNNSGNlbzFlYXpnZz09IiwibWFjIjoiMWY0NzhjZTgxYmJmN2I3YTFlODRhY2NkZjQwN2I2N2Q5YzAwNTdmMDdkOWZkNTdlMWQxMDliZGE0NTNjYzc5YiIsInRhZyI6IiJ9;Aktif;;[Kegiatan Usaha: -, Kategori: -, KBLI: 56109];;;19/11/2025;;OSS - Perorangan;-6,1673176;106,8058073;valid;;;FALSE;FALSE;TRUE;;;invalid;;;;;4
30835540;ANDRIA;JL BENGAWAN NO 27;3173080001;31;73;80;1;DKI JAKARTA;JAKARTA PUSAT;GAMBIR;CIDENG;eyJpdiI6Im9RZFJsN080VTlLcFpHR1VydXdPclE9PSIsInZhbHVlIjoiMjV1aEh6a0cvQ1BZbG9TSlVRSHBhUT09IiwibWFjIjoiMWY1YTVlNzU2YjI5ZTZlMDQ4MTQxNzUwNjUyYTBlMjI0ZmJiYWYxYmFkNTdhMmQ3Yjg4N2M2MGFkODgzNDA3ZSIsInRhZyI6IiJ9;Aktif;;"[Kegiatan Usaha: -, Kategori: -, KBLI: 10750]; [Kegiatan Usaha: -, Kategori: -, KBLI: 10794]";;;04/12/2025;;OSS - Perorangan;-6,1786034;106,811682;valid;;;FALSE;FALSE;TRUE;;;invalid;;;;;4
30837033;WINARTO;JL. KAYOA DALAM F37;3173080001;31;73;80;1;DKI JAKARTA;JAKARTA PUSAT;GAMBIR;CIDENG;eyJpdiI6ImJwY2ZCaWVBNHZmU1UxSkVOTVZIUnc9PSIsInZhbHVlIjoiOWpPbXplM2xBbFcxWGpxS0U4WE1Xdz09IiwibWFjIjoiNTA0MzI3OTBkODM2OTA0ODdkMDFkN2MyMTMwNzRiODdiNjgzZTkwOWZjZmQxZWEzN2Y3NWUxOWQzYTZhNzc5OSIsInRhZyI6IiJ9;Aktif;;[Kegiatan Usaha: -, Kategori: -, KBLI: 47711];;;19/11/2025;;OSS - Perorangan;-6,167781;106,8058596;valid;;;FALSE;FALSE;TRUE;;;invalid;;;;;4
30842780;SITI SALMIAH ;JL.PETOJO SELATAN XII NO.30E;3173080001;31;73;80;1;DKI JAKARTA;JAKARTA PUSAT;GAMBIR;CIDENG;eyJpdiI6IjhBNkJtRDVjaTBQVkx3YmdRUUtRVEE9PSIsInZhbHVlIjoiVGRRN1ZOWUV0WGF4VGpxMzNmQXR2dz09IiwibWFjIjoiYWU3N2Q1MTgwNjBlYzIwOTY3MjZjYTAwMmUyZGI5NWVkY2E4N2RjMjc2ZGNkYzcxMjY2MTY5Y2Y1ZDA3NTRhZCIsInRhZyI6IiJ9;Aktif;;[Kegiatan Usaha: -, Kategori: -, KBLI: 47112];;;19/11/2025;;OSS - Perorangan;-6,1672266;106,8089831;valid;;;FALSE;FALSE;TRUE;;;invalid;;;;;4
30855032;SITI HASANAH;JL. TIDORE 28 RT 10 RW 5;3173080001;31;73;80;1;DKI JAKARTA;JAKARTA PUSAT;GAMBIR;CIDENG;eyJpdiI6InVIVFAyZElHNU1QcUJ3UlJnLzlhTlE9PSIsInZhbHVlIjoiQ1VmSlFnVUJCaDdiTWdhRTlQRXltZz09IiwibWFjIjoiOGVhZmJkYjM4ZGIwYWQ5YzBiNDRhNjg2NDdhNzlkMjgxMWJiNzZhNDQ1NmNhNDRhOGNmMDNlODY2N2QxYThjMyIsInRhZyI6IiJ9;Aktif;;[Kegiatan Usaha: -, Kategori: -, KBLI: 47112];;;19/11/2025;;OSS - Perorangan;-6,166789252;106,8053272;valid;;;FALSE;FALSE;TRUE;;;invalid;;;;;4
3090222;MANDIRI SUKSES SEJATI;ITC ROXY MAS LANTAI DASAR NO.7, JL.KH. HASYIM ASHARI;3173080001;31;73;80;1;DKI JAKARTA;JAKARTA PUSAT;GAMBIR;CIDENG;eyJpdiI6Inh3RmI2Wm5DNGxWMTBYRkhiVCsrQ0E9PSIsInZhbHVlIjoiYmptMlAyYUtiNFl6clBqa241RnBEdz09IiwibWFjIjoiNWRkZTk1ZDJiYjUyNDYxNDVhNTA4ZTBjOTA0NzVhMzQ5Zjg5ZTA0YTE0MDQ0MGYwMTU1ZTNiZjA3ZjIxYWI4OCIsInRhZyI6IiJ9;Aktif;;;;;31/12/2025;UMKM;Dir Pajak;-6,1669146;106,8034375;valid;;;FALSE;FALSE;TRUE;;;invalid;;;;;4
30950071;MARSILAH;JL CIDENG BARAT DALAM NO. 12;3173080001;31;73;80;1;DKI JAKARTA;JAKARTA PUSAT;GAMBIR;CIDENG;eyJpdiI6IjNhMG9WeWhCQk9xMlN2eU92VlRYREE9PSIsInZhbHVlIjoiWXhZaTYyemQ2Ry9vZzhPbnZaTEFYdz09IiwibWFjIjoiYjk0MWUwMjVjMmE3NTg5ZjczYTRjMTc5ZjliZDBhMGRlYzk1NmFiODk4MzUxNGY2NWYxMjI4ZTcyNmUxMDU1NiIsInRhZyI6IiJ9;Aktif;;"[Kegiatan Usaha: -, Kategori: -, KBLI: 47112]; [Kegiatan Usaha: -, Kategori: -, KBLI: 56102]";;;08/12/2025;;OSS - Perorangan;-6,1810923;106,8121479;valid;;;FALSE;FALSE;TRUE;;;invalid;;;;;4
30970639;SITI FATIMAH;JL. PETOJO VIY VII NO.2 RT. 002 RW. 006;3173080001;31;73;80;1;DKI JAKARTA;JAKARTA PUSAT;GAMBIR;CIDENG;eyJpdiI6IjdjYlVNVzNjQWJYeGVxYTJlZFFwTEE9PSIsInZhbHVlIjoiVlhkTzNxdWVOeTBxN00rOUVRdDZOQT09IiwibWFjIjoiYzg4MWZlZWM0ODE5ZWUwMDkwMTg1ODRlZjVjNTNkZDAwYmRhN2RlMzQxZWRkYjExMjYxZWJhYTM0ZTY0OWNmZiIsInRhZyI6IiJ9;Aktif;;;;;31/12/2025;;OSS - Perorangan;-6,172477109;106,807647;valid;;;FALSE;FALSE;TRUE;;;invalid;;;;;4
30970900;BENNY;JL. PETOJO VIY V NO. 19-A;3173080001;31;73;80;1;DKI JAKARTA;JAKARTA PUSAT;GAMBIR;CIDENG;eyJpdiI6IkVCTldzUUs0WjNsdlZJTzFmZk1xZlE9PSIsInZhbHVlIjoiWktaTEwwNFYyelpnUGxuWXczd2FyQT09IiwibWFjIjoiMjg2ODg0MTJiYzdhNGYwMjJlMTNjODNhMmJjYTlmNDFkZjUxYWM4YWQ0YzBjMjVmMjk0M2M1ZmYyNDg3YWIzNyIsInRhZyI6IiJ9;Aktif;;[Kegiatan Usaha: -, Kategori: -, KBLI: 47112];;;08/12/2025;;OSS - Perorangan;-6,1716808;106,8092883;valid;;;FALSE;FALSE;TRUE;;;invalid;;;;;4
30978661;TRIYANA;JL. CIDENG BARAT DALAM 18;3173080001;31;73;80;1;DKI JAKARTA;JAKARTA PUSAT;GAMBIR;CIDENG;eyJpdiI6InhLdkx6aWdOV0xsMkIzUFoxQStqaWc9PSIsInZhbHVlIjoiODREcnNWS3NqSHJmVTQ2eEFEdEJ0UT09IiwibWFjIjoiNjEyOTU4NDcxOTAxNmQ4NGRhZjNhNWI3ZDIzNGNlM2MxMjBiYWZhYmI3MDFkMWIwNDlhYWYyODFmMTg0NjIwNCIsInRhZyI6IiJ9;Aktif;;[Kegiatan Usaha: -, Kategori: -, KBLI: 47112];;;19/11/2025;;OSS - Perorangan;;;invalid;;;FALSE;FALSE;TRUE;;;invalid;;;;;4
31004958;SULIANA;JL. SANGIHE DLM C/48, RT.006 RW.004;3173080001;31;73;80;1;DKI JAKARTA;JAKARTA PUSAT;GAMBIR;CIDENG;eyJpdiI6IjJGNFpSR2NkaHh5c01RbEsxTm9HcHc9PSIsInZhbHVlIjoiQVA3dXIrOFZSazkzQnJXNnFMVGZydz09IiwibWFjIjoiZjU2Njc5Mzg1OWE5ZTA3NGM2ZTI4MTFiZTExNWNlMjZkMDkwNjhhZmFlOTIwN2E5MzMzNDM0NDE2MWU0Nzk2NCIsInRhZyI6IiJ9;Aktif;;[Kegiatan Usaha: -, Kategori: -, KBLI: 47242];;;19/11/2025;;OSS - Perorangan;-6,169506009;106,8099446;valid;;;FALSE;FALSE;TRUE;;;invalid;;;;;4
31209894;MARYATI;JL. BANJARMASIN TT NO 15;3173080001;31;73;80;1;DKI JAKARTA;JAKARTA PUSAT;GAMBIR;CIDENG;eyJpdiI6IkxTdm9YcWsxekxhWlhYaW4wUXpQUGc9PSIsInZhbHVlIjoidTk5bGZKemJrVDB5Z0ZVamQ4ZDlwdz09IiwibWFjIjoiN2E5NmNjYzI1N2EzYWRjMjVjYzc1YTUwNjMzNjBmZTY2MTA0MmFkNDdjOWJjMjlhM2UyMDA3ZWU0ZGY2ZDdkOSIsInRhZyI6IiJ9;Aktif;;[Kegiatan Usaha: -, Kategori: -, KBLI: 49423];;;20/11/2025;;OSS - Perorangan;-6,1708267;106,8051401;valid;;;FALSE;FALSE;TRUE;;;invalid;;;;;4
31277657;WINARNI;Jl. Cideng barat dalam 12;3173080001;31;73;80;1;DKI JAKARTA;JAKARTA PUSAT;GAMBIR;CIDENG;eyJpdiI6IkZOMU5zTWsrOXpEbkJIV29ORlhWWXc9PSIsInZhbHVlIjoiKzZ4UmdoSzdUdlVReXZDTmR3U0VoUT09IiwibWFjIjoiZDFjYjg0MDY5ODc3MDJhMDQ3NzdmNjUyMzA2Y2JlNDRiZGMyYTIyNjUzYjEwZWRkZGE0NGQ1Y2Y1N2NkYzE5NCIsInRhZyI6IiJ9;Aktif;;[Kegiatan Usaha: -, Kategori: -, KBLI: 56103];;;20/11/2025;;OSS - Perorangan;-6,1802481;106,8124239;valid;;;FALSE;FALSE;TRUE;;;invalid;;;;;4
31302762;AHMAD FAUZAN;JL. KAMPUNG BAKTI NO. 9 RT 003 RW 007;3173080001;31;73;80;1;DKI JAKARTA;JAKARTA PUSAT;GAMBIR;CIDENG;eyJpdiI6InYyK3d3RVkySzZ6cjZGaDgwT3BVeHc9PSIsInZhbHVlIjoieERCZG0wRit3cmFWSkRhbmpDUHBndz09IiwibWFjIjoiMzU1M2QwYjY5NWU3YTc3ZWZmOWM5NWU1NmYxOTVlYmJlMDg0Mzk1NjIxOTI0MTk1MzZjNWQwN2UyYjI1YWY5OSIsInRhZyI6IiJ9;Aktif;;[Kegiatan Usaha: -, Kategori: -, KBLI: 55900];;;20/11/2025;;OSS - Perorangan;-6,167624562;106,8018068;valid;;;FALSE;FALSE;TRUE;;;invalid;;;;;4
3133012;FILM LINE NAYFOSINDO;JL. TERNATE NO. 19, CIDENG;3173080001;31;73;80;1;DKI JAKARTA;JAKARTA PUSAT;GAMBIR;CIDENG;eyJpdiI6InJIT1BvdkdqUElVdFpDVWpxaVdOZVE9PSIsInZhbHVlIjoiczlyZFBrQ09pYmFzOUVXaGhmeEJvZz09IiwibWFjIjoiMTJjNThjYzE4ZmU2ZjlkYzc3Y2Q2ZjU5MGY1NmFmODYyZWM1NzRmZWRjZTBlZTU5YTJmMjI5ZjVjODQyMzAwMyIsInRhZyI6IiJ9;Aktif;;;;;31/12/2025;UMKM;Dir Pajak;-6,169588089;106,8065567;valid;;;FALSE;FALSE;TRUE;;;invalid;;;;;4
31346228;KRISTIAN WAHYUDI;JL. SANGIHE DALAM BLOK B NO 21;3173080001;31;73;80;1;DKI JAKARTA;JAKARTA PUSAT;GAMBIR;CIDENG;eyJpdiI6IlFFdGxvSnRGM2JpSHUwbEtyWWd2bVE9PSIsInZhbHVlIjoiTkRYWCtLbXl5aGFnRHliN3hxMVZ0dz09IiwibWFjIjoiNmUxM2IzYzEyZmI4YzVjZThjNGU4MWI3YmY4OTM3NGM1YWMxOTk2Mjk1MmI3ZWU3YmVkZjI2YTBjMmY4OWQ0YSIsInRhZyI6IiJ9;Aktif;;[Kegiatan Usaha: -, Kategori: -, KBLI: 18120];;;20/11/2025;;OSS - Perorangan;-6,1695691;106,8101177;valid;;;FALSE;FALSE;TRUE;;;invalid;;;;;4
31371772;YATI;JL. KP BAKTI;3173080001;31;73;80;1;DKI JAKARTA;JAKARTA PUSAT;GAMBIR;CIDENG;eyJpdiI6IkVqcG5kcTllMEVrRXJsc0hvcXlaeWc9PSIsInZhbHVlIjoiVDZCT09OWnlFa05FZFFoaXFEc2o4Zz09IiwibWFjIjoiZGNiMDUyZDA2MjM1MzZmNDhmZWNmMzU0N2RjZDE5MmNhZTY5NDgzNTVkNDUxODA4NDJjOTg2MzcwNmU1OTBlYiIsInRhZyI6IiJ9;Aktif;;[Kegiatan Usaha: -, Kategori: -, KBLI: 55900];;;20/11/2025;;OSS - Perorangan;-6,1799932;106,8108442;valid;;;FALSE;FALSE;TRUE;;;invalid;;;;;4
31437342;MARTIANI TAMBUNAN;JL KP BAKTI V NO 14 ;3173080001;31;73;80;1;DKI JAKARTA;JAKARTA PUSAT;GAMBIR;CIDENG;eyJpdiI6InBiMFd1TnBiYy8wbkpVallkazBOZmc9PSIsInZhbHVlIjoiNE03VElsZHVraW1vRVZLeWJWTFlWZz09IiwibWFjIjoiZDFiMDdmN2Q0MjRkZTdlYzI1ZGVjZTZmNjZhMDdhZDI2OGQyMzI4ODM4MGRiOGZhNmM3MDk4OTgwMjcyMmU0YyIsInRhZyI6IiJ9;Aktif;;[Kegiatan Usaha: -, Kategori: -, KBLI: 63111];;;20/11/2025;;OSS - Perorangan;;;invalid;;;FALSE;FALSE;TRUE;;;invalid;;;;;4
31442692;MAULANI;JL.CIDENG BARAT 93;3173080001;31;73;80;1;DKI JAKARTA;JAKARTA PUSAT;GAMBIR;CIDENG;eyJpdiI6IkhlUTJsL0RibXFOVVNNRU5FUEI4QVE9PSIsInZhbHVlIjoiVnVnSlVZTnpoZDFyYStaM1BHZEYwdz09IiwibWFjIjoiZjk3ZDM2ZWI4NTgxODUyMDcwNDhlOTE5OTlmMmQ2M2MxNzI2MGUzNDIzZTk1MWNkMTI1Y2Q4ZjUxNTFlMDhhMyIsInRhZyI6IiJ9;Aktif;;[Kegiatan Usaha: -, Kategori: -, KBLI: 01619];;;04/12/2025;;OSS - Perorangan;-6,1794415;106,8122493;valid;;;FALSE;FALSE;TRUE;;;invalid;;;;;4
31456554;SITI ROCHANI;JL PETOJO SELATAN XIII;3173080001;31;73;80;1;DKI JAKARTA;JAKARTA PUSAT;GAMBIR;CIDENG;eyJpdiI6ImMwbnk0ejNjNnFvL1V3L0JSRW81WkE9PSIsInZhbHVlIjoiTDBOVFMzNFhqbFFVaDQ4ZEZJL09FZz09IiwibWFjIjoiZTQwZWQ1ZjliYThkYWU4OTFjZmFlMzM0YTA5YjFkMGJlZTdiODkwZjA2YzRmYTZlY2VlNTZmZTNhMWMwYmQyMyIsInRhZyI6IiJ9;Aktif;;[Kegiatan Usaha: -, Kategori: -, KBLI: 14120];;;04/12/2025;;OSS - Perorangan;-6,1666026;106,8089121;valid;;;FALSE;FALSE;TRUE;;;invalid;;;;;4
31481476;WARTINI;JL. TANJUNG SELOR NO.8;3173080001;31;73;80;1;DKI JAKARTA;JAKARTA PUSAT;GAMBIR;CIDENG;eyJpdiI6IlFNWE1oV1FTMFNtWEJqV2Z2ZFNvK3c9PSIsInZhbHVlIjoiTk5XNWszZlQzRzdaYlVJRDV4dUxxdz09IiwibWFjIjoiNDFhNzdkZjI2MjQxOTgzOTNmMjYyZTkxMjhhOTgwNDY1ZjUzZmViNjY4ZjA3N2ZmMGI5OGMyNDYwNWJlMDFmNyIsInRhZyI6IiJ9;Aktif;;[Kegiatan Usaha: -, Kategori: -, KBLI: 47192];;;08/12/2025;;OSS - Perorangan;-6,1713694;106,8050586;valid;;;FALSE;FALSE;TRUE;;;invalid;;;;;4
31497492;DINNA RESDIANA ;JL.CIDENG BARAT DALAM 12;3173080001;31;73;80;1;DKI JAKARTA;JAKARTA PUSAT;GAMBIR;CIDENG;eyJpdiI6InQ2S2FSYnFDTHRRbHZzeXROSWZ6bmc9PSIsInZhbHVlIjoiYlVZdmhUazEyVTZQakFzU09SSThIZz09IiwibWFjIjoiYmRmYzQ1NTlmY2JkMWU3ZDBiNWVjYzRjOGUzMmYwNGRhMDYzMThkMzBlYzNhODk1ZWY4NGZhOGJiNWQ5ODVjZiIsInRhZyI6IiJ9;Aktif;;[Kegiatan Usaha: -, Kategori: -, KBLI: 10750];;;08/12/2025;;OSS - Perorangan;-6,1802481;106,8124239;valid;;;FALSE;FALSE;TRUE;;;invalid;;;;;4
31563541;NIKE EFENDI;JALAN CILEUNGSIR NO 10;3173080001;31;73;80;1;DKI JAKARTA;JAKARTA PUSAT;GAMBIR;CIDENG;eyJpdiI6IjhMK1hoQXhCNVg1TGJxYm5kTkR4RkE9PSIsInZhbHVlIjoiL0ZicGJEdkRSQkpUOHZoVmxJNEw3dz09IiwibWFjIjoiOTZmMGUwMzQ3MzhjNzBhN2RiZjA3YTNmZDI0YTk5YWZjMzc1NWZmNDk5ODI0OWI0OWM3NjI1YTg3N2JiNjI2MSIsInRhZyI6IiJ9;Aktif;;[Kegiatan Usaha: -, Kategori: -, KBLI: 46412];;;20/11/2025;;OSS - Perorangan;-6,1778707;106,8108666;valid;;;FALSE;FALSE;TRUE;;;invalid;;;;;4
31566343;SURYOTO;KAMPUNG BAKTI RT. 005 RW. 007;3173080001;31;73;80;1;DKI JAKARTA;JAKARTA PUSAT;GAMBIR;CIDENG;eyJpdiI6Ilg5aWxlSVRvTnpWczlnaTF2V0g5dWc9PSIsInZhbHVlIjoidVJHeWFUUTVYZDlyUDZhSkZkU0RqZz09IiwibWFjIjoiOTQ3YTJlOTNhOGI5ZjY1M2ZhOWY1MWU3MGJjNzI1MGZiYTczZDQyNjAyNTIzZGMyYWM3ZGVjZTRjZjdlM2VhYyIsInRhZyI6IiJ9;Aktif;;[Kegiatan Usaha: -, Kategori: -, KBLI: 47249];;;20/11/2025;;OSS - Perorangan;-6,16853921;106,8025544;valid;;;FALSE;FALSE;TRUE;;;invalid;;;;;4
31592910;HARTATI;JALAN TANJUNG SELOR NO. 14, RT. 008 RW. 007;3173080001;31;73;80;1;DKI JAKARTA;JAKARTA PUSAT;GAMBIR;CIDENG;eyJpdiI6Ikszays3VVRXMkhFdDk2K1Vta2tqaXc9PSIsInZhbHVlIjoiZHFJWFdPRTEzaE4vOS9mOGdKVFAzdz09IiwibWFjIjoiYzE3ZmE1MzJkMzlhZjRmZjY3MDM3ODA1OGIwNDRmNGQ0NWMzYTkyNjE2YjMwOGVlYTQwZTJjY2JmYjJkMjY0NCIsInRhZyI6IiJ9;Aktif;;[Kegiatan Usaha: -, Kategori: -, KBLI: 47112];;;20/11/2025;;OSS - Perorangan;-6,1697222;106,8034941;valid;;;FALSE;FALSE;TRUE;;;invalid;;;;;4
31594077;MUHAMAD TAUFIK;JALAN TANJUNG SELOR NO.3 RT.009 RW.007;3173080001;31;73;80;1;DKI JAKARTA;JAKARTA PUSAT;GAMBIR;CIDENG;eyJpdiI6Ikd5dGhwbXkzbU9ncDlCbmlTSnVBMVE9PSIsInZhbHVlIjoiZ2dMZVJlRFhzQXROekNlYmc3b2NEUT09IiwibWFjIjoiZGFhNTgzZWQxNDFkMGNiNjFjOTAzYTRjYjUzMjAxZDkyYmQ1YmM4MjM1NDZlODczNjIxMWRiYWM1YjhmNzRmOCIsInRhZyI6IiJ9;Aktif;;[Kegiatan Usaha: -, Kategori: -, KBLI: 45407];;;20/11/2025;;OSS - Perorangan;-6,1720373;106,8054728;valid;;;FALSE;FALSE;TRUE;;;invalid;;;;;4
31599027;TRI WAHYUNI;JL PULO PIUN I NO 6A;3173080001;31;73;80;1;DKI JAKARTA;JAKARTA PUSAT;GAMBIR;CIDENG;eyJpdiI6Ik1jdWQxUDVKTVlUWGlXNmxaekkzcnc9PSIsInZhbHVlIjoiSk1uOGhrK01PNDczaWxXRWtlZE4xUT09IiwibWFjIjoiM2M2YjJkNDY3YjJiNzU3MGIzYjNjNmE2NWMxNDhkOWQ2MGNhMmFkMzllMDA0Y2VhOGNkYzgyNTI3YzkyNmExNSIsInRhZyI6IiJ9;Aktif;;[Kegiatan Usaha: -, Kategori: -, KBLI: 14120];;;15/12/2025;;OSS - Perorangan;-6,169347;106,807015;valid;;;FALSE;FALSE;TRUE;;;invalid;;;;;4
31630538;SRI WAHYUNI;JL PETOJO VIY 2 DALAM;3173080001;31;73;80;1;DKI JAKARTA;JAKARTA PUSAT;GAMBIR;CIDENG;eyJpdiI6IkF2amg1aXFoMVhZUVNNekxocm5pTEE9PSIsInZhbHVlIjoiaFdWTnZaOHZ6c3c2V1dLV3RtcVZpUT09IiwibWFjIjoiMDRiMzg4MGY0NDZiZDk0NzY1YTdmOGNkMTM2MWU4MmY3ZDg3MDkwZGZmYzBkNWI4Njc5NjNkZjk5ZmM0N2U1NyIsInRhZyI6IiJ9;Aktif;;[Kegiatan Usaha: -, Kategori: -, KBLI: 47919];;;20/11/2025;;OSS - Perorangan;-6,1701546;106,8068682;valid;;;FALSE;FALSE;TRUE;;;invalid;;;;;4
31655756;DONNY WIDJAYA;JL. ROKAN NO 19;3173080001;31;73;80;1;DKI JAKARTA;JAKARTA PUSAT;GAMBIR;CIDENG;eyJpdiI6Ink3TzFNT3lLS1d0VWxNUWFIaXNNemc9PSIsInZhbHVlIjoiWnUrZ2ZNbFJ0ZDF6Y2dNeGloSS9BQT09IiwibWFjIjoiZTE5YWY3MDUzNGQwZGE0NmEyYzRiNGVmMmY3YzdjMDI4MzdmNTc4NTY2MzNkMGM1MzllZDZjNjM3Yjc5MTg0ZCIsInRhZyI6IiJ9;Aktif;;[Kegiatan Usaha: -, Kategori: -, KBLI: 47743];;;20/11/2025;;OSS - Perorangan;-6,1746253;106,8075915;valid;;;FALSE;FALSE;TRUE;;;invalid;;;;;4
31740559;Siti aisyah;Jl Cideng;3173080001;31;73;80;1;DKI JAKARTA;JAKARTA PUSAT;GAMBIR;CIDENG;eyJpdiI6IklsL2pLZ1RUNG1KVWFxbHZ5ZHJ1Z1E9PSIsInZhbHVlIjoiOVEvdEhPcTEzcVM5M1dZc3RjTXBQZz09IiwibWFjIjoiMjVjODMwNjM3ZmNjODNlZGNmYzk0Yjg0ZjgwYTYxNTA5OWU5N2NhNTEwMTkyYmE2YzZmNjM0NmEyYTU1ZDEwOCIsInRhZyI6IiJ9;Aktif;;[Kegiatan Usaha: -, Kategori: -, KBLI: 10799];;;30/12/2025;;OSS - Perorangan;-6,1750769;106,8116866;valid;;;FALSE;FALSE;TRUE;;;invalid;;;;;4
31763273;RACHMAWATY;JL. PETOJO VIY V NO 16D;3173080001;31;73;80;1;DKI JAKARTA;JAKARTA PUSAT;GAMBIR;CIDENG;eyJpdiI6ImxsWTA2Zm5GSnpzZEVzVFBFamtWYXc9PSIsInZhbHVlIjoiWW9sNW9TVTdBSWs2RGw2K2Znd2VZUT09IiwibWFjIjoiNTM0YWU4M2UzMzhhYmFhOGEzNjFlMjQyMjc4ZWRkYTcwOWVkYzk4NjE4NmMzNGM3MTEwZWU5MmUwODI5NWY3MCIsInRhZyI6IiJ9;Aktif;;"[Kegiatan Usaha: -, Kategori: -, KBLI: 81210]; [Kegiatan Usaha: -, Kategori: -, KBLI: 96990]; [Kegia...";;;20/11/2025;;OSS - Perorangan;-6,172619;106,8077128;valid;;;FALSE;FALSE;TRUE;;;invalid;;;;;4
31890473;YULIANA;JL. PETOJO VIY IV NO.12-A;3173080001;31;73;80;1;DKI JAKARTA;JAKARTA PUSAT;GAMBIR;CIDENG;eyJpdiI6IkUyZ1JuMUk0ZFhwUU9uZEFoOE1tY0E9PSIsInZhbHVlIjoiclVjUXo3eW1OeWJYTFZ4VTFoekh6dz09IiwibWFjIjoiY2RlYzAxY2VhOTA3MGMxODllOTliNzdhZjhjNWFmMTYzNGNkZmIyNGNlOTU3OGQzOWZjMGYyZmVhODI2MzBjMCIsInRhZyI6IiJ9;Aktif;;"[Kegiatan Usaha: -, Kategori: -, KBLI: 10792]; [Kegiatan Usaha: -, Kategori: -, KBLI: 11090]; [Kegia...";;;30/12/2025;;OSS - Perorangan;-6,171933;106,807012;valid;;;FALSE;FALSE;TRUE;;;invalid;;;;;4
31891637;SINTA MARYANA;JLN. TANJUNG SELOR NO. 19;3173080001;31;73;80;1;DKI JAKARTA;JAKARTA PUSAT;GAMBIR;CIDENG;eyJpdiI6IjV5dEpsbVFmM3Vhb0F2ZTB3QWorOGc9PSIsInZhbHVlIjoiK0p4bWRWNkI3WkRGTSs3Nzc1QmFvUT09IiwibWFjIjoiYTM4NjdiYWZjMWE4ODg5ZThmYzBiYjgzM2JmMmE2MzI3M2VkNzI0ODU1OTE5MDhiZWEzZDQ4MmEzNzU3MWIyNSIsInRhZyI6IiJ9;Aktif;;"[Kegiatan Usaha: -, Kategori: -, KBLI: 10792]; [Kegiatan Usaha: -, Kategori: -, KBLI: 96990]";;;04/12/2025;;OSS - Perorangan;-6,1708644;106,8042759;valid;;;FALSE;FALSE;TRUE;;;invalid;;;;;4
3190937;BANK MANDIRI (PERSERO);JL KH.HASHIM ASHARI NIAGA ROXY MAS;3173080001;31;73;80;1;DKI JAKARTA;JAKARTA PUSAT;GAMBIR;CIDENG;eyJpdiI6IlRkdlNoTkJFSTc4ckJsY2xaOWl1UUE9PSIsInZhbHVlIjoibmEyOVYyS2RWVUxWUkVYR2ppVVQ5Zz09IiwibWFjIjoiZTE1Y2Y1NWYzYTFiNTE1NjZmNTk4ZWNhODgwOGNlZTc5NjMzZWIwMjlkZmI1NzFiMzEwODRlNWRkYjhmZGVlMiIsInRhZyI6IiJ9;Aktif;;[Kegiatan Usaha: -, Kategori: K, KBLI: 64121];;;26/10/2025;UMKM;Dir Pajak;-6,1661829;106,805083;valid;;;FALSE;FALSE;TRUE;;;invalid;;;;;4
31921055;SRI MULYANI;JL. KAYOA DLM 33 F;3173080001;31;73;80;1;DKI JAKARTA;JAKARTA PUSAT;GAMBIR;CIDENG;eyJpdiI6ImVrMGRPUU0xSTQyOGJYcmx5cEhDUmc9PSIsInZhbHVlIjoiQTJVZHhiV05tTGhGOXJoV1luV041QT09IiwibWFjIjoiNWNiN2RkNDFiNjc1NWZkOWM0OTIxZDQ4MWY0MTVmYzlhYTkzMzRmMDZhNDJjODk3Y2E4MTdjMTEyNzllNjBlNSIsInRhZyI6IiJ9;Aktif;;[Kegiatan Usaha: -, Kategori: -, KBLI: 13912];;;20/11/2025;;OSS - Perorangan;-6,1678436;106,8056004;valid;;;FALSE;FALSE;TRUE;;;invalid;;;;;4
31961125;SUMARNA;JL TANJUNG SELOR BARAT NO 33 RT 010 RW 07;3173080001;31;73;80;1;DKI JAKARTA;JAKARTA PUSAT;GAMBIR;CIDENG;eyJpdiI6InZYTlFvd29xaEtQNUhnU2NZUUNxVUE9PSIsInZhbHVlIjoiVm1HQTFCcERlTFV4czVXYlNOaUJCZz09IiwibWFjIjoiZWVlODdkNTM5YmExYWZhYmYzY2NhMDhkNzhlYjVmMDc0YWYxZTVlZWViM2QyZmQ4MDNjYTg0MzA4MDljZGQ0MiIsInRhZyI6IiJ9;Aktif;;"[Kegiatan Usaha: -, Kategori: -, KBLI: 81210]; [Kegiatan Usaha: -, Kategori: -, KBLI: 96990]";;;20/11/2025;;OSS - Perorangan;-6,1798958;106,8107642;valid;;;FALSE;FALSE;TRUE;;;invalid;;;;;4
31969504;Iwan;Jl.Citarum Atas RT.017 RW.001 No.16;3173080001;31;73;80;1;DKI JAKARTA;JAKARTA PUSAT;GAMBIR;CIDENG;eyJpdiI6IkM5SE5kaEk5aWs5bzF5Y1d0cUQ4eWc9PSIsInZhbHVlIjoiNFQ1Q3BRdmQwMm8yOC9NTjZUWlZTZz09IiwibWFjIjoiNjhlNDk1OWRmYjhjNTYyZjM0MzIzYzNjMzJkNTk5Njk0NWQ5YTE3OWJkNmIxMjc5MTc3ZTRiMDEyZTQzZDRhYyIsInRhZyI6IiJ9;Aktif;;[Kegiatan Usaha: -, Kategori: -, KBLI: 96990];;;20/11/2025;;OSS - Perorangan;-6,177895;106,809771;valid;;;FALSE;FALSE;TRUE;;;invalid;;;;;4
32013478;Mulyana;Jl Kayoa Dalam No 21f Rt007 Rw005;3173080001;31;73;80;1;DKI JAKARTA;JAKARTA PUSAT;GAMBIR;CIDENG;eyJpdiI6ImNvUk5GUUQwdmpRTndGVkRsMjdZTmc9PSIsInZhbHVlIjoiSk1keFFmV0VialB1bkl3NFFvbzlDQT09IiwibWFjIjoiZTNjN2NmZjJmZmM4Yjg3NGJhNGUzNDg0NWViNzUxNzYzMGE2ZmI2ZGFiNmEwMzBkMThjYWIxNGQwZDUwYmMwZCIsInRhZyI6IiJ9;Aktif;;"[Kegiatan Usaha: -, Kategori: -, KBLI: 81100]; [Kegiatan Usaha: -, Kategori: -, KBLI: 96990]";;;20/11/2025;;OSS - Perorangan;-6,16777734;106,8057104;valid;;;FALSE;FALSE;TRUE;;;invalid;;;;;4
3201393;VENETA  NUSANTARA;KOMPLEK TAMAN DUTA MAS RAYA BLOK D8;3173080001;31;73;80;1;DKI JAKARTA;JAKARTA PUSAT;GAMBIR;CIDENG;eyJpdiI6InJBSFFmSnpPOHVDQldDc3pscDdZUnc9PSIsInZhbHVlIjoiQk5YMU1FeGVmWk9JcWJYNFkwRGZOdz09IiwibWFjIjoiYmFkMzQ3NjdjNmU1MWYzMWZhZjI1MjkyY2FkYWQ0NGQ4ZDU1Yjc2Yjc2MWE5NGVkZjNkNGY4OTE1MDRlMDNlNCIsInRhZyI6IiJ9;Aktif;;[Kegiatan Usaha: -, Kategori: G, KBLI: 46900];;;26/10/2025;UMKM;Dir Pajak;-6,16693;106,8080885;valid;;;FALSE;FALSE;TRUE;;;invalid;;;;;4
32041618;SULASMI;JALAN PETOJO VIY II DALAM NO.3;3173080001;31;73;80;1;DKI JAKARTA;JAKARTA PUSAT;GAMBIR;CIDENG;eyJpdiI6InhLdjQ4MFNsb0UvNVozWnJ0WXJlaUE9PSIsInZhbHVlIjoiZ2plRGc0Q3RWSTVkWG9SK0V1Z1h1QT09IiwibWFjIjoiYmJjYzliM2JiZmI1ZWVmMjIwNDA3NjAxNDU3ZjAxMDhkNmQ1YzljMDcyNWE0NjZhZGUzYzQzN2RjMjJmOTU3ZiIsInRhZyI6IiJ9;Aktif;;[Kegiatan Usaha: -, Kategori: -, KBLI: 56304];;;08/12/2025;;OSS - Perorangan;-6,1706927;106,8072359;valid;;;FALSE;FALSE;TRUE;;;invalid;;;;;4
32094701;SITI ROHAJAH;JL. PULO PIUN IV / 1;3173080001;31;73;80;1;DKI JAKARTA;JAKARTA PUSAT;GAMBIR;CIDENG;eyJpdiI6Ik0wNFMyLzBTNUhSemJWQWl5ZHVrZGc9PSIsInZhbHVlIjoiQzNqS0ljMk4za2E4UGgwaDY0RUhCdz09IiwibWFjIjoiNzQyODAyYzQ3ZjBjMmU3MWFmYzFjY2Y0MjY5NTA1MTUwNGRhODFiNjdhYTVhYWUyYmUyMDA2OWIwZTczNTI1YiIsInRhZyI6IiJ9;Aktif;;[Kegiatan Usaha: -, Kategori: -, KBLI: 56102];;;08/12/2025;;OSS - Perorangan;-6,1696581;106,8089811;valid;;;FALSE;FALSE;TRUE;;;invalid;;;;;4
32137873;Nuryani;Jl Moti Dalam I/17 D Rt.008/rw.005;3173080001;31;73;80;1;DKI JAKARTA;JAKARTA PUSAT;GAMBIR;CIDENG;eyJpdiI6ImVFUEVJbmU1RVZLNTJtWGNIc0JNZ2c9PSIsInZhbHVlIjoidjJrR1U5aTY3ZFdqbTlrRXg5Z2JQUT09IiwibWFjIjoiNjM4MTM4ZmRkNWIxYjMyYzA5NmIyODkyOWEzM2VmMzAzZjYyNTcwYTZhOGFiNWVhNDRkNTc3MzliNmE0MTdmNCIsInRhZyI6IiJ9;Aktif;;;;;31/12/2025;;OSS - Perorangan;-6,167342198;106,8057447;valid;;;FALSE;FALSE;TRUE;;;invalid;;;;;4
32138087;Nurhayati;Jl. Belawan;3173080001;31;73;80;1;DKI JAKARTA;JAKARTA PUSAT;GAMBIR;CIDENG;eyJpdiI6IjROUlZ3MmYzOVB2OFE1d09vTWJ0bnc9PSIsInZhbHVlIjoiNlpBVjhnWlpkYi96VkRYb0o5dElFZz09IiwibWFjIjoiNDdlOTMyMjExNjI3NjVmMWRmNDZiYTg3YjIyNTZhM2NhOWFiZDRkZWY1YTBhMWQzNGMyYmM2ZDgyZDRhNTVkMiIsInRhZyI6IiJ9;Aktif;;[Kegiatan Usaha: -, Kategori: -, KBLI: 10799];;;08/12/2025;;OSS - Perorangan;-6,1749584;106,8074906;valid;;;FALSE;FALSE;TRUE;;;invalid;;;;;4
32193936;Yuli windaningsih;Petojo Vly Ll Dlm 12a Rt4 Rw6;3173080001;31;73;80;1;DKI JAKARTA;JAKARTA PUSAT;GAMBIR;CIDENG;eyJpdiI6IjZ3N0JGZzlYZUM2K0FESlBYQkhPUWc9PSIsInZhbHVlIjoiQkpPbnFvNlE0UE5WaWZwVFVmK3RiQT09IiwibWFjIjoiM2NlMjgzNDNmNTU3YjY2NmNkNzg3NmY5ZmRiMmU0OThkZmUzMjhjM2ExZGM5Yjg3YjI3OWFjM2M1ODVkMzk1ZCIsInRhZyI6IiJ9;Aktif;;;;;31/12/2025;;OSS - Perorangan;-6,170131018;106,8074583;valid;;;FALSE;FALSE;TRUE;;;invalid;;;;;4
32223105;SRI MULYANI;KAMPUNG BAKTI;3173080001;31;73;80;1;DKI JAKARTA;JAKARTA PUSAT;GAMBIR;CIDENG;eyJpdiI6IlZLeHEyTmVRK2lGd1ZmL09oWFRhaEE9PSIsInZhbHVlIjoidGk0T0pCZVA5a3VXZk1WZFRmQldyUT09IiwibWFjIjoiMzRkOWVjMTBmYTg2MTBjMDI3MGY0NjA5ZmE3NTM1ZGYxOTMxMzNlODMyNjc5ZjUwNDU1NTljZjU1OTZhNDFjMCIsInRhZyI6IiJ9;Aktif;;[Kegiatan Usaha: -, Kategori: -, KBLI: 47213];;;10/12/2025;;OSS - Perorangan;-6,1676416;106,8025847;valid;;;FALSE;FALSE;TRUE;;;invalid;;;;;4
3222558;MEDIA EDUCATION CONSULTANT;JL. HASYIM ASHARI NO. 125 KOMPLEK RUKO ROXY MAS;3173080001;31;73;80;1;DKI JAKARTA;JAKARTA PUSAT;GAMBIR;CIDENG;eyJpdiI6IjF6TlVHRFQyRzdMa1FTNzFyak10WEE9PSIsInZhbHVlIjoidTcwUjg0MWpobHNFa09Zam0vVmg2QT09IiwibWFjIjoiMTM3OTk2YWVjZDY5YmY4NGIxYmIwNzA2NGNiMTliZWViMDc0NzA5ZjMxODcyMjk1ODJmMjkyYjVhODY0NzdlMiIsInRhZyI6IiJ9;Aktif;;[Kegiatan Usaha: -, Kategori: P, KBLI: 85440];;;31/12/2025;UMKM;Dir Pajak;-6,168910027;106,8039322;valid;;;FALSE;FALSE;TRUE;;;invalid;;;;;4
32226758;YULIANI;JLN. TIDORE RAYA NO.35 C;3173080001;31;73;80;1;DKI JAKARTA;JAKARTA PUSAT;GAMBIR;CIDENG;eyJpdiI6IkQ4N3N4b1krSXJyY2l5N2J6Sm9FSkE9PSIsInZhbHVlIjoid1ljd3dBOTBOZVA2bUFqWDBvVTZGdz09IiwibWFjIjoiNDUyZWIyZWMyYTI4OTlhMDhhNDUzODZlYjg3ZmYwY2ZmMmM0ZjkyNmQ3ODMxMTcxNzllM2VmYjg2ZjU0OGRlNyIsInRhZyI6IiJ9;Aktif;;[Kegiatan Usaha: -, Kategori: -, KBLI: 10792];;;10/12/2025;;OSS - Perorangan;-6,1679162;106,8081054;valid;;;FALSE;FALSE;TRUE;;;invalid;;;;;4
3229102;MANDALA MITRATAMA;ROXYMAS BLOK C II NO. 12 No.  RT. 000 RW. 000;3173080001;31;73;80;1;DKI JAKARTA;JAKARTA PUSAT;GAMBIR;CIDENG;eyJpdiI6InJub0NzU0NZcGpzOG5kdTZIRnpyOWc9PSIsInZhbHVlIjoiK2N0MkZLdk0yZFE3OXB1SURYQmMxdz09IiwibWFjIjoiYzg0YzFkODZiMTVhNWZkNThmNGNlZTg1YjdjNzYwYjMwZDM4MjYyZGFlYTg3MDQ0MjY3NDc1OGEwOWRmMGFkNCIsInRhZyI6IiJ9;Aktif;;[Kegiatan Usaha: -, Kategori: S, KBLI: 96990];;;26/10/2025;UMKM;Dir Pajak;-6,1675271;106,8046592;valid;;;FALSE;FALSE;TRUE;;;invalid;;;;;4
32389765;MUHAMMAD FAREZA;JL PETOJO SELATAN XII RT 004 RW 011 NO 5B;3173080001;31;73;80;1;DKI JAKARTA;JAKARTA PUSAT;GAMBIR;CIDENG;eyJpdiI6ImpHcFd0L1Q4dkNHdHhnS1BMMFl3eWc9PSIsInZhbHVlIjoiYVlDckx3eUFtMmJlQnNacGQ1eXNOZz09IiwibWFjIjoiYWIxM2FjYzlkODFmNzBmMGQ4YjI1Y2Q4YzZkNmI2NzI4NzY3MzViODM5M2I3M2Q5MTFhNzExMzU2OGRiYzViNiIsInRhZyI6IiJ9;Aktif;;[Kegiatan Usaha: -, Kategori: -, KBLI: 96990];;;20/11/2025;;OSS - Perorangan;-6,1671266;106,8097171;valid;;;FALSE;FALSE;TRUE;;;invalid;;;;;4
32392821;Maemunah;Jl. Kampung Bakti No 17 Rt5 Rw7;3173080001;31;73;80;1;DKI JAKARTA;JAKARTA PUSAT;GAMBIR;CIDENG;eyJpdiI6Ik5GQWpMSFY1Y2RHQzVzQ2V4UEtFUXc9PSIsInZhbHVlIjoidVBBUUpMWDB1MU8weTdOT2RhbEFOUT09IiwibWFjIjoiOWNmMzIzNWIwMjM1YmU5MWY2YjM5YzI3Y2NhMGUzNzQ3Zjk5MjM2YjBhYmQzMGIwYTY2NzNkM2E4ZWZmYmE2OSIsInRhZyI6IiJ9;Aktif;;[Kegiatan Usaha: -, Kategori: -, KBLI: 10799];;;20/11/2025;;OSS - Perorangan;-6,16853921;106,8025544;valid;;;FALSE;FALSE;TRUE;;;invalid;;;;;4
32414026;Marlina;Jl Kp Bhakti No.28 Rt.005/rw.007;3173080001;31;73;80;1;DKI JAKARTA;JAKARTA PUSAT;GAMBIR;CIDENG;eyJpdiI6IlVJVmZMVFNLT3RMWWlmSVI4Rm16SkE9PSIsInZhbHVlIjoiZi82dmY0ME45SFR0bGJocVBuTUZOZz09IiwibWFjIjoiMGM0MmIwODA2ZmMzN2Q4MzU3NjQ3YTc1ZGIyYzQ3MWVkMTVhYTMyMDJlYmMwNjI1MDNlMjU1OTFhNzYxMzY0MCIsInRhZyI6IiJ9;Aktif;;[Kegiatan Usaha: -, Kategori: -, KBLI: 10799];;;20/11/2025;;OSS - Perorangan;-6,16853921;106,8025544;valid;;;FALSE;FALSE;TRUE;;;invalid;;;;;4
32414063;Yuliawati;Jl Tidore Dalam Iii No.aa-11 Rt.010/rw.005;3173080001;31;73;80;1;DKI JAKARTA;JAKARTA PUSAT;GAMBIR;CIDENG;eyJpdiI6IndRcldEVGMvRkRvOE1aVlhwL1ord3c9PSIsInZhbHVlIjoiUXdQT0daVXFDck1yQ2FNRGpBQXQrUT09IiwibWFjIjoiYTg1N2RmZjljYTlkZGM1NGRlYjAzMWRkZDkyZTgxMzgzNGQwZTc3OTU2M2IyMzc0NTA4NmM1NGFlNzQ5ZTU5MyIsInRhZyI6IiJ9;Aktif;;[Kegiatan Usaha: -, Kategori: -, KBLI: 10799];;;20/11/2025;;OSS - Perorangan;-6,1667182;106,8060869;valid;;;FALSE;FALSE;TRUE;;;invalid;;;;;4
32421176;MUHAMMAD JASULI;JL. TIDORE NO. 28;3173080001;31;73;80;1;DKI JAKARTA;JAKARTA PUSAT;GAMBIR;CIDENG;eyJpdiI6Imw3aDRYM2FwL3dRaUl0M0dUTXpGZmc9PSIsInZhbHVlIjoiaHJUWll1aWtSbnE1SjlubHZocDdIZz09IiwibWFjIjoiNDQ3NGNlMDQ5Y2QzMDFiYjk3NzVkMWE4OWY5N2Q2ZmQ1ZGNiODJmYjhmYmYzOWY1NzM1NDIzMTNlM2VhYzE2YiIsInRhZyI6IiJ9;Aktif;;[Kegiatan Usaha: -, Kategori: -, KBLI: 10792];;;04/12/2025;;OSS - Perorangan;-6,169546;106,8029351;valid;;;FALSE;FALSE;TRUE;;;invalid;;;;;4
32430337;HENDRA;JL. TANJUNG SELOR BARAT NO.34;3173080001;31;73;80;1;DKI JAKARTA;JAKARTA PUSAT;GAMBIR;CIDENG;eyJpdiI6IjdYUEg5Si9WbWxVWGZJWHN1L1A0eGc9PSIsInZhbHVlIjoidW1ubnpjUnE3WTdoZGVtV08rSDdsZz09IiwibWFjIjoiNDNlNTFjOGEzYjRkOTI0M2FlMjMwYWJmODY1OTc2Y2NiZmRjYzg0Y2I2NDc3MDA5ODk5MWE3ZDBmMDU0NzNiZCIsInRhZyI6IiJ9;Aktif;;[Kegiatan Usaha: -, Kategori: -, KBLI: 56103];;;30/12/2025;;OSS - Perorangan;-6,1693258;106,8039164;valid;;;FALSE;FALSE;TRUE;;;invalid;;;;;4
3243846;WATERS NUSANTARA;JL.K.H.MOH.MANSYUR NO.11 BLOK B/11 DURI PULO, DURI PULO;3173080001;31;73;80;1;DKI JAKARTA;JAKARTA PUSAT;GAMBIR;CIDENG;eyJpdiI6IkxzVmJ2VTRGcVVnSjJQUXNwNE5oWkE9PSIsInZhbHVlIjoiVHBZTWFtMUcxSmlnekRPWTVtTGlNZz09IiwibWFjIjoiZmUxZjQxY2YyYzgyNWZlZWIwMjMxYWUyMTdjZDdlMmZjMWNmNzFlNzhhYTE4ZGRjY2I1N2I5M2UxMWNkOTU0MiIsInRhZyI6IiJ9;Aktif;;[Kegiatan Usaha: -, Kategori: G, KBLI: 47599];;;31/12/2025;UMKM;Dir Pajak;-6,167473;106,805107;valid;;;FALSE;FALSE;TRUE;;;invalid;;;;;4
32466223;SUMIYATI;JL. KAYOA DALAM 31;3173080001;31;73;80;1;DKI JAKARTA;JAKARTA PUSAT;GAMBIR;CIDENG;eyJpdiI6IjlBcWFwYWFCWmpYL2MxZ3FoazBNVXc9PSIsInZhbHVlIjoiek9YV1pERUxZNkJKaDRpcXJTRll5dz09IiwibWFjIjoiMjJlY2RlYTllMzU2NTY2NGVlZDMyNDY2NjAxMjEzOGRjMjYxNGU1ZjI5MzI2NDY3NGM2MTQzNTQ0N2RhYzg5NiIsInRhZyI6IiJ9;Aktif;;[Kegiatan Usaha: -, Kategori: -, KBLI: 47414];;;08/12/2025;;OSS - Perorangan;-6,1798101;106,8108545;valid;;;FALSE;FALSE;TRUE;;;invalid;;;;;4
32469259;Machmudin;Jl. Tidore Dalam II NO.16A;3173080001;31;73;80;1;DKI JAKARTA;JAKARTA PUSAT;GAMBIR;CIDENG;eyJpdiI6InpRUUw1U0lYVVZmRFZGUXVSWHhXemc9PSIsInZhbHVlIjoid1pTL0hsdmh0eTM2ZjZwU2xNTFNRQT09IiwibWFjIjoiMDU2MzMxZTI4ODFkODMxN2Y0NGE3NWIwMTRmM2E3ZmE2YzI3ZTA2M2I2OGQwOTU0NGUxNGE1MmNjMjU4YzJiNSIsInRhZyI6IiJ9;Aktif;;[Kegiatan Usaha: -, Kategori: -, KBLI: 96990];;;24/11/2025;;OSS - Perorangan;-6,1666952;106,8071853;valid;;;FALSE;FALSE;TRUE;;;invalid;;;;;4
32471234;LUKMAN;JL.PETOJO VIY II DALAM;3173080001;31;73;80;1;DKI JAKARTA;JAKARTA PUSAT;GAMBIR;CIDENG;eyJpdiI6InBQN1owcXdGZG9vRkMvVDhoL2FTT2c9PSIsInZhbHVlIjoidXk0dGhUbW9xRU94NnJCd1Z1cE5FZz09IiwibWFjIjoiOGZjMGUzMDhkYTk0OTgzYjBjOWJlNTMwZDEyMGI1MzAzNjEzZjc4YTY2N2FhNzMxZDJlNzczYmZmNzk0N2Q1MiIsInRhZyI6IiJ9;Aktif;;[Kegiatan Usaha: -, Kategori: -, KBLI: 96990];;;30/12/2025;;OSS - Perorangan;-6,1696032;106,8073346;valid;;;FALSE;FALSE;TRUE;;;invalid;;;;;4
32476075;ROHANAH;JL CITARUM ATAS;3173080001;31;73;80;1;DKI JAKARTA;JAKARTA PUSAT;GAMBIR;CIDENG;eyJpdiI6IlZLR1BUMEVBY2NWVzVRMkZHY1pXOWc9PSIsInZhbHVlIjoiLzNETlR3ZHhNaERQTjN0UUx0TDFTUT09IiwibWFjIjoiN2Q1ZTBhY2MxZTU3ZmIzNDU4MWZhN2Q1Y2E2MGZlZmY2YzNjOTdhMTdjZDc3NTUxNzg1NDhiZmViOWU4MjU5NCIsInRhZyI6IiJ9;Aktif;;[Kegiatan Usaha: -, Kategori: -, KBLI: 56103];;;31/12/2025;;OSS - Perorangan;-6,1798262;106,8104621;valid;;;FALSE;FALSE;TRUE;;;invalid;;;;;4
32478667;Gunawan;Jl,Citarum Atas Rt.17 RW.01;3173080001;31;73;80;1;DKI JAKARTA;JAKARTA PUSAT;GAMBIR;CIDENG;eyJpdiI6ImNzdWcxRm80bE5vK2xhRUJyTzZxUEE9PSIsInZhbHVlIjoiUlZnVEJyME5IM0N4MmZ3NHpwTGZpUT09IiwibWFjIjoiMjE3NDgwZmViNTRiMjgwZDRiNmZlMTRmYzM2NjYxNGI2OTVmNTgwNWEyMzY3NjU4MjFiN2RmMzAwMzQ4YjA1YSIsInRhZyI6IiJ9;Aktif;;[Kegiatan Usaha: -, Kategori: -, KBLI: 96990];;;24/11/2025;;OSS - Perorangan;-6,1641563;106,8108489;valid;;;FALSE;FALSE;TRUE;;;invalid;;;;;4
32486986;Dwi Puji Astuti ;Jl Cideng Barat Dalam 12 No 7 Rt003/Rw010;3173080001;31;73;80;1;DKI JAKARTA;JAKARTA PUSAT;GAMBIR;CIDENG;eyJpdiI6IkpaenJXSjgxdFJrUjVlMm5wNGhSdEE9PSIsInZhbHVlIjoiUFd1cGgrNWEzV1JBY3lKM0xkZWxJdz09IiwibWFjIjoiNzE5NWQ2NzQ0YWI5ZmM3NzYzZDQ2MWJhZDk3ODk4ZGZjMzMzNTU1MWYyZDgwZTVjZWQ0MzM3NzA4NjE4MzZmNyIsInRhZyI6IiJ9;Aktif;;[Kegiatan Usaha: -, Kategori: -, KBLI: 96990];;;25/11/2025;;OSS - Perorangan;-6,1802481;106,8124239;valid;;;FALSE;FALSE;TRUE;;;invalid;;;;;4
32495310;Suryadi;Tanjung Selor Brt Rt 10 Rw. 07 No. 23;3173080001;31;73;80;1;DKI JAKARTA;JAKARTA PUSAT;GAMBIR;CIDENG;eyJpdiI6IlRPY3RNejBUbTdRYVJPNG1VNC9wOFE9PSIsInZhbHVlIjoidDJmUlAzckhtYXZ1NHd4WTBpcTJ5dz09IiwibWFjIjoiMDVkNDEyZGQ4YWYyMDIwZmYxMmNjMmU4OGU3NDFkYmUwOGU2NjczZDdiMGM4OTdiZjg1NjBkZWFmZjg0ZGE3ZSIsInRhZyI6IiJ9;Aktif;;[Kegiatan Usaha: -, Kategori: -, KBLI: 96990];;;25/11/2025;;OSS - Perorangan;-6,1753225;106,8073895;valid;;;FALSE;FALSE;TRUE;;;invalid;;;;;4
32532590;Soleh;Jl MOTI DLM 1 NO 5D RT08/05;3173080001;31;73;80;1;DKI JAKARTA;JAKARTA PUSAT;GAMBIR;CIDENG;eyJpdiI6ImhCcHpCRlZDSlE2ZGdZSjVTMVVLekE9PSIsInZhbHVlIjoibElvZTFxR25ZOWV4UTFuR0RNeVdQQT09IiwibWFjIjoiMTIxNTg5ZTM1ZTU1YjVhNWMyOGZhMTNiNTA2YTcwNTU5ZTAxMTJhOTE2ZjdiOThhMGFiMjc1N2QzNjQ0NWU3MiIsInRhZyI6IiJ9;Aktif;;;;;31/12/2025;;OSS - Perorangan;-6,167342198;106,8057447;valid;;;FALSE;FALSE;TRUE;;;invalid;;;;;4
32533888;ARDIANTO;JL.PETOJO SELATAN VIII/ 22 A ;3173080001;31;73;80;1;DKI JAKARTA;JAKARTA PUSAT;GAMBIR;CIDENG;eyJpdiI6IjJOQjM1UlNUMTdYNUFiQnBGVVlPMlE9PSIsInZhbHVlIjoiN0ZJdENRVEd1ZkQyOTYvWGtWSDFKQT09IiwibWFjIjoiYjViZDVhZjRjNTYzNzhhN2RhNWRjMTMxOGZjNTljMGE5NzhiNDdhMGI3MTdiMjEzNWE3ZWRhMTk3ODI2OTJjZSIsInRhZyI6IiJ9;Aktif;;[Kegiatan Usaha: -, Kategori: -, KBLI: 96990];;;08/12/2025;;OSS - Perorangan;-6,1798958;106,8107642;valid;;;FALSE;FALSE;TRUE;;;invalid;;;;;4
32540548;WASRIAH;JL.TANNJUNG SELOR;3173080001;31;73;80;1;DKI JAKARTA;JAKARTA PUSAT;GAMBIR;CIDENG;eyJpdiI6InBBd1Z6blFEUE5RNGZQbmVjYkdYdWc9PSIsInZhbHVlIjoidGlCbk5xc0puRkdKM0hkcG9zZG9TZz09IiwibWFjIjoiZmVmOTllYTQ4ZDg2YTViZGI0MDhkNWYyNmNkOWM2ODhmODA4MzFmNTE1MDk1Mjg2Nzg2OWNkYzA5Yzk4OWRhMCIsInRhZyI6IiJ9;Aktif;;[Kegiatan Usaha: -, Kategori: -, KBLI: 56103];;;08/12/2025;;OSS - Perorangan;-6,169365;106,8056579;valid;;;FALSE;FALSE;TRUE;;;invalid;;;;;4
32553855;INDAH YULIANTI;Jl. Petojo VIY IV No. 31;3173080001;31;73;80;1;DKI JAKARTA;JAKARTA PUSAT;GAMBIR;CIDENG;eyJpdiI6InFubVdhMi9XdHNSNGZ3WUFNVFY4Znc9PSIsInZhbHVlIjoicXBjeHVpa1dpMU9oNHBvOVNrMXpDUT09IiwibWFjIjoiN2Q0MGIzZDM5N2Y0YjEyMWZhMmVhZGNkYjBkZDU1MTMxOTdhYWQ4NWJiYmM0N2Q5ZGE4MzJhNjg4OTc4NmI5ZiIsInRhZyI6IiJ9;Aktif;;[Kegiatan Usaha: -, Kategori: -, KBLI: 96990];;;08/12/2025;;OSS - Perorangan;-6,1712201;106,8065174;valid;;;FALSE;FALSE;TRUE;;;invalid;;;;;4
32557481;ATIN SUPRIYATIN;JL.TANJUNG SELOR;3173080001;31;73;80;1;DKI JAKARTA;JAKARTA PUSAT;GAMBIR;CIDENG;eyJpdiI6InJQbFEyeXhDM1V4UXdDUTNCeGpRZFE9PSIsInZhbHVlIjoiVEpxWExOSU9NaUlqSitCT1d2YTd3QT09IiwibWFjIjoiYmJiZDBlYTNlYTY5ZDliZDhlZmI0Yzg4Nzg0ZDNmMTVhODExZTMxM2NiMjlkNGQwZThjYTE5OWFlNjdjNDViNyIsInRhZyI6IiJ9;Aktif;;[Kegiatan Usaha: -, Kategori: -, KBLI: 56103];;;30/12/2025;;OSS - Perorangan;-6,1701579;106,8040702;valid;;;FALSE;FALSE;TRUE;;;invalid;;;;;4
32557490;TARISAH;JL.PETOJO;3173080001;31;73;80;1;DKI JAKARTA;JAKARTA PUSAT;GAMBIR;CIDENG;eyJpdiI6Ik9sTDhkTWE4azBCbVVFRUgwSEVUSEE9PSIsInZhbHVlIjoiZjBaVWFwaVRjWXZCemE0SHAzdExlZz09IiwibWFjIjoiNjYzZDQ4NjEyMzkzMjdhZWI3MjRiMTUwZmY3M2RkMzY3NDQ4MmVmYjUwZDM4NzFmOTE3Yzk5MjBlYzU2NjE5YSIsInRhZyI6IiJ9;Aktif;;[Kegiatan Usaha: -, Kategori: -, KBLI: 56103];;;08/12/2025;;OSS - Perorangan;-6,1678776;106,8096751;valid;;;FALSE;FALSE;TRUE;;;invalid;;;;;4
32557724;DEWI MULANI;JL KAYOA DALAM;3173080001;31;73;80;1;DKI JAKARTA;JAKARTA PUSAT;GAMBIR;CIDENG;eyJpdiI6IllkMWdPTXMzRVFYVzN0V1RCOG5naVE9PSIsInZhbHVlIjoiN3BWTGpBbHVFQ1BPMWF3bFozdG5qQT09IiwibWFjIjoiMzg1YjM0ODBiNzJjM2U4MGNiN2JmYzhhYWZjYWI3YzJlNmU1NThiY2I2OWY0ODMwYjU1YjdkNWM2Mjk0N2MyMSIsInRhZyI6IiJ9;Aktif;;[Kegiatan Usaha: -, Kategori: -, KBLI: 56102];;;08/12/2025;;OSS - Perorangan;-6,167781;106,8058596;valid;;;FALSE;FALSE;TRUE;;;invalid;;;;;4
32562838;SITI KHAIRUNNISA;JL.TIDORE NO.28;3173080001;31;73;80;1;DKI JAKARTA;JAKARTA PUSAT;GAMBIR;CIDENG;eyJpdiI6InVYUXBVQWxFSWVkK1BoOEJtYVFINmc9PSIsInZhbHVlIjoiM2srQXVuaHQ4b2FHVXlOZ3pwR2ZJQT09IiwibWFjIjoiODY2YzRhODA5OTJhNDliMThiYTQ3YjAxNjcyMDkwYTVkZjI2YTEzMDJiMTdiMTMwZGU1M2M3NmMxZGMwNzc4ZiIsInRhZyI6IiJ9;Aktif;;[Kegiatan Usaha: -, Kategori: -, KBLI: 96990];;;08/12/2025;;OSS - Perorangan;-6,1666268;106,8058241;valid;;;FALSE;FALSE;TRUE;;;invalid;;;;;4
32578747;DARWATI;JL.MANDIOLI DALAM;3173080001;31;73;80;1;DKI JAKARTA;JAKARTA PUSAT;GAMBIR;CIDENG;eyJpdiI6IkE5cmZIYWZJRUVBTFhZeEQzVnl6Y3c9PSIsInZhbHVlIjoiNEYzNkkrRnRQQ3ljN0NnRGFqTW9BUT09IiwibWFjIjoiOGVkMzFmYTk2YWMzYmU5ZTI2ZTNhZTFjZmE1ZGQzYjI2N2ZlNDM3YWQ1NjU4MTU5MDEyY2FjZDk0NzA0NzNhYyIsInRhZyI6IiJ9;Aktif;;[Kegiatan Usaha: -, Kategori: -, KBLI: 56103];;;08/12/2025;;OSS - Perorangan;-6,1666844;106,8061223;valid;;;FALSE;FALSE;TRUE;;;invalid;;;;;4
32594373;MARYANTO;JL CIMANUK NO.3 BLK RT016 RW01;3173080001;31;73;80;1;DKI JAKARTA;JAKARTA PUSAT;GAMBIR;CIDENG;eyJpdiI6InlxZmsvUENQYytsQS91Q2tYUHNQOGc9PSIsInZhbHVlIjoiSkRMVUZKeTRYdHJkRmt1aHR2TFBOdz09IiwibWFjIjoiOTI1NWE1NGM1ZDZlN2Q5NmJkMjEzM2ZkN2U5OGQwYWI2ODA1MzcxYTkyZDYxYWEzZTAwMDQwNjc0ZGY5MTFhNiIsInRhZyI6IiJ9;Aktif;;[Kegiatan Usaha: -, Kategori: -, KBLI: 96990];;;26/11/2025;;OSS - Perorangan;-6,1778745;106,811867;valid;;;FALSE;FALSE;TRUE;;;invalid;;;;;4
3269144;HONEY NUSANTARA TRAVELINDO;RT 013 RW 002;3173080001;31;73;80;1;DKI JAKARTA;JAKARTA PUSAT;GAMBIR;CIDENG;eyJpdiI6ImJPMEVHNVpwS1NzTVVJbmNJekxHSUE9PSIsInZhbHVlIjoiczVocURmL0tNeVVwaTVmTEUvSUUrQT09IiwibWFjIjoiMjA4YmM1Y2FiNWE5NzYwOTA1MzBlM2ZkYTkxMjgxODIyMDdlM2QyODQxZTI5OWI1ZGMzMDM3ZGExYTZhZjM0ZSIsInRhZyI6IiJ9;Aktif;;[Kegiatan Usaha: -, Kategori: N, KBLI: 79111];;;26/10/2025;UMKM;Dir Pajak;-6,1732663;106,8093503;valid;;;FALSE;FALSE;TRUE;;;invalid;;;;;4
3289892;DWIMITRA SELARAS RAHARJA;JL KH. HASYIM ASHARI, ITC ROXY MAS LT DASAR;3173080001;31;73;80;1;DKI JAKARTA;JAKARTA PUSAT;GAMBIR;CIDENG;eyJpdiI6IktRdFFCSWFlZGhkSWhBYVk4Um9kbkE9PSIsInZhbHVlIjoibzdpT0ZHQklQQXEwb3R4RUlvV0FXdz09IiwibWFjIjoiMTIzMWUzMzg0MDk0ZGUxZWI2MTExZjE3MjlmMTFhOGYyYjI3ZTNmYWUxMjQ2M2E2OTY1YmJhZWMyOWQ4ZjlhNSIsInRhZyI6IiJ9;Aktif;;;;;31/12/2025;UMKM;Dir Pajak;-6,1669146;106,8034375;valid;;;FALSE;FALSE;TRUE;;;invalid;;;;;4
3296291;PAUD ASTER VI;RT 011 RW 006;3173080001;31;73;80;1;DKI JAKARTA;JAKARTA PUSAT;GAMBIR;CIDENG;eyJpdiI6IlJpWTNOVlRScWdVaXhUNVp4TWdrTmc9PSIsInZhbHVlIjoiRW1lRWRqY0ZIdk12K085MWJFT2lYdz09IiwibWFjIjoiMDRhNjllNTUyNjFiMjQxNGU1NzkxMTdjNTY0YmI3NGY1YmFiOTRhMGRlMjc5NmQ2ODI4ZDg1NDlkMzBlYWMyYiIsInRhZyI6IiJ9;Aktif;;[Kegiatan Usaha: -, Kategori: P, KBLI: 85131];;;26/10/2025;UMKM;Dir Pajak;-6,1697033;106,8052642;valid;;;FALSE;FALSE;TRUE;;;invalid;;;;;4
3302197;MEDIA EDUCATION CONSULTANT;PUSAT NIAGA ROXY MAS BLOK D.5 NO.14 JL.KH.HASYIM ASHARI NO.125 RT.000 RW.000, CIDENG;3173080001;31;73;80;1;DKI JAKARTA;JAKARTA PUSAT;GAMBIR;CIDENG;eyJpdiI6IlhCaU1adXZvNjFGQ2NuQ0VFQzM0OFE9PSIsInZhbHVlIjoiK3U1M0c0d3YyNkVqS1RUcUhpWHVxUT09IiwibWFjIjoiOWQ1MDVmMmM2ZWI5MTY3NjI3ZGVlYTdiMDc3NmFjMmYxNDdkNjhjNDVmMmMzZGIxZTZjMmNkNWVhY2Q0YjJkMCIsInRhZyI6IiJ9;Aktif;;[Kegiatan Usaha: -, Kategori: P, KBLI: 85492];;;26/10/2025;UMKM;Dir Pajak;-6,1689098;106,8039345;valid;;;FALSE;FALSE;TRUE;;;invalid;;;;;4
3321789;SENTRA INFO PRATAMA PERSADA;KOMP ROXY MAS JL KH HASYIM ASHARI;3173080001;31;73;80;1;DKI JAKARTA;JAKARTA PUSAT;GAMBIR;CIDENG;eyJpdiI6IjhEY294YnA5SVFxdHFpcnJXOUZhN2c9PSIsInZhbHVlIjoiWHZrZEptOWovaFYrOWg4bEdsNGw3QT09IiwibWFjIjoiNmZmZGM0MTYxZTI4NjA5YTE4MzMyNWVlNzIxYTIyZTg3ZDg1YTQ4M2JmOTc1NmU5MWIzY2NhNWRkODYwODYzMCIsInRhZyI6IiJ9;Aktif;;;;;31/12/2025;UMKM;Dir Pajak;-6,167708874;106,8051987;valid;;;FALSE;FALSE;TRUE;;;invalid;;;;;4
3323329;AGUNG KARYA INDAH;JL. KH. HASYIM ASHARI NO.15/B2, CIDENG;3173080001;31;73;80;1;DKI JAKARTA;JAKARTA PUSAT;GAMBIR;CIDENG;eyJpdiI6Ilo4cytTVGZaWWVzWUlKSURPakxOZEE9PSIsInZhbHVlIjoiaTNTdTFhMEIwYU02Vi9tZG8xemxHZz09IiwibWFjIjoiNTVjMjg1ZTE3Y2NlODk1OWYzMmEyNmE4M2U5ZjIyZTQ1Y2RkOWRhM2I2NDVmMTZmOTIxOTYyNWQ0ZTlhOGNiOSIsInRhZyI6IiJ9;Aktif;;"[Kegiatan Usaha: -, Kategori: G, KBLI: 46641]; [Kegiatan Usaha: -, Kategori: -, KBLI: 33131]; [Kegia...";;;26/10/2025;UMKM;Dir Pajak;-6,166156;106,8050714;valid;;;FALSE;FALSE;TRUE;;;invalid;;;;;4
3339587;SUNGAI BUDI NURANI;JALAN TANAH ABANG II NOMOR 109 AB;3173080001;31;73;80;1;DKI JAKARTA;JAKARTA PUSAT;GAMBIR;CIDENG;eyJpdiI6IlZrVEl4TmZCR2RKcDl0REJYWGhZMGc9PSIsInZhbHVlIjoiaGoxZXlmYktMWllYTXBzaUwrUE82QT09IiwibWFjIjoiNjkyOGRmYzJlOGFiYmYzOThjNzNjNTU5NjkzNzFlNWQ1NjVhNWM1OTNiZDBmNTkwODhmOTZlY2I2NGNiOGEwZSIsInRhZyI6IiJ9;Aktif;;[Kegiatan Usaha: -, Kategori: G, KBLI: 47111];;;31/12/2025;UMKM;Dir Pajak;-6,1763032;106,8102823;valid;;;FALSE;FALSE;TRUE;;;invalid;;;;;4
3377217;GARUDA VALASINDO;ITC ROXY MAS LT. DASAR NO. 124, JL KH HASYIM ASHARI;3173080001;31;73;80;1;DKI JAKARTA;JAKARTA PUSAT;GAMBIR;CIDENG;eyJpdiI6IkRnVEorUGNIa2trKzlvQkdlSFBDV1E9PSIsInZhbHVlIjoicDFVdUxMRlJYZE1PbjBlZEE3UURuQT09IiwibWFjIjoiYzA4YzMwYTRkNTUzODU0NDQyMDljODFhNThjNTUxMTAxYjY4ZGYxNDA1MDk3YTIxNTZlMDhjNjFjYWJiNzUxMSIsInRhZyI6IiJ9;Aktif;;[Kegiatan Usaha: -, Kategori: K, KBLI: 66160];;;31/12/2025;UB;Dir Pajak;-6,1669146;106,8034375;valid;;;FALSE;FALSE;TRUE;;;invalid;;;;;4
3406596;INDO MECO PRIMATAMA;KOMPLEK RUKO ROXY MAS JL KH.HASYIM ASHARI 125;3173080001;31;73;80;1;DKI JAKARTA;JAKARTA PUSAT;GAMBIR;CIDENG;eyJpdiI6IkJ5MnlFK0RWREFuUGs5Y2ttckNQMGc9PSIsInZhbHVlIjoiZEdwc05Yd2h5OUtLa3ptRkZHREJNdz09IiwibWFjIjoiYTk2ZTc5ODM2MGIwMDU3NGE3ODY5MjE2YjJiNTU3NTk5ZDNlMmM0ZmI5YmJkNjZmMDg4ZDBiOTU4YWIyMDk3NSIsInRhZyI6IiJ9;Aktif;;[Kegiatan Usaha: -, Kategori: F, KBLI: 43291];;;26/10/2025;UMKM;Dir Pajak;-6,1677712;106,8050814;valid;;;FALSE;FALSE;TRUE;;;invalid;;;;;4
3439089;KANTOR AKUNTAN PUBLIK TRISNO, ADAMS REKAN;JL. BIAK NO.18;3173080001;31;73;80;1;DKI JAKARTA;JAKARTA PUSAT;GAMBIR;CIDENG;eyJpdiI6InkvM0g3ckJKNDhOSXRJYzJGaEcwZkE9PSIsInZhbHVlIjoieDFHRG5qL3ZmdERxNC9XNWZvQzlPUT09IiwibWFjIjoiZWFjMzRlYWFlZDNlZmFiNzU4MTdhMzczZGQ3ZDllNmM2ZmQzMDQzNTNjNzYwZWQ2NjM2NzA5OTU5MTBhYTYzYSIsInRhZyI6IiJ9;Aktif;;[Kegiatan Usaha: -, Kategori: M, KBLI: 69201];;;31/12/2025;UMKM;Dir Pajak;-6,169238091;106,8085251;valid;;;FALSE;FALSE;TRUE;;;invalid;;;;;4
3454747;KACA BAGUS;JL KOTA BARU;3173080001;31;73;80;1;DKI JAKARTA;JAKARTA PUSAT;GAMBIR;CIDENG;eyJpdiI6InI2cUtTbWQrZEdiYm1zSmRCTjNNSHc9PSIsInZhbHVlIjoiRXY1Wi9tZkU0YksyUGFCY241MGlFdz09IiwibWFjIjoiM2M5MjMwNTg0NmJmZGEwZTgyM2UxMjJmNzI1NmYwNDFjOWRjMDIzNjUyNTdmMWU1NmE2M2JlZDMxODMyMmYyMiIsInRhZyI6IiJ9;Aktif;;[Kegiatan Usaha: -, Kategori: F, KBLI: 41011];;;26/10/2025;UMKM;Dir Pajak;-6,1702377;106,8059183;valid;;;FALSE;FALSE;TRUE;;;invalid;;;;;4
3470367;CIPTA KARYA MANDIRI;JL CIDENG BARAT DALAM 4C, CIDENG;3173080001;31;73;80;1;DKI JAKARTA;JAKARTA PUSAT;GAMBIR;CIDENG;eyJpdiI6Ink4MndYLzBMNUZmY0E3TlBVS0U5Mmc9PSIsInZhbHVlIjoiVTRBN2tEUlhEalVPNDRGMVFPRThnZz09IiwibWFjIjoiM2EwNzhlNTU3MDdlM2MzZTBiYmUyZWFlMmZmYjk0Mzk1ZmUzNDA0YzI4MGNmZDAyMzkzNzlhOTExN2I0ODZiNCIsInRhZyI6IiJ9;Aktif;;[Kegiatan Usaha: -, Kategori: G, KBLI: 46641];;;26/10/2025;UMKM;Dir Pajak;-6,1811625;106,8127513;valid;;;FALSE;FALSE;TRUE;;;invalid;;;;;4
3500332;PT JAYADINA PRAMESTI;PUSAT NIAGA ROXI MAS BLOK D.3 NO.4 JL.KH.HASYIM ASHARI NO. 125, CIDENG;3173080001;31;73;80;1;DKI JAKARTA;JAKARTA PUSAT;GAMBIR;CIDENG;eyJpdiI6IkpOVFkvY3YwaXpMYjF5R29zWU9SaGc9PSIsInZhbHVlIjoiTTJhYWtMb0dDd0xlYzgwYkF6SmdrUT09IiwibWFjIjoiYjczYzZjYjhiNjUxYmIxMzM5NDBkNzhhZDI2ZWY1YjUwM2Y0MzExNGY5NmU1ZGY0ZDQ4YjU2MmViYTM4OTFhZCIsInRhZyI6IiJ9;Aktif;;;;;31/12/2025;UMKM;Dir Pajak;-6,16674;106,803;valid;;;FALSE;FALSE;TRUE;;;invalid;;;;;4
3505244;PANCA GRAHA MANDIRI;JL MANGGA BESAR IV E NO.2;3173080001;31;73;80;1;DKI JAKARTA;JAKARTA PUSAT;GAMBIR;CIDENG;eyJpdiI6ImRxcmRHTjhJTllERXdkd2FtczJINGc9PSIsInZhbHVlIjoiME56QklOcGhBY09mQ1BLSitrMS9VUT09IiwibWFjIjoiYzJiZTYwODI5MDJlNTk5ZWQ0OWQ5NTc1NGY0NDIzMGVjMTE2M2NmZDU3Y2VhMmY1YzkzZTE2MTc1MTg4MDZmMSIsInRhZyI6IiJ9;Aktif;;[Kegiatan Usaha: -, Kategori: L, KBLI: 68130];;;26/10/2025;UMKM;Dir Pajak;-6,166862;106,802833;valid;;;FALSE;FALSE;TRUE;;;invalid;;;;;4
3529485;MITRA MUDA MANDIRI;JL PETOJO VIY IV;3173080001;31;73;80;1;DKI JAKARTA;JAKARTA PUSAT;GAMBIR;CIDENG;eyJpdiI6IjRwUytXQjZIc0VVc3ZydXRybGErRkE9PSIsInZhbHVlIjoiY0tTdzBmbWlOS0dDeERVOUUrWVpYQT09IiwibWFjIjoiMjEzNDc3OTdhOTRiMTA2YWU5OWE5YTI2MzgwNzRmZDVlZWI2NTViYTZkMDRmMjMxZjMxYTNhMGIyYWQ5OGZhOSIsInRhZyI6IiJ9;Aktif;;;;;31/12/2025;UMKM;Dir Pajak;-6,1671876;106,8081307;valid;;;FALSE;FALSE;TRUE;;;invalid;;;;;4
3540072;DAYA MULIA;KOMPLEK NIAGA ROXY MAS NO 30 JL KH HASYIM ASHARI;3173080001;31;73;80;1;DKI JAKARTA;JAKARTA PUSAT;GAMBIR;CIDENG;eyJpdiI6InBrenJwdFFONEtrSVFod0pDckt1eGc9PSIsInZhbHVlIjoiejRvSnJHVUtMMGtKb2hnekhOaE1TUT09IiwibWFjIjoiMjMzYWRiY2U2NTUzNmI4OTEwYmQwN2FhZWUwMTUxZWM5MWFkNTg4NTJkOWJjYzFjZjcxZGEwZTljMjU4ZmQ3NyIsInRhZyI6IiJ9;Aktif;;;;;31/12/2025;UMKM;Dir Pajak;-6,173727989;106,8113327;valid;;;FALSE;FALSE;TRUE;;;invalid;;;;;4
3558359;MITRA KOMUNIKASI NUSANTARA Tbk;KOMPLEK RUKO ROXY MAS, JL KH. HASYIM ASHARI NO.125;3173080001;31;73;80;1;DKI JAKARTA;JAKARTA PUSAT;GAMBIR;CIDENG;eyJpdiI6IjJ6V0ZGL2dwZnVWNzFOd1RqYXVTWEE9PSIsInZhbHVlIjoiYXh5SjN6cWVxMmllR2NOaVhraDJMZz09IiwibWFjIjoiMDQ5ZjMzOGQ2MmNlZTJlMDc5ZjNkNzY2Yzk2YjhmODczZDU5OTA1MDVlMmVjMzIwZTk2MDkxMzZmNThlOTU5OCIsInRhZyI6IiJ9;Aktif;;[Kegiatan Usaha: -, Kategori: G, KBLI: 46523];;;26/10/2025;UMKM;Dir Pajak;-6,166433;106,8029841;valid;;;FALSE;FALSE;TRUE;;;invalid;;;;;4
3566782;VIVAMAS MAKMUR JAYA;VIVAMAS BUILDING, JL TANAH ABANG II;3173080001;31;73;80;1;DKI JAKARTA;JAKARTA PUSAT;GAMBIR;CIDENG;eyJpdiI6InZ0L2N6ZS9FTW53TThvN1R6YlJVL0E9PSIsInZhbHVlIjoieWZLbnIxUXNPYWsvUXZHQm9FZng3Zz09IiwibWFjIjoiZjdiYmU2YzA3ZTQ2NzVjYzQzNmEwY2QxZTRmYTcyYWExOWE4ZGI5NWIwZmIwZTkzNzAxZTZkZjRkNzU2Zjc3YSIsInRhZyI6IiJ9;Aktif;;[Kegiatan Usaha: -, Kategori: G, KBLI: 45401];;;26/10/2025;UMKM;Dir Pajak;-6,1765033;106,8091646;valid;;;FALSE;FALSE;TRUE;;;invalid;;;;;4
35828885;RM MAKAN MITRA MINANG;JALAN IR H JUANDA;3173080001;31;73;80;1;DKI JAKARTA;JAKARTA PUSAT;GAMBIR;CIDENG;eyJpdiI6InJTMTBLcUlPWFprRW1ieVl3QVF2M2c9PSIsInZhbHVlIjoiandWYU1SdHcvVmlnUTE0dEpGbmY5UT09IiwibWFjIjoiYmIxNDI5YmNiMDVmOTczZDFiYzVmZTQ5YjY1Mzc3ZDZmNmE5Yjc3MWRkNTZhMDlmMGFkOTM3YjllN2ZmMjg3NiIsInRhZyI6IiJ9;Aktif;;[Kegiatan Usaha: -, Kategori: -, KBLI: 56101];;;16/12/2025;;Tambahan Daerah s.d 31 Desember 2025;-6,1669622;106,8059031;valid;;;FALSE;FALSE;TRUE;;;invalid;;;;;4
35828886;SEDERHANA SA RESTAURANT;JALAN IR H JUANDA NO.17;3173080001;31;73;80;1;DKI JAKARTA;JAKARTA PUSAT;GAMBIR;CIDENG;eyJpdiI6InVYQnFsRkdRQUxtclpMVkxPZHZCTHc9PSIsInZhbHVlIjoieFZQUG9EWjN2U3ZsNURKcm5tTDI0QT09IiwibWFjIjoiMWUzMjMwNTY1MWYwYjFlMTFjZTgzNjVhMzFlYzM3NjQ4NTM4MTQ0NjhjM2U2NTQ1MDAyZDUxMmZkZTUxOWJkYSIsInRhZyI6IiJ9;Aktif;;[Kegiatan Usaha: -, Kategori: -, KBLI: 56101];;;16/12/2025;;Tambahan Daerah s.d 31 Desember 2025;-6,1671399;106,8068445;valid;;;FALSE;FALSE;TRUE;;;invalid;;;;;4
3586606;DIMARCO MITRA UTAMA;KOMPLEK ROXY MAS JL KH HASYIM ASHARI;3173080001;31;73;80;1;DKI JAKARTA;JAKARTA PUSAT;GAMBIR;CIDENG;eyJpdiI6IlZaSTUzbTFIeEdnYTJoVkdwa2hrTEE9PSIsInZhbHVlIjoiVmdTRkFWNnVSVkpKMytPVmhQLzZ5dz09IiwibWFjIjoiYzFiYzJiOGEwOWY4MjhmZGM3NWMzYjg0Mzg2NWZlZDE5ODYyN2UyNmE4NTMxN2U0MmM0N2YyNWIxOThlNzVkMSIsInRhZyI6IiJ9;Aktif;;[Kegiatan Usaha: -, Kategori: G, KBLI: 46491];;;31/12/2025;UMKM;Dir Pajak;-6,1662911;106,8030463;valid;;;FALSE;FALSE;TRUE;;;invalid;;;;;4
3593013;ERA POINT GLOBALINDO;PUSAT NIAGA ROXY MAS BLOK D.4/22, JL. KH. HASYIM ASHARI 125;3173080001;31;73;80;1;DKI JAKARTA;JAKARTA PUSAT;GAMBIR;CIDENG;eyJpdiI6IkZyeUY2M0VtQzRYQmpnMjViMktJVFE9PSIsInZhbHVlIjoiYkxkdlExNi9YMUkwMW02eTlEaVBrZz09IiwibWFjIjoiZTllYzdhZDU1OTg5ODcyYTczMWQyMWU5MWIzZDc0YTJmMjljZjRiYjI1NGVjZDYyYTVmYWQzNzIwOWE2MjVkNSIsInRhZyI6IiJ9;Aktif;;[Kegiatan Usaha: -, Kategori: G, KBLI: 46523];;;17/06/2025;UB;Dir Pajak;-6,166384;106,804505;valid;;;FALSE;FALSE;TRUE;;;invalid;;;;;4
35975649;RENIYULIYANTI;Jl. Petojo VIY VI No.6-A Rt/Rw.002/004;3173080001;31;73;80;1;DKI JAKARTA;JAKARTA PUSAT;GAMBIR;CIDENG;eyJpdiI6InpUT3kyTER4UWsyNXF5d2RFR3E3V3c9PSIsInZhbHVlIjoiaVplQVJkcnE4QlhyUk5NZ3R2Z1NRZz09IiwibWFjIjoiMzhmZmQ0OTBkYmI2Y2M4OWIzZjJjNDQ0YmE0ZGEyMTE1ODkzMGRjOTk1NDRiMjYzZjZlYjg3YzRhYzQ3OWFlNCIsInRhZyI6IiJ9;Aktif;;[Kegiatan Usaha: Rumah/Warung Makan, Kategori: -, KBLI: 56102];;;31/12/2025;;;-6,1691377;106,8057672;valid;;;FALSE;FALSE;TRUE;;;invalid;;;;;4
35983169;EKA APRILIANI ACHMAD H;JL. CITARUM NO 56;3173080001;31;73;80;1;DKI JAKARTA;JAKARTA PUSAT;GAMBIR;CIDENG;eyJpdiI6IjgxbUdXNE5rWUlpSmlsWnByZVNUVkE9PSIsInZhbHVlIjoiRkJDT3hpcjNyZnhTNlFSckU3UmQ0Zz09IiwibWFjIjoiYTA4ZGUyM2FjZjQyNmMyN2Q0MGMxNmI3MDk1ZTlkMGYyODBkMDBkMmFlMTg2OGE1ZjFmOTk2MDBhZTQzNDE3YiIsInRhZyI6IiJ9;Aktif;;[Kegiatan Usaha: Kedai Makanan, Kategori: -, KBLI: 56103];;;31/12/2025;;;;;invalid;;;FALSE;FALSE;TRUE;;;invalid;;;;;4
36009785;DINAMIKA USAHATAMA;ITC Roxy Mas Blok C5 No 11, RT.9/RW.6, Cideng, Gambir, Kota Jakarta Pusat, Daerah Khusus Ibukota Jakarta 10160;3173080001;31;73;80;1;DKI JAKARTA;JAKARTA PUSAT;GAMBIR;CIDENG;eyJpdiI6IjFkSUgvMkVpUmZEZ1lia3BGT1NsL2c9PSIsInZhbHVlIjoiaExnMCtmTVQzeXk0Wi9PR3BKbE5VZz09IiwibWFjIjoiMDJkM2E0YzQ1ODYyNGM0MDZjYjE1NTdkNzlhODlkOTgwOTA2ODY0MjZlYjU0OTVhMDMxNTA4ZmYxMTg2NmM5NSIsInRhZyI6IiJ9;Aktif;;[Kegiatan Usaha: Hotel Melati, Kategori: -, KBLI: 55120];;;31/12/2025;;;-6,1673893;106,8025001;valid;;;FALSE;FALSE;TRUE;;;invalid;;;;;4
36033746;ELISENTRALISMAN LASE;Jl. Petojo VIY IV No. 11;3173080001;31;73;80;1;DKI JAKARTA;JAKARTA PUSAT;GAMBIR;CIDENG;eyJpdiI6IndvdTUrZjRHZUdLYmpOL0JsUGl1anc9PSIsInZhbHVlIjoiR0JVZHJOZENUcmtuU0h0SlEzaUpMdz09IiwibWFjIjoiYTNmYTRmY2ZhMmY0YTNmYmJjYjU1ZTAzMDFkZTQ5OGQ1NDhhNWViMWQ0ODlhYWRkM2IxMWZlMmUwYThkOTJlMCIsInRhZyI6IiJ9;Aktif;;[Kegiatan Usaha: Kedai Minuman, Kategori: -, KBLI: 56304];;;31/12/2025;;;-6,1691377;106,8057672;valid;;;FALSE;FALSE;TRUE;;;invalid;;;;;4
36033794;ELISENTRALISMAN LASE;Jl.Petojo VIY IV No. 11;3173080001;31;73;80;1;DKI JAKARTA;JAKARTA PUSAT;GAMBIR;CIDENG;eyJpdiI6Iks2NE9nWnlmR2lKY01GdzdURmhaanc9PSIsInZhbHVlIjoicWJObTI1dnFUUXdhamtLSEMybEtIQT09IiwibWFjIjoiYmFlMWJkZTllOWZkZjNmYjY0Njc4NDJmZTI5Y2ZiODg4NTA1ZTJlNGY5ZDUxMWNhYzQxOTAzMGUwOWJlY2ViOCIsInRhZyI6IiJ9;Aktif;;[Kegiatan Usaha: Rumah/Warung Makan, Kategori: -, KBLI: 56102];;;31/12/2025;;;-6,1691377;106,8057672;valid;;;FALSE;FALSE;TRUE;;;invalid;;;;;4
36035006;HAYATI;JL CIDENG BARAT;3173080001;31;73;80;1;DKI JAKARTA;JAKARTA PUSAT;GAMBIR;CIDENG;eyJpdiI6IkVhOGQvd1E0aFkzWHJMdlk1UkFsSmc9PSIsInZhbHVlIjoicEU2S05FZXBVeGdXVWloNkN4alVGdz09IiwibWFjIjoiMjhmYWMxNjY3M2RkYmMyN2UzOTVhNTFiZjMwZjBiOTUwMTAyNTIzNTgzMDhmYzkzMWU1ZWViOTBhNWFkNDNiMyIsInRhZyI6IiJ9;Aktif;;[Kegiatan Usaha: Rumah/Warung Makan, Kategori: -, KBLI: 56102];;;31/12/2025;;;-6,1727276;106,8111658;valid;;;FALSE;FALSE;TRUE;;;invalid;;;;;4
36044865;DWI DWIYANTI;Jl Bakti VII No.30;3173080001;31;73;80;1;DKI JAKARTA;JAKARTA PUSAT;GAMBIR;CIDENG;eyJpdiI6ImV0SkhFK0RKbm1jSlhQSzRxK1dsWXc9PSIsInZhbHVlIjoiY3dFWDBKN1cvWmxrWUg5aVdDSEU1Zz09IiwibWFjIjoiMThiYjVjNjc1MmNkM2FhYzQ2YWRlNDc0NTVlNzUzYTc5ZDFiM2I2YjY1ZmRlYzgxZjIwMTIzZTNiMWVlODk2NiIsInRhZyI6IiJ9;Aktif;;[Kegiatan Usaha: Penyediaan Jasa Boga Periode Tertentu, Kategori: -, KBLI: 56290];;;31/12/2025;;;;;invalid;;;FALSE;FALSE;TRUE;;;invalid;;;;;4
36052405;SIMON KURNIAWAN;JALAN KAMPAR NO.23, RT 003 / RW 003;3173080001;31;73;80;1;DKI JAKARTA;JAKARTA PUSAT;GAMBIR;CIDENG;eyJpdiI6Ik04WEgwWUNzeDA4UUNGS1lldEdjYUE9PSIsInZhbHVlIjoiYXdBM0lQbDhBWTRoRHdTdVRyZlYvdz09IiwibWFjIjoiN2EyMGNlZmJiZTE4MDFlMTc1ZmQyYmVkOGYwNmFkNzY2MzRiNGNkODAyOTRjNGRjOWMxMWQ5ZDY4ZDRiZmRiMyIsInRhZyI6IiJ9;Aktif;;[Kegiatan Usaha: Penyediaan Akomodasi Lainnya, Kategori: -, KBLI: 55900];;;31/12/2025;;;-6,1744396;106,8088915;valid;;;FALSE;FALSE;TRUE;;;invalid;;;;;4
36058196;DEDEN B KAMAL;Jl. Kp Bakti II/115;3173080001;31;73;80;1;DKI JAKARTA;JAKARTA PUSAT;GAMBIR;CIDENG;eyJpdiI6IkpNWXdSdnlsdXNEa283Mk1sejd4c3c9PSIsInZhbHVlIjoiQTdaWlFvaGZzY052VWtabG0yNjVqUT09IiwibWFjIjoiNmE4NTQ4ZDJmYjYxODg2NGM5YmMxMDY1ZGViMzBiOTZiZmYyMmZlZTBkZGJhMDg5N2E4ZjRhZjQ5YzBjOGNhYiIsInRhZyI6IiJ9;Aktif;;[Kegiatan Usaha: Penyediaan Akomodasi Lainnya, Kategori: -, KBLI: 55900];;;31/12/2025;;;;;invalid;;;FALSE;FALSE;TRUE;;;invalid;;;;;4
3606635;MINGPRABU NUSANTARA;RT 012 RW 002;3173080001;31;73;80;1;DKI JAKARTA;JAKARTA PUSAT;GAMBIR;CIDENG;eyJpdiI6IlN0Z2I5bW1JcFIycWpxY2RCdXdiTGc9PSIsInZhbHVlIjoiZUVJaEZ2MEVuby95bmw0WktheTR0Zz09IiwibWFjIjoiNzA4MmRhYjk5NjQ4NmY0OGI3MDA2NjJkMmQxZmJhYWU3YTc0NjIxMzhkZmJjOTVmNjhkMDk5YzU2MWVkNjc0MyIsInRhZyI6IiJ9;Aktif;;[Kegiatan Usaha: -, Kategori: G, KBLI: 46900];;;26/10/2025;UMKM;Dir Pajak;-6,1751212;106,8098939;valid;;;FALSE;FALSE;TRUE;;;invalid;;;;;4
3608544;O-FIVE MULTIMEDIA;RT 012 RW 002;3173080001;31;73;80;1;DKI JAKARTA;JAKARTA PUSAT;GAMBIR;CIDENG;eyJpdiI6Im1Ua3Bhb002eC96NFRIU3JrWUV0WlE9PSIsInZhbHVlIjoic0VyZ1pWV3ZYc2hYYnk0NEhudHhMUT09IiwibWFjIjoiZGEzNjU3MTk1NDU1ZTVlNDNmYzU5YzMzMTU4ZjllM2NlYzZlZDJkMjZjMTk5NGM2ZjNiMjc1MTZlYWU2Y2Y3NCIsInRhZyI6IiJ9;Aktif;;[Kegiatan Usaha: -, Kategori: G, KBLI: 46491];;;26/10/2025;UMKM;Dir Pajak;-6,1748125;106,8095033;valid;;;FALSE;FALSE;TRUE;;;invalid;;;;;4
36110641;JUPURA JAYA PROPERTINDO;JALAN TALAUD NOMOR 4A;3173080001;31;73;80;1;DKI JAKARTA;JAKARTA PUSAT;GAMBIR;CIDENG;eyJpdiI6Ims0aXVDUWliVEtuaGdOcXk1amJiaVE9PSIsInZhbHVlIjoiOWhrUFZSMzhrN1RucUVZR04xb0swdz09IiwibWFjIjoiMTc4MTc5ZDBhMzRmNGRkYjA4YzM1MDVhNjZkMGRjMzZjNWI1NmNjNTc5OGI3YjliMmNkODdiZWQ5ZTNiN2RkMSIsInRhZyI6IiJ9;Aktif;;[Kegiatan Usaha: -, Kategori: -, KBLI: 68111];;;31/12/2025;;OSS - Badan Usaha;-6,1706036;106,8095299;valid;;;FALSE;FALSE;TRUE;;;invalid;;;;;4
36115936;ANUGRAH MITRA KERJA;JALAN TANJUNG SELOR NO. 22;3173080001;31;73;80;1;DKI JAKARTA;JAKARTA PUSAT;GAMBIR;CIDENG;eyJpdiI6IjlGbzBiUUFMRXpTMzAxSWNLZFVGN0E9PSIsInZhbHVlIjoiOFVxWnZ5MVBKNGZNZ1VSTGhHbTIwdz09IiwibWFjIjoiNGY2OTcwNjIwYTA3MmQwZjhhMjliZDY1NDQ4NmMwMmJlOTA2ZWYzZjhmY2I4ODk4YWExOTlkOTE0ZDNjY2IzZSIsInRhZyI6IiJ9;Aktif;;"[Kegiatan Usaha: -, Kategori: -, KBLI: 26490]; [Kegiatan Usaha: -, Kategori: -, KBLI: 27404]; [Kegia...";;;31/12/2025;;OSS - Badan Usaha;-6,1676557;106,8025491;valid;;;FALSE;FALSE;TRUE;;;invalid;;;;;4
3619474;CITRA NUSA PERTIWI;RT 009 RW 009;3173080001;31;73;80;1;DKI JAKARTA;JAKARTA PUSAT;GAMBIR;CIDENG;eyJpdiI6IjZ5SCtGZ05GOE1GWEtJYkdFRWdEVVE9PSIsInZhbHVlIjoiUHAwUlEwMm1kL1RxUnFpeTRqUllaUT09IiwibWFjIjoiMjkxZDZmZGJjYWE5NjA5MDdiMjljZTlhNjg0ZDM3YWJhNTQ0MjVlZmZjM2FkZjkwNWU5NjQ5MWY5YTQ1YTM3NCIsInRhZyI6IiJ9;Aktif;;[Kegiatan Usaha: -, Kategori: G, KBLI: 46900];;;26/10/2025;UMKM;Dir Pajak;-6,1793984;106,8125263;valid;;;FALSE;FALSE;TRUE;;;invalid;;;;;4
3623472;PRIMA ABADI;PUSAT NIAGA ROXY MAS BLOK D4 NO.14 JL.KH.HASYIM ASHARI NO.125;3173080001;31;73;80;1;DKI JAKARTA;JAKARTA PUSAT;GAMBIR;CIDENG;eyJpdiI6IjNQMXc3RVNteXF2S1NpakdrSDFwMUE9PSIsInZhbHVlIjoiRkVrYWpyMlBiMlJub29jRFNtdFFodz09IiwibWFjIjoiZWQ1ZDExMTE2NTY3NmM5NDY0NmFiZGRhYTNiODM1OWVlYTViMmRmYTgyM2Q2ZjFkZTM4MGE5NTlkMzNhNWIxYiIsInRhZyI6IiJ9;Aktif;;[Kegiatan Usaha: -, Kategori: G, KBLI: 46900];;;26/10/2025;UMKM;Dir Pajak;-6,166753;106,8028378;valid;;;FALSE;FALSE;TRUE;;;invalid;;;;;4
3627161;MULTI MAKET INDONESIA;RT 011 RW 004;3173080001;31;73;80;1;DKI JAKARTA;JAKARTA PUSAT;GAMBIR;CIDENG;eyJpdiI6Im9vcFN5eU5yVTdiSVJrek8zZDJjdVE9PSIsInZhbHVlIjoiaGk3Q1RxRXAwRytRRGVrTzhrWUI0Zz09IiwibWFjIjoiYjUwMGYyYjk0MmE0YzYyMjUyODlmNjA3OGYyNDExNmI5MGQ5NmMyMjU5NzBlM2I1MTkzZDE4MzdhYjdhZTUzNSIsInRhZyI6IiJ9;Aktif;;[Kegiatan Usaha: -, Kategori: G, KBLI: 46521];;;26/10/2025;UMKM;Dir Pajak;-6,1712884;106,8097958;valid;;;FALSE;FALSE;TRUE;;;invalid;;;;;4
3633256;CITRA NAGA NUSANTARA;ROXY MAS BLOK.C-4 NO.17 JL.KH.HASYIM ASHARI 125, CIDENG;3173080001;31;73;80;1;DKI JAKARTA;JAKARTA PUSAT;GAMBIR;CIDENG;eyJpdiI6InM5WWdHUUhibS9UOCtxVDFRMnF6WFE9PSIsInZhbHVlIjoiZXdPTityTHNEODduaVg4S0IyYWFGQT09IiwibWFjIjoiMTYwYTY5OGFhNjY3ZGUyMDAwNDkzOGQwNTgyOTFlOTBmYjgwZjY4ODFhYjFlNjk2ZTdiYTU2ZmZmMDM4YTlmMCIsInRhZyI6IiJ9;Aktif;;[Kegiatan Usaha: -, Kategori: G, KBLI: 46900];;;26/10/2025;UMKM;Dir Pajak;-6,17852;106,8121215;valid;;;FALSE;FALSE;TRUE;;;invalid;;;;;4
3640568;PRO SARANA JAYA;KOMP.ROXY MAS BLOK.C5/14 JL.KH.HASYIM ASHARI NO 125, CIDENG;3173080001;31;73;80;1;DKI JAKARTA;JAKARTA PUSAT;GAMBIR;CIDENG;eyJpdiI6IkVLQ00rYUhDRzBiNDhhcDYybG0wb2c9PSIsInZhbHVlIjoiYThzSnBjUTVpTTE0cC9xZ21aczJnZz09IiwibWFjIjoiMTYxYmQxMjE2MzYyYzkzYmUxMDZmMDQ2ZTJhMGJkNjQxOTRkOWU2N2RkOTJlNTFjY2M5YWFkMjFkMmNmMWRmYiIsInRhZyI6IiJ9;Aktif;;[Kegiatan Usaha: -, Kategori: G, KBLI: 46900];;;26/10/2025;UMKM;Dir Pajak;-6,1674636;106,805129;valid;;;FALSE;FALSE;TRUE;;;invalid;;;;;4
3658965;MANDIRI RAYA MAKMUR;KOMPLEK RUKO ROXY MAS BLOK D1 NO.17 , JL. KH. HASYIM ASHARI;3173080001;31;73;80;1;DKI JAKARTA;JAKARTA PUSAT;GAMBIR;CIDENG;eyJpdiI6IjBxMXFoY1B6ZzZ4a05EZitQZ0cwRGc9PSIsInZhbHVlIjoiN1k0emVMTi9sVVRhVEtXSXZIR0RGZz09IiwibWFjIjoiZjhjYTg1ZjZiNzRmZjk2YmExYmMzNGY1NjAwMzliYjc0Y2I0YTdhZTdkY2RlMDRkY2Q3YTFhY2ZlOWE4OTVhMiIsInRhZyI6IiJ9;Aktif;;[Kegiatan Usaha: -, Kategori: G, KBLI: 46521];;;26/10/2025;UMKM;Dir Pajak;-6,1664172;106,8039419;valid;;;FALSE;FALSE;TRUE;;;invalid;;;;;4
3665638;ENVIROTEC;JL. KOTA BARU NO. 22A RT. RW., CIDENG;3173080001;31;73;80;1;DKI JAKARTA;JAKARTA PUSAT;GAMBIR;CIDENG;eyJpdiI6ImxiRDhLeURXL1FneFZTVEVNc01EalE9PSIsInZhbHVlIjoiWWNNaENXcXVaT3dqSXhqVjhQY0tvQT09IiwibWFjIjoiNDZkOTFkNzhkNzQzODA0NmZiMmQ4NTIwZjhkYjE2MmI1YWIzNzQ5MjhmNTQ2Y2Q3YmY5NDM1OTQyNmQ0YTZjYSIsInRhZyI6IiJ9;Aktif;;[Kegiatan Usaha: -, Kategori: F, KBLI: 42918];;;31/12/2025;UMKM;Dir Pajak;-6,169928074;106,8057785;valid;;;FALSE;FALSE;TRUE;;;invalid;;;;;4
3667055;CATUR MITRA SUKSES PERDANA;JL TANAH ABANG II;3173080001;31;73;80;1;DKI JAKARTA;JAKARTA PUSAT;GAMBIR;CIDENG;eyJpdiI6IjhHelpxZjRKRjh0ZHYvUU9SUTFIL1E9PSIsInZhbHVlIjoiS1Y3QjNwbkFLTWtlWDF4SzZ2NGx1UT09IiwibWFjIjoiYTc3MjI5NWI0YjM0YjhlMmRmNjdjZDgyZGU5NDU2NjcxODBkZjkzMzkzNzlmN2ZiOTY5OTg5MzZlZDhjYjkxZCIsInRhZyI6IiJ9;Aktif;;[Kegiatan Usaha: -, Kategori: M, KBLI: 70203];;;31/12/2025;UMKM;Dir Pajak;-6,178528786;106,8122635;valid;;;FALSE;FALSE;TRUE;;;invalid;;;;;4
3676743;RASAPURA NUSANTARA;RT 002 RW 005;3173080001;31;73;80;1;DKI JAKARTA;JAKARTA PUSAT;GAMBIR;CIDENG;eyJpdiI6IndQSlZrend3bCszeFhjNmlVTjZDeXc9PSIsInZhbHVlIjoib0ZRcG01OHFSRTFLQk92OHVEb3VXdz09IiwibWFjIjoiMmU5ZTQ5ZDQ0ZWQxYzllZTRkMmIwN2M4MjI2YjA3ZjM3ZjRkM2EzMjVlNjBiMDNmZDU0MTE0OTBlOGYxOWVjNiIsInRhZyI6IiJ9;Aktif;;[Kegiatan Usaha: -, Kategori: G, KBLI: 46339];;;26/10/2025;UMKM;Dir Pajak;-6,1666952;106,8071853;valid;;;FALSE;FALSE;TRUE;;;invalid;;;;;4
3682711;SUMBER HARAPAN;RT 010 RW 004;3173080001;31;73;80;1;DKI JAKARTA;JAKARTA PUSAT;GAMBIR;CIDENG;eyJpdiI6IjlSN2lkVzlYbnlreHFRWmgzbXNRcWc9PSIsInZhbHVlIjoicG54S2hyc051eFhHOFd4dmlWRHl6dz09IiwibWFjIjoiYjhkYjJmNWFlYTg5NGYwNzQ3NDU3NTIzNWU2ZDU3ZjQzMGVlYjUwY2VlZGI4MmE4YmVlYzU1ZDhkOTIzYzY0YiIsInRhZyI6IiJ9;Aktif;;[Kegiatan Usaha: -, Kategori: G, KBLI: 46900];;;26/10/2025;UMKM;Dir Pajak;-6,1703538;106,8086659;valid;;;FALSE;FALSE;TRUE;;;invalid;;;;;4
3683417;DWI UTAMA MANDIRI;RT 008 RW 011;3173080001;31;73;80;1;DKI JAKARTA;JAKARTA PUSAT;GAMBIR;CIDENG;eyJpdiI6InplK1dtcGVnTm5LTEt0dW5jdWtlSWc9PSIsInZhbHVlIjoiT1JrRGtmNFRnOTJyVm9BeGJNRk5FQT09IiwibWFjIjoiNzNjZTRhMTdiNzEyMjk3ODI3ZTJiY2FiMWYzNGMyM2M2NTNkNGViODcxMjJhZDIwMjBiZGJmNGJhNDA3YzljMCIsInRhZyI6IiJ9;Aktif;;[Kegiatan Usaha: -, Kategori: G, KBLI: 46900];;;26/10/2025;UMKM;Dir Pajak;-6,1685738;106,8086716;valid;;;FALSE;FALSE;TRUE;;;invalid;;;;;4
3695782;ERA INDONESIA;PUSAT NIAGA ROXY MAS BLOK D3 NO 19, JL KH HASYIM ASHARI;3173080001;31;73;80;1;DKI JAKARTA;JAKARTA PUSAT;GAMBIR;CIDENG;eyJpdiI6IkxNSGNYUkNnSHRwTlR4VkwvYnB2RHc9PSIsInZhbHVlIjoiWmdzRHV4Y2hwbHRHTm93Q1M4RTd3QT09IiwibWFjIjoiM2RjMDk0NzRiNmJlN2MwOTZmZjY1MmYxYWQzOWY2M2M0M2FlZDRmODQ3YmUxMmFiOTFlMjY1OTAwZWFhMWI2YSIsInRhZyI6IiJ9;Aktif;;[Kegiatan Usaha: -, Kategori: G, KBLI: 46523];;;26/10/2025;UMKM;Dir Pajak;-6,166433;106,8029841;valid;;;FALSE;FALSE;TRUE;;;invalid;;;;;4
3697340;ERA POINT BHAKTITAMA;KOMPLEK RUKO ROXY MAS BLOK E.1 NO. 12 A, JL KH HASYIM ASHARI;3173080001;31;73;80;1;DKI JAKARTA;JAKARTA PUSAT;GAMBIR;CIDENG;eyJpdiI6Iks0U3NmbFp0NXhXaUxHaDZsQ0Noc0E9PSIsInZhbHVlIjoiNGtGOEVvNEZOcUdka24xVUhFUDYrQT09IiwibWFjIjoiZGYwOWE2NWY2MjA5MTM2MGI2YzgyY2UyNDkwMjVlODE5MTBkY2NhYjQ4NWZlOTgzNTZkNGIxNjllYzQwYTVmNCIsInRhZyI6IiJ9;Aktif;;[Kegiatan Usaha: -, Kategori: G, KBLI: 46521];;;26/10/2025;UMKM;Dir Pajak;-6,1676893;106,8036751;valid;;;FALSE;FALSE;TRUE;;;invalid;;;;;4
3698809;CROWN ENTERTAINMENT;JL.KAPUAS NO.21 TELP.3845728;3173080001;31;73;80;1;DKI JAKARTA;JAKARTA PUSAT;GAMBIR;CIDENG;eyJpdiI6IjM3L3pqR1VXWDN6di8xMWRablJneHc9PSIsInZhbHVlIjoiMEJNOWZpNTNsMU1tUjhSMC9CU1pRZz09IiwibWFjIjoiYjEyYjdmNDcyZDVlNWUyNjFjZTk0OWFlMmY5OWExN2Q3ZjEyZDJiMTVlMDlhOTE0MjFkY2FhMDVlNWZmZjcxYiIsInRhZyI6IiJ9;Aktif;;;;;31/12/2025;UMKM;Dir Pajak;-6,175724983;106,8096466;valid;;;FALSE;FALSE;TRUE;;;invalid;;;;;4
3705893;IROC INDONESIA;RUKO ROXY MAS BLOK C IV NO 30, JL KH HASYIM ASHARI;3173080001;31;73;80;1;DKI JAKARTA;JAKARTA PUSAT;GAMBIR;CIDENG;eyJpdiI6Im1MRC9pZXJVUXhGRFE5dkx3aThDd1E9PSIsInZhbHVlIjoiSU1FMTBudWxwdDZXMDkvblBLTVFsdz09IiwibWFjIjoiYzA2YzJlODQwZTFiZmRkNDZiYTczOWRkNjI0NzY4NDNhNTI0YmY3YzMzNTBmNzhiMWNlZWY1NTg0ZjNmY2U4YyIsInRhZyI6IiJ9;Aktif;;;;;31/12/2025;UMKM;Dir Pajak;-6,166433;106,8029841;valid;;;FALSE;FALSE;TRUE;;;invalid;;;;;4
3707693;HORIZON NAWRUZ INTERNATIONAL;BRANTAS 1, CIDENG;3173080001;31;73;80;1;DKI JAKARTA;JAKARTA PUSAT;GAMBIR;CIDENG;eyJpdiI6IjBjM1FRSDhsR0ZBT3lEZklwai92b3c9PSIsInZhbHVlIjoiblB1TFhXaFRtdysxWkVaWmQzNXpTQT09IiwibWFjIjoiZWMyYjJjODFiNDRhNWMwMWM1OTBmMmQxNTAzOWU3ODYwZmQ1M2FlYjgzM2JiZmUwY2E1ZWZjOWE1YmYzYWFhNSIsInRhZyI6IiJ9;Aktif;;[Kegiatan Usaha: -, Kategori: J, KBLI: 59112];;;31/12/2025;UMKM;Dir Pajak;-6,17971611;106,812088;valid;;;FALSE;FALSE;TRUE;;;invalid;;;;;4
3716963;TERADAYA INTEGRA;RT 003 RW 001;3173080001;31;73;80;1;DKI JAKARTA;JAKARTA PUSAT;GAMBIR;CIDENG;eyJpdiI6Ik8wOXNpdTNEaVlHQkxUWkVrdS9URXc9PSIsInZhbHVlIjoidnlxL2RBbWlWd28wMUVrVUhwQ0lrQT09IiwibWFjIjoiODllODdmN2RhOWM2MWZmZmRkMzNmNDZkOTkzOWRiMTVjYTBhZTA3ZmZhMjYzNDQ5NDBlMTNlODVlNzY5ZDliZiIsInRhZyI6IiJ9;Aktif;;[Kegiatan Usaha: -, Kategori: G, KBLI: 46521];;;26/10/2025;UMKM;Dir Pajak;-6,179309;106,8113879;valid;;;FALSE;FALSE;TRUE;;;invalid;;;;;4
3720454;SEMANGAT JAYA;JL. KH FACHRUDIN 36 BLOK E LT. 3 LOS D15 NO. 2;3173080001;31;73;80;1;DKI JAKARTA;JAKARTA PUSAT;GAMBIR;CIDENG;eyJpdiI6Imo3ZG0vaUx3dXJtaW9WYkswWTRPU1E9PSIsInZhbHVlIjoiV0xYWmZpelI3cmRENHZlQzNxdSs1UT09IiwibWFjIjoiM2I4NGY1YzBkNDQwMTI2ZWVlMTQzNWUyOTg1OWM0YmFlYTZiZThkYzVkZmU1MmEzNTVjM2QzMTc5M2JjYjYxMSIsInRhZyI6IiJ9;Aktif;;[Kegiatan Usaha: -, Kategori: G, KBLI: 47511];;;31/12/2025;UMKM;Dir Pajak;-6,1719019;106,8090392;valid;;;FALSE;FALSE;TRUE;;;invalid;;;;;4
3720987;SARANA KREASI PRATAMA;RT 014 RW 002;3173080001;31;73;80;1;DKI JAKARTA;JAKARTA PUSAT;GAMBIR;CIDENG;eyJpdiI6ImhQVmVmM2d4M1c1N1F3TFB1dTVsUmc9PSIsInZhbHVlIjoieEIvYm1xKzJhaXp4T1pMYzVxOFE2dz09IiwibWFjIjoiOGI0NmRhYzExYTU5NzM5N2Y4ZjZiNjFmMTRjZjhkMDA1YjY5M2YxMmZlMmYxNDUzMGE4ZWI2OTg0YjM0MDExYiIsInRhZyI6IiJ9;Aktif;;[Kegiatan Usaha: -, Kategori: G, KBLI: 46620];;;26/10/2025;UMKM;Dir Pajak;-6,1727276;106,8111658;valid;;;FALSE;FALSE;TRUE;;;invalid;;;;;4
3742946;PEKAT TEKNOLOGI INDONESIA;JL CITARUM;3173080001;31;73;80;1;DKI JAKARTA;JAKARTA PUSAT;GAMBIR;CIDENG;eyJpdiI6IksyNGNYVGhjd2RNeTJ4b2dRWjMvZUE9PSIsInZhbHVlIjoiM3huSFR2VlorKzRrM1doUGZsLzdSZz09IiwibWFjIjoiNjM4N2U2ODgzMjRmNjgzZTlmODUwOWNmN2EwMzNhZDM1MGIxNjVlYmUwODk0MzYzNzkzNDA1OWI5NGM3ZGRiNiIsInRhZyI6IiJ9;Aktif;;[Kegiatan Usaha: -, Kategori: G, KBLI: 46521];;;31/12/2025;UMKM;Dir Pajak;-6,17795372;106,8093872;valid;;;FALSE;FALSE;TRUE;;;invalid;;;;;4
3762180;SURIA INTI SEMESTA;JL. KYAI CARINGIN;3173080001;31;73;80;1;DKI JAKARTA;JAKARTA PUSAT;GAMBIR;CIDENG;eyJpdiI6IlhRRGx0OEhWSXZXT1E2NUEzek9QeWc9PSIsInZhbHVlIjoiTFdJWXVBcWxjYXM4UnRXMm5tZzhoQT09IiwibWFjIjoiMDlmYjVmYzkzZmQ1Zjg5ZTc2OGQwNWY5ZjEzMzQ0ZGE3NWNhYThiODJiNWIyZjFmYWVjMzJlMGZhMTM5YWZmMCIsInRhZyI6IiJ9;Aktif;;[Kegiatan Usaha: -, Kategori: G, KBLI: 46521];;;26/10/2025;UMKM;Dir Pajak;-6,171101;106,80886;valid;;;FALSE;FALSE;TRUE;;;invalid;;;;;4
3776386;JAYA KUSUMA SARANA;GEDUNG ROXY MAS BLOK D4 NO. 5 JL KH.HASYIM ASHARI;3173080001;31;73;80;1;DKI JAKARTA;JAKARTA PUSAT;GAMBIR;CIDENG;eyJpdiI6Im5hK2MrTVdidGRLSTV3eElVdlU3SHc9PSIsInZhbHVlIjoiaUlmWmFjMGVnTzhqcGd6VEN6eEFlQT09IiwibWFjIjoiNjMxYTgxNTJiYjZjZDBhNTE3MTI4NWYzNzgxMzIzZjkxMTllYzI4MjliOGU4NzBhODgxZWM1NGE3MzI3YmNkZiIsInRhZyI6IiJ9;Aktif;;[Kegiatan Usaha: -, Kategori: F, KBLI: 41017];;;26/10/2025;UB;Dir Pajak;-6,1687865;106,8031616;valid;;;FALSE;FALSE;TRUE;;;invalid;;;;;4
3777041;KRESNA VISI UTAMA;JL BIAK NO 14 / B-3, CIDENG;3173080001;31;73;80;1;DKI JAKARTA;JAKARTA PUSAT;GAMBIR;CIDENG;eyJpdiI6IkovSklUZ0JvSW1maHVLNXg0M004eUE9PSIsInZhbHVlIjoiNTQwRnArYUxOMUR4dDFpVjN2ZjFEQT09IiwibWFjIjoiYzRmZWQ5NTY1ZmY0MzE5Y2QyMTQxYzFlNDI4Yzk2YjYwOTVjYjY4MGRlNzVjNjViMDM2OTQzMGIwNjc1NDQ5ZSIsInRhZyI6IiJ9;Aktif;;[Kegiatan Usaha: -, Kategori: G, KBLI: 46641];;;26/10/2025;UMKM;Dir Pajak;-6,1708339;106,8087625;valid;;;FALSE;FALSE;TRUE;;;invalid;;;;;4
3830428;ANDAL GLOBAL SOLUSINDO;JL KH HASYIM ASHARI;3173080001;31;73;80;1;DKI JAKARTA;JAKARTA PUSAT;GAMBIR;CIDENG;eyJpdiI6ImQ4QzY5NmZzSmkva0JMSURGYkpVTEE9PSIsInZhbHVlIjoieFdNYlhXcnM0TmtQTDJtOHpjVVdlZz09IiwibWFjIjoiNjhjODY5NWI5OTQyNGY5YzBlY2U3ZjdiYjJhOTdiMjdmZWM1MWVmMDIzYzBjZTA3YjhjMmQzMzI4ZjhiODVkNCIsInRhZyI6IiJ9;Aktif;;"[Kegiatan Usaha: -, Kategori: G, KBLI: 46521]; [Kegiatan Usaha: -, Kategori: -, KBLI: 62029]";;;26/10/2025;UB;Dir Pajak;-6,1664256;106,8043335;valid;;;FALSE;FALSE;TRUE;;;invalid;;;;;4
3831496;PHILNESIA INTERNATIONAL;JL. CIDENG BARAT NO 65-B, KEL.CIDENG, KEC.GAMBIR.;3173080001;31;73;80;1;DKI JAKARTA;JAKARTA PUSAT;GAMBIR;CIDENG;eyJpdiI6IkRyd2xPdzhKQ2Y1SUJaTmE4L0FHMVE9PSIsInZhbHVlIjoidVpkSXdHTjQxb2hlL0xvY2ZsSVNjZz09IiwibWFjIjoiZjUxZjRjMTM2OGI1NTI4MWY1NjM1ZTY0OTg3ZWM0OWRlN2ZjOGY4ZWI2NDY4YTcwNzI4YjdhYTYyMmRhN2NiZCIsInRhZyI6IiJ9;Aktif;;"[Kegiatan Usaha: -, Kategori: C, KBLI: 31002]; [Kegiatan Usaha: INDUSTRI FURNITURE DARI ROTAN DAN BA...";;;17/06/2025;UB;Dir Pajak;-6,177173;106,809353;valid;;;FALSE;FALSE;TRUE;;;invalid;;;;;4
38445294;BAKMI AYAM <AGUS>;Halte biak/depan apotek hari baik, RT 0/RW 0;3173080001;31;73;80;1;DKI JAKARTA;JAKARTA PUSAT;GAMBIR;CIDENG;eyJpdiI6IjM2djZwS0FTWFEzSHhqaFlMU0JHV3c9PSIsInZhbHVlIjoiSThFWThjU2d5dHhrcWMxMEFVdGNvQT09IiwibWFjIjoiNjM3NWM2ZTM3NDliZTExYjFjOTUxYTgyODhkZTJiZGE3YmU3N2YzMjM2NTczYjgwNDg3ZDI5MDhmMjgwZjk0MyIsInRhZyI6IiJ9;Aktif;;;;;31/12/2025;;;-6,1692192;106,8084944;valid;;;FALSE;FALSE;TRUE;;;invalid;;;;;4
38531677;NASI UDUK <MARIA>;Jl. Ternate no.82, RT 12/RW 6;3173080001;31;73;80;1;DKI JAKARTA;JAKARTA PUSAT;GAMBIR;CIDENG;eyJpdiI6IjdtU2FiR0ZmRTcyalpocHhtK2pBVXc9PSIsInZhbHVlIjoic3VRNjVnU0dRWS9zZU9iMWhHREd2Zz09IiwibWFjIjoiN2U2ZTgwYzg1Njg4NTRlMDYyZDUyOTIzMWM0NjgwMWNjNTMwZmI1ZGE3Y2NhMzE3ZjdjNGU2ODdiZDViYWQwMSIsInRhZyI6IiJ9;Aktif;;;;;31/12/2025;;;-6,143965;106,825945;valid;;;FALSE;FALSE;TRUE;;;invalid;;;;;4
38531730;ADE CATERING NASI UDUK 84 <ADE JANUAR>;JL. BIAK, RT 5/RW 6;3173080001;31;73;80;1;DKI JAKARTA;JAKARTA PUSAT;GAMBIR;CIDENG;eyJpdiI6IllnQ282aWEzbm9zdlFnY0ticlVkVEE9PSIsInZhbHVlIjoiUXZyN0poV1BsYVJrOU81ZGpReWdUUT09IiwibWFjIjoiY2JjNGUyYWVjNzZjMmMxNzI2MWU1OTQ1ZGE0NjgxZmUwY2VlYjI2YjU0NzVlNDU0ZTg1YTE3YWExYTUyYmMwZSIsInRhZyI6IiJ9;Aktif;;;;;31/12/2025;;;-6,1666421;106,8082998;valid;;;FALSE;FALSE;TRUE;;;invalid;;;;;4
3854661;ARI SARANA JAYA;PUSAT NIAGA ROXY MAS BLOK B1 NO 30 LANTAI 3 JL KH HASYIM ASHARI;3173080001;31;73;80;1;DKI JAKARTA;JAKARTA PUSAT;GAMBIR;CIDENG;eyJpdiI6Ik9TTHM0Z0pMOGhoemNWZjdnQlQyTEE9PSIsInZhbHVlIjoiTFpJZC9zQUZ6L0EzVHRxT2NZWFdMUT09IiwibWFjIjoiM2Y0Y2Q3YWRiZTI2NGJhMTEzODA5YTY4MGY5MjYxYjViY2RkNjdiZjA1N2ZlMWQ2Y2M1OWM5NTk1ZDcwMjNkYSIsInRhZyI6IiJ9;Aktif;;;;;31/12/2025;UMKM;Dir Pajak;-6,166433;106,8029841;valid;;;FALSE;FALSE;TRUE;;;invalid;;;;;4
38579336;IRMA SUMIYATI;Jln.Petojo VIY Ii Dlm no 12A, RT 4/RW 6;3173080001;31;73;80;1;DKI JAKARTA;JAKARTA PUSAT;GAMBIR;CIDENG;eyJpdiI6IlZwSnBHOEFkZHJoWUxuVEVQY1NseEE9PSIsInZhbHVlIjoiV0VlRVFybWZTbk9odEp4QjQvc3dBdz09IiwibWFjIjoiNzQxMGI0NmRkNjg2MGI2NzY4NDA4MGFhOWU5ZjllZGUwMzM3MWQ1OGQ5MjFjMjUwNzE4ZDMzZDBhMGNjMmJkYiIsInRhZyI6IiJ9;Aktif;;;;;31/12/2025;;;-6,1691377;106,8057672;valid;;;FALSE;FALSE;TRUE;;;invalid;;;;;4
38579379;TOKO MAS IBNU <IBNU AJI NUGROHO>;Jalan Tanjung Selor, RW 06, Cideng, Gambir, Jakarta Pusat, RT 17/RW 6;3173080001;31;73;80;1;DKI JAKARTA;JAKARTA PUSAT;GAMBIR;CIDENG;eyJpdiI6ImdmdHBvT05SL1gyZHhoODhoWFdqYnc9PSIsInZhbHVlIjoiTjlMdmdLYkpEVE94SnhJd1Nrd1VuZz09IiwibWFjIjoiNjYxMTI3OTc5NTY5MWY5Nzg0ZDFmOTI2MDRjNjZiYzY3MmQyYjNkODY2NDQxMzc5NWYzZjMxOGUwYzM0M2ZiOSIsInRhZyI6IiJ9;Aktif;;;;;31/12/2025;;;-6,1676557;106,8025491;valid;;;FALSE;FALSE;TRUE;;;invalid;;;;;4
38579387;WARUNG KELONTONG IBU VITRI <SAVITRI>;Jl. Petojo VIY VII No. 2, RT 2/RW 6;3173080001;31;73;80;1;DKI JAKARTA;JAKARTA PUSAT;GAMBIR;CIDENG;eyJpdiI6InhpbTgxS2tIM1prd3pHaFVrK0JpL0E9PSIsInZhbHVlIjoiN0xJejEvYUMwbi9Bb2FRWFBJTTdsZz09IiwibWFjIjoiNWYyNGM3ZmU3NjdiNjYyZGI2Y2YxZDZlNmE4OTc4MmMzN2JmYjk5NTEwOTU0MGY0YmI4NjA5ZTJkMWRjMjMyMiIsInRhZyI6IiJ9;Aktif;;;;;31/12/2025;;;-6,1691377;106,8057672;valid;;;FALSE;FALSE;TRUE;;;invalid;;;;;4
3859611;ADSCO MANDIRI;JL. LEMATANG NO. 27, CIDENG;3173080001;31;73;80;1;DKI JAKARTA;JAKARTA PUSAT;GAMBIR;CIDENG;eyJpdiI6Iko2SG5jb1VZd29iUTFSUDI1YVNrREE9PSIsInZhbHVlIjoiYXhwZ0RSSGkvVnVBMzE2OWVrOXBWUT09IiwibWFjIjoiOGE1NzI0Nzc5NTExZTJkYWI4YzYwMDNmMzFiMTMyZTljZTA2MDY1MTBmOTFiNDUzNDZkMzRhZjM4NWQ3MjdkYyIsInRhZyI6IiJ9;Aktif;;[Kegiatan Usaha: -, Kategori: G, KBLI: 46900];;;26/10/2025;UMKM;Dir Pajak;-6,172548;106,8096215;valid;;;FALSE;FALSE;TRUE;;;invalid;;;;;4
38629188;WARUNG BAROKAH <PADMIASIH>;JL. CIMANUK NO 3, RT 16/RW 1;3173080001;31;73;80;1;DKI JAKARTA;JAKARTA PUSAT;GAMBIR;CIDENG;eyJpdiI6IlFhcWo1bFpQby93ajhrVHVObllnaUE9PSIsInZhbHVlIjoidnJLZWNUdytrN1F4NEQ5bkdBMnNMZz09IiwibWFjIjoiNzU4YTY0ZmU4ZmRhMzg5N2Q3NmY0MzBjNDNhNDM0NmY3ZjNjMTZhNDE5NjI5NmQ1YmEzNjU0NzQ2MjUyODI1OSIsInRhZyI6IiJ9;Aktif;;;;;31/12/2025;;;-6,176841308;106,8115934;valid;;;FALSE;FALSE;TRUE;;;invalid;;;;;4
38629215;NASI UDUK 26 <ANISSA RACHIM>;Petojo VIY II dalam No.26A, RT 5/RW 6;3173080001;31;73;80;1;DKI JAKARTA;JAKARTA PUSAT;GAMBIR;CIDENG;eyJpdiI6ImNXTWFkSmEwOUpvN0Z2M3krajRhd3c9PSIsInZhbHVlIjoiaEd6MUJVUFlYaTRaeENYdmdjcmZ5UT09IiwibWFjIjoiNDkwZGEzNjZiMzM0NGVhMTNiMDkwZmY2YTJmODkzM2ExY2Y4NmVhZjJlZjM1Mjg4MzY5YTIwNTllMDg0NTk5MSIsInRhZyI6IiJ9;Aktif;;;;;31/12/2025;;;-6,1691377;106,8057672;valid;;;FALSE;FALSE;TRUE;;;invalid;;;;;4
38629222;WARUNG MINUMAN BIBAH <BIBAH STIOWATI>;Jl. Kmp bakti No. 27 B, RT 2/RW 7;3173080001;31;73;80;1;DKI JAKARTA;JAKARTA PUSAT;GAMBIR;CIDENG;eyJpdiI6IiswVlQ2V003MXVJbVF3eVZsTGpaNnc9PSIsInZhbHVlIjoibkdSQ2xVdjVSS1A2WnhSdk5ranBtZz09IiwibWFjIjoiMjM0MTA3ZTk3MzU4M2E3MzU5M2I3NzUxZGRhNzI1YjgwMDQyOGQ3OGRkZjEzMjhmMDQwNjYzMzEyMmYzMGM3ZSIsInRhZyI6IiJ9;Aktif;;;;;31/12/2025;;;-6,166889465;106,80161;valid;;;FALSE;FALSE;TRUE;;;invalid;;;;;4
38629223;WARUNG NASI BU NUR <NURYATI>;JL. CITARUM ATAS NO13, RT 18/RW 1;3173080001;31;73;80;1;DKI JAKARTA;JAKARTA PUSAT;GAMBIR;CIDENG;eyJpdiI6Iko2ZzFXMWRSbUsydm90QU5NMEwyMGc9PSIsInZhbHVlIjoidW51Q1IzTUlRNVRPZ0svb25UUUhkZz09IiwibWFjIjoiNmJkYjA1MjNkNThmNTQ3ZjBjZTI3MTkxNmFhZDY0YzQ3NmNhNTNkNDBmNmY1YTY2MWFiMjIyMmJmY2ZmZTBlOSIsInRhZyI6IiJ9;Aktif;;;;;31/12/2025;;;-6,178183959;106,8091391;valid;;;FALSE;FALSE;TRUE;;;invalid;;;;;4
38629234;WARUNG IRAH <UNIRAH>;jalaan sangau No. 8, RT 11/RW 8;3173080001;31;73;80;1;DKI JAKARTA;JAKARTA PUSAT;GAMBIR;CIDENG;eyJpdiI6ImJWK21RS2ozSlJiQUw0Z0RIVERPNGc9PSIsInZhbHVlIjoiekZIdnFna2szV1gzc3BCNkV0RFE2dz09IiwibWFjIjoiZGZjMWZkN2MzZjIyYmQ5NGFlY2JiNTQ4NmJiOGQ0MjhkOTgwZTg0Mzk2ZGE5YmRhNzQ4OWI4ZGIzODc1NTVmMiIsInRhZyI6IiJ9;Aktif;;;;;31/12/2025;;;-6,170186667;106,8036833;valid;;;FALSE;FALSE;TRUE;;;invalid;;;;;4
38629242;NASDUK CEL <JIMSEN ACHNER KANDAU>;JL CIBANTEN NO 10, RT 9/RW 1;3173080001;31;73;80;1;DKI JAKARTA;JAKARTA PUSAT;GAMBIR;CIDENG;eyJpdiI6IjQ4Mjg5dFB2eHpKMEtoaWZacngycXc9PSIsInZhbHVlIjoiUit5Y2pySW5GVWxLSTNYcTBjZG12dz09IiwibWFjIjoiOGFjNjhlNThmNTQ1YTJmNjI5M2RkMDUwMWUwZDhkNzM4ZmFhNTI2NDExZGUxY2ZlZWQ0YjNiMTQwNjRjNzE0NiIsInRhZyI6IiJ9;Aktif;;;;;31/12/2025;;;-6,177129432;106,8108437;valid;;;FALSE;FALSE;TRUE;;;invalid;;;;;4
3865339;SINAR MENTARI PRATAMA;JL. CIDENG BARAT NO.87, CIDENG;3173080001;31;73;80;1;DKI JAKARTA;JAKARTA PUSAT;GAMBIR;CIDENG;eyJpdiI6IktiWmlxK2ZMSm9SQ2hBYm5zdTRkY0E9PSIsInZhbHVlIjoiN05XbW40M3pKYytvUUxyZXUrTVl1QT09IiwibWFjIjoiNTRjMmRiYWQwNTEwZDI0OTJiM2FmNmFmMDdlMWZjNzBkYmE2M2ZjNDIzNTgzZjc3ZGVkZmQyMGYxYTAwNjYzNiIsInRhZyI6IiJ9;Aktif;;;;;31/12/2025;UMKM;Dir Pajak;-6,1785495;106,812296;valid;;;FALSE;FALSE;TRUE;;;invalid;;;;;4
38678500;WARUNG IBU SUNARTI <SUNARTI>;Jalan biak, RT 3/RW 6;3173080001;31;73;80;1;DKI JAKARTA;JAKARTA PUSAT;GAMBIR;CIDENG;eyJpdiI6IkFTcnJIVTJGOU9QRVhyMVZGNng2c1E9PSIsInZhbHVlIjoiRlpvYm1qZVpxd2kwaEhSVEZOZ0VwQT09IiwibWFjIjoiNDZiYTA2NjQzMDc4Y2U0NDNmNjRhMjBiZTlhN2RlMWViZGI0NDEzZWM3YTZlOGNlYjUyNTkwZDUwM2MwMTg5OCIsInRhZyI6IiJ9;Aktif;;;;;31/12/2025;;;-6,1666421;106,8082998;valid;;;FALSE;FALSE;TRUE;;;invalid;;;;;4
38678510;Warung Roxy Ayam Bakar <roni>;Jl Tanjung Selor No 3, RT 0/RW 0;3173080001;31;73;80;1;DKI JAKARTA;JAKARTA PUSAT;GAMBIR;CIDENG;eyJpdiI6IkZvanlvNTBrSFZYY1AzMW1xMVVDZHc9PSIsInZhbHVlIjoiNXpVZ0ZZK2cvdnUyMWZBNVhBU2xEZz09IiwibWFjIjoiYWY3NWNiYTM2ZGIwY2ZhNzE4OTRjZmQ0YjVhNTdmYWJjZDBiZjhiYTVhOWVkNDMzYzUyMWRlNTc3MmU5YzI2ZiIsInRhZyI6IiJ9;Aktif;;;;;31/12/2025;;;-6,1676557;106,8025491;valid;;;FALSE;FALSE;TRUE;;;invalid;;;;;4
38678553;MIE AYAM ROZAK <ROZZAK MUCHAROM>;KP BAKTI NO 43, RT 3/RW 7;3173080001;31;73;80;1;DKI JAKARTA;JAKARTA PUSAT;GAMBIR;CIDENG;eyJpdiI6ImJuN3VhSGtHMk40UFpERm5vWi9pZ2c9PSIsInZhbHVlIjoiZUNIS0VrWmdOVkpWa2ZTT0VvaTFSZz09IiwibWFjIjoiOTZkMzgwYTA5NWY0OTFkZjA2ODZmYWY4NGFhNzg3MmE1ZjFiMjRhNzdhMThmOTE0YjUzOTEzYmI4YWM0MmUzNiIsInRhZyI6IiJ9;Aktif;;;;;31/12/2025;;;-6,167624562;106,8018068;valid;;;FALSE;FALSE;TRUE;;;invalid;;;;;4
38678557;WARUNG NASI PADANG SETIA KAWAN <SYAMSUL YONRI>;jl. Petojo VIY, RT 11/RW 6;3173080001;31;73;80;1;DKI JAKARTA;JAKARTA PUSAT;GAMBIR;CIDENG;eyJpdiI6ImdVR0ZtemRBRE9Sd2taeHV6Ky80TFE9PSIsInZhbHVlIjoiK3lsVHEvcHFuUFhpQWF6QXl4Vi9jdz09IiwibWFjIjoiMjA3Mjc2YTYwMmVkOTMzOWQ0YWFhOWQwOTU1MDNmZWYxYWEzZmQ5YjdkYmM3ZjdlMzI2ZTFlYjU2Yjk5MWNmOSIsInRhZyI6IiJ9;Aktif;;;;;31/12/2025;;;-6,1691377;106,8057672;valid;;;FALSE;FALSE;TRUE;;;invalid;;;;;4
38678566;WIWI ANDRALIA KARTOLO;JL.SANGIHE NO.15A, RT 9/RW 4;3173080001;31;73;80;1;DKI JAKARTA;JAKARTA PUSAT;GAMBIR;CIDENG;eyJpdiI6ImpFbXZlRXNKRFFoMHpJUjJyY3NCR0E9PSIsInZhbHVlIjoiN01vVjBkRmMxWTAyc2tJemQxSVpBZz09IiwibWFjIjoiZjkzMTdjNjFmMDU3YjA5NWVjMTEwNTY2MGNiNzdjMjBmMmQ5NjNkMjNkOWQyMzM1YzdiMTNiZmM5YTQ2NjNmYSIsInRhZyI6IiJ9;Aktif;;;;;31/12/2025;;;-6,1705151;106,8107918;valid;;;FALSE;FALSE;TRUE;;;invalid;;;;;4
38678572;HENDRIK CELL <HENDRI SETIAWAN>;Jl sanggau taman kota baru, RT 11/RW 6;3173080001;31;73;80;1;DKI JAKARTA;JAKARTA PUSAT;GAMBIR;CIDENG;eyJpdiI6Ii9ObjZPaDl4cWtsM1Y4MnlVOTNaN3c9PSIsInZhbHVlIjoiWG80V2NCWjZWcTVUZkVkeUsxUDlMQT09IiwibWFjIjoiMjc0MGFjMjAzZDAwMmRmYWU2MTRmZGEwNjIzNTMyZDI3M2NmOTRlNjlmYzg1MzNmZDgyYmQ2NjNlZjg2YjJiNiIsInRhZyI6IiJ9;Aktif;;;;;31/12/2025;;;-6,170184668;106,8049909;valid;;;FALSE;FALSE;TRUE;;;invalid;;;;;4
38678582;WARUNG BU YULI <YULIANI>;Jalan Jatibaru Bengkel, RW 01, Cideng, Gambir, RT 15/RW 1;3173080001;31;73;80;1;DKI JAKARTA;JAKARTA PUSAT;GAMBIR;CIDENG;eyJpdiI6InZTYnZwMng2V2t0VHhZeHdkN2xGN0E9PSIsInZhbHVlIjoibGc5ZkNoUFY2MWRhOG9OVDRMVTdUZz09IiwibWFjIjoiYmIyMjVjMzZmN2JjZDg4NDQ3ZjY5ZGQ3YzhlNzA5MTU5OWUxNTdlM2E0NGY3NTE2NzRiYzJkYWM4OWFjYjlmOCIsInRhZyI6IiJ9;Aktif;;;;;31/12/2025;;;-6,182244627;106,8127636;valid;;;FALSE;FALSE;TRUE;;;invalid;;;;;4
38678611;WARUNG MAKAN <NADIN>;Itc, RT 10/RW 1;3173080001;31;73;80;1;DKI JAKARTA;JAKARTA PUSAT;GAMBIR;CIDENG;eyJpdiI6IldLVlRGZkU4T2ZyR2ZMamcxT1FpdlE9PSIsInZhbHVlIjoiVHk4NGVWTURlNkNTYTdwV085aXJ2Zz09IiwibWFjIjoiYmQyZWVkMTdkMDE2YmRiMDc5Y2Y5ZjAzODRkMWFmODAxNDIwOTdjZTBlZTNmMzIzMjZjNzBiMTFkYzEwM2ZiZiIsInRhZyI6IiJ9;Aktif;;;;;31/12/2025;;;-6,2236338;106,8258483;valid;;;FALSE;FALSE;TRUE;;;invalid;;;;;4
38678619;JULIWARTI;JL PETOJO VIY II DLM NO 12-A, RT 4/RW 6;3173080001;31;73;80;1;DKI JAKARTA;JAKARTA PUSAT;GAMBIR;CIDENG;eyJpdiI6IlVscmhiZHNEZjBTQkxHZHR0NDdPRUE9PSIsInZhbHVlIjoiVnRrRlNmOGxKcHFwLzNNUGNqT2d5dz09IiwibWFjIjoiZGM4YmMzNjk4N2NjMGY2MmZkZWYwODgxMTMxNGI3YzVjNGY0MDEwNzZkOWYxYjk5OGEyM2U5NjI0OTg2MjA4ZiIsInRhZyI6IiJ9;Aktif;;;;;31/12/2025;;;-6,1691377;106,8057672;valid;;;FALSE;FALSE;TRUE;;;invalid;;;;;4
38728743;WARUNG BU TINI <WARTINI>;JL. TANJUNG SELOR NO.8, RT 8/RW 7;3173080001;31;73;80;1;DKI JAKARTA;JAKARTA PUSAT;GAMBIR;CIDENG;eyJpdiI6Ik9HT05rUWxNS0J6aGg0MG81UUpLRmc9PSIsInZhbHVlIjoiQ0s3OHIxdm1aUW5MK0lROUVad2RVUT09IiwibWFjIjoiNmI1NmI2NDQzMzZkY2M0ZTFiNDBjOWUxMzNlNThlODViNDdlNDE2NWRiMGIxNGJmNTRjMWIwNjI2MDczYjc3YiIsInRhZyI6IiJ9;Aktif;;;;;31/12/2025;;;-6,1676557;106,8025491;valid;;;FALSE;FALSE;TRUE;;;invalid;;;;;4
38728752;SOTO TANGKAR MUJI TUWUH <MUJI TUWUH>;Jl. Sukadana JP 47, RT 11/RW 6;3173080001;31;73;80;1;DKI JAKARTA;JAKARTA PUSAT;GAMBIR;CIDENG;eyJpdiI6Ik14N0Q3ci94WjdZMDJsRy9qUGk5Z0E9PSIsInZhbHVlIjoiUjB5Qzk2cFA0NUhocVBMVzNMaWRGdz09IiwibWFjIjoiYzE4MGQ0MjkzMTk3YmQ4ZmU1NGFhMmI5ODg3MDU1ZGZlNzI3YTUzMzBhMDZkOTM1MzY2NTQ3ZDJmZmU4Mzg2OCIsInRhZyI6IiJ9;Aktif;;;;;31/12/2025;;;-6,170184668;106,8049909;valid;;;FALSE;FALSE;TRUE;;;invalid;;;;;4
38728778;GEGER BETTA SHOP <GEGER GEMILANK>;JL. CIMANUK NO. 3- C, RT 16/RW 1;3173080001;31;73;80;1;DKI JAKARTA;JAKARTA PUSAT;GAMBIR;CIDENG;eyJpdiI6IlBqUkR0SUNTdFBOdFlqbUd6cW9tYnc9PSIsInZhbHVlIjoiVXZ6eXpNSDRMNStLQ1FBVjN6VmpRQT09IiwibWFjIjoiYTAyNjE0MzE0NTcxZDQxNGZhNTBlOWQ4MDI5ODc0YWQwNzllMzhkYzFkMWMyOTkzZjA1OWE2YzkzNTY4MWU0ZSIsInRhZyI6IiJ9;Aktif;;;;;31/12/2025;;;-6,176841308;106,8115934;valid;;;FALSE;FALSE;TRUE;;;invalid;;;;;4
38728786;MELLI JOHANA JUNUS;JL.PETOJO SELATAN XI/8A, RT 6/RW 11;3173080001;31;73;80;1;DKI JAKARTA;JAKARTA PUSAT;GAMBIR;CIDENG;eyJpdiI6Imx2b053alYrWHpJeW5xZFR5dElVOXc9PSIsInZhbHVlIjoiYkc1VDJKdFFyZUdRNk1Td3ZzTXRtUT09IiwibWFjIjoiOTFiOTMzNmFhMjhiNjM4YjBiMGY3ZDE5MTgyNTg3ZDNlNDEzMDdjMzVlOTE0ZWQwNzEwYTFhMWI0ODhhMjY2NCIsInRhZyI6IiJ9;Aktif;;;;;31/12/2025;;;-6,1750093;106,816434;valid;;;FALSE;FALSE;TRUE;;;invalid;;;;;4
38728800;SUTARDI;JL. CITARUM ATAS NO. 26, RT 17/RW 1;3173080001;31;73;80;1;DKI JAKARTA;JAKARTA PUSAT;GAMBIR;CIDENG;eyJpdiI6Ilp1SldLaCtRZk9BcUY5a0o5VzlMMHc9PSIsInZhbHVlIjoiNHRYbENmSGlLbkV3a3dOUmJQSklVQT09IiwibWFjIjoiMmE2YjBjZDkzMTdhNzlmYTcyZmY3Yzc2Y2ZkMDRhNTliMmJhZWQxMGNiYTIyN2VkNjUxZDc4MDhlOGFlZmNjMiIsInRhZyI6IiJ9;Aktif;;;;;31/12/2025;;;-6,180966322;106,8102764;valid;;;FALSE;FALSE;TRUE;;;invalid;;;;;4
38728808;WARUNG MINUMAN BU IFAH <SITI MARIPAH>;Jln Citarum atas No 12A, RT 18/RW 1;3173080001;31;73;80;1;DKI JAKARTA;JAKARTA PUSAT;GAMBIR;CIDENG;eyJpdiI6Im5KaTI1ZUFZVUZ3MkpvSSs0RjJKOVE9PSIsInZhbHVlIjoiMmphOU95dGdJRXdKcjB4ejhGWjNUZz09IiwibWFjIjoiMTYyZjQ4NjEyZWQ1ODdmOGRmMWU4ZDUwMzE2Njg3Mjk3NTg3ZTdiODkyNWUzN2FjZGQ1ZjMwZDJhNDc5YTBlZSIsInRhZyI6IiJ9;Aktif;;;;;31/12/2025;;;-6,178183959;106,8091391;valid;;;FALSE;FALSE;TRUE;;;invalid;;;;;4
38728813;WARUNG MINUMAN MBA ITA <ELITA GUSTIANTI>;Jl. Kmp. Bakti, RT 4/RW 7;3173080001;31;73;80;1;DKI JAKARTA;JAKARTA PUSAT;GAMBIR;CIDENG;eyJpdiI6IjRaU2F6dFhraG1OTS9UZE9vb0RVZHc9PSIsInZhbHVlIjoiTGFFMU1vNkFCTUxVQVdGTEtmSWZGUT09IiwibWFjIjoiOWNiYzVjOTQwMzMwZTRmM2E5ZGRkMGQ0MDZjN2RiMjkyOTJhY2ZjZjYwYmM5ZWNjZmJhMGIyMGIzZGUyNjZlMyIsInRhZyI6IiJ9;Aktif;;;;;31/12/2025;;;-6,167071116;106,8022277;valid;;;FALSE;FALSE;TRUE;;;invalid;;;;;4
38728848;WARUNG BU IPAH <SITI MARIPAH>;Jl. Citarum atas No.12, RT 0/RW 0;3173080001;31;73;80;1;DKI JAKARTA;JAKARTA PUSAT;GAMBIR;CIDENG;eyJpdiI6IlB1d01NKy8xZE5Hd2Z0RnZITHJOTkE9PSIsInZhbHVlIjoid1NVL2lKbUtlbUN5RHNSSWs0ZDV2Zz09IiwibWFjIjoiNjAzOGIwODQ4NTM5OTg3OWRkNTMzMTMwYmM5MGM2ZjdkOWQzZmNjZTk0NjE4ZTk4OWEzM2IxOGFlMjVmOWQxMSIsInRhZyI6IiJ9;Aktif;;;;;31/12/2025;;;-6,1783596;106,8098486;valid;;;FALSE;FALSE;TRUE;;;invalid;;;;;4
3877327;KLASER TECHNOLOGY INDONESIA;PUSAT NIAGA ROXY MAS BLOK E2 NO.44, JL. K.H. HASYIM ASHARI;3173080001;31;73;80;1;DKI JAKARTA;JAKARTA PUSAT;GAMBIR;CIDENG;eyJpdiI6InJHeE9HSjJOd00vTldtT2V3VEdDR3c9PSIsInZhbHVlIjoidVd4cnFXMTZNOGJGMEpvNTljZmZpdz09IiwibWFjIjoiNmJmMzY0Y2UyNzYzMGQyYWRlYTk2MmFhN2NkYWEzODk1NDk5MGVmYjVhYWMzYTk3NDliNzM0N2UxNmFjY2NkZSIsInRhZyI6IiJ9;Aktif;;[Kegiatan Usaha: -, Kategori: C, KBLI: 18111];;;26/10/2025;UMKM;Dir Pajak;-6,1691093;106,8039454;valid;;;FALSE;FALSE;TRUE;;;invalid;;;;;4
38778870;JELLY POTTER <DEWI AGUSTINA>;JL.CIDENG BARAT NO.93, RT 6/RW 9;3173080001;31;73;80;1;DKI JAKARTA;JAKARTA PUSAT;GAMBIR;CIDENG;eyJpdiI6IjZCemtqdGJ3a3BJUExCRVY1ZWxyOWc9PSIsInZhbHVlIjoiZW9nbjduTzdUK1VyUjIxUFp6NWo4Zz09IiwibWFjIjoiODM4OTBjMGZiYjZkNDMwNjhmYTlmZTcyN2RiN2Y4MjcxODU1NjliYzlmMGRmOWU0NzE2OWZhNTVkMGQ2MTc2OSIsInRhZyI6IiJ9;Aktif;;;;;31/12/2025;;;-6,1573177;106,810909;valid;;;FALSE;FALSE;TRUE;;;invalid;;;;;4
38778897;NASI UDUK 91 <ANI MASPIAH>;JL. PULO PIUN NO.12, RT 3/RW 4;3173080001;31;73;80;1;DKI JAKARTA;JAKARTA PUSAT;GAMBIR;CIDENG;eyJpdiI6IjhHSjh5Q3JHbDlPTVgvaVcvaG1LK0E9PSIsInZhbHVlIjoiUGRtbTRWR3VlNWFLSHBKRHdvNDNhQT09IiwibWFjIjoiOWY2YTZiYTcyN2U1MDkzZDIyMWNhYmQ0NmMyZDUxMjliNWMxMmU3Y2Y4MzNhMzgxZGU3ZWNmMjllNGVmMGI5YyIsInRhZyI6IiJ9;Aktif;;;;;31/12/2025;;;-6,169651;106,8089794;valid;;;FALSE;FALSE;TRUE;;;invalid;;;;;4
38778906;WARUNG NASI UDUK TEH NENG IKA <IKA ROSDIANA>;JL. CIDENG BARAT DALAM NO.18, RT 12/RW 1;3173080001;31;73;80;1;DKI JAKARTA;JAKARTA PUSAT;GAMBIR;CIDENG;eyJpdiI6IkNURE1mUUNjV3NaaGRKdThKRk1Wamc9PSIsInZhbHVlIjoiL0NSR1JGY204Mjk1S0F0K0hOYWFrdz09IiwibWFjIjoiN2U1YWYzZDZmMzRjOGE2ZmRlMjI0YjhlNGZkOTczZmNjMWU4OTVjMDkxMDAwNzFmZjkwNGM4MTg5NTg2MDNlZSIsInRhZyI6IiJ9;Aktif;;;;;31/12/2025;;;-6,1573177;106,810909;valid;;;FALSE;FALSE;TRUE;;;invalid;;;;;4
38778945;WARUNG BU NING <NING ASTUTI>;JL.CIMANUK NO.5 BLK, RT 16/RW 1;3173080001;31;73;80;1;DKI JAKARTA;JAKARTA PUSAT;GAMBIR;CIDENG;eyJpdiI6IlA0K1BYczNPNXlIMHJOaWYwTkFPQ2c9PSIsInZhbHVlIjoieVZMV2d5blJWcjVzT2ZRSnFrcHF1QT09IiwibWFjIjoiZjZkZTZlMWU5YTZlZThkMjYwN2YyMjU3NTk2ZjFjMjMzZTIzZGFlMjk4NmQ5NjE2MzBiNWI0ZTVhN2RjMDE5NyIsInRhZyI6IiJ9;Aktif;;;;;31/12/2025;;;-6,176841308;106,8115934;valid;;;FALSE;FALSE;TRUE;;;invalid;;;;;4
38778949;WARUNG MAMA GRACE <CARIS TRISNAWATI>;JL. CIBANTEN NO 17 A, RT 9/RW 1;3173080001;31;73;80;1;DKI JAKARTA;JAKARTA PUSAT;GAMBIR;CIDENG;eyJpdiI6IkRrS0xGbUVDOFRXdWdOY0sxYXJtY2c9PSIsInZhbHVlIjoiZXl5elNhRHpUWUhZeFROb0RhWmM2Zz09IiwibWFjIjoiMjRhZThlNzcxNmU0ZWY1YjQ4ODIxNWZkNjUwMDE0MGVlZWJlNzkyOWYwMzkzOTJkZTgyZjcwM2JmOGUxNGMyZiIsInRhZyI6IiJ9;Aktif;;;;;31/12/2025;;;-6,1772543;106,8102193;valid;;;FALSE;FALSE;TRUE;;;invalid;;;;;4
38778967;WARUNG MAMA KOBBY <SRI KUSWATI>;JLKAMPUNG BAKTI NO.5A, RT 4/RW 7;3173080001;31;73;80;1;DKI JAKARTA;JAKARTA PUSAT;GAMBIR;CIDENG;eyJpdiI6IjFWdG9yTElpU0h3VEJUeXZ3V3c1ZWc9PSIsInZhbHVlIjoiSCtzSk9YTC8xYzBETnVPSjhLaXhDdz09IiwibWFjIjoiNGFmOTRiOThiOGM3NWU4OGQxYjg3ODk3MTgyOTQzNDljM2YwM2RlNDBiNzVjZjY1NWJkMzdkMzMwMzQ0ZWNlNSIsInRhZyI6IiJ9;Aktif;;;;;31/12/2025;;;-6,167071116;106,8022277;valid;;;FALSE;FALSE;TRUE;;;invalid;;;;;4
38778974;WARUNG KOPI IBU ANI (JP 47) <MASDUKI>;JALAN SUKADANA, RT 11/RW 6;3173080001;31;73;80;1;DKI JAKARTA;JAKARTA PUSAT;GAMBIR;CIDENG;eyJpdiI6IkRBb0hwam1YaDg1YTFxdFV6OWhTQXc9PSIsInZhbHVlIjoiejZ0L1g3VTZlZXVnSFpYUS9Ldjd5Zz09IiwibWFjIjoiNzNkN2NhNTg1MzA3OTMyNmRkMDY5NTU2NTVhMzZmZWUwMjI3MzA1ZDY3YzU1ZThlZjM5NTlmYTQ4NDQ1MWM5ZiIsInRhZyI6IiJ9;Aktif;;;;;31/12/2025;;;-6,170184668;106,8049909;valid;;;FALSE;FALSE;TRUE;;;invalid;;;;;4
38829395;WARUNG BU YULI <JULIWARTI>;Jln.Petojo VIY II Dlm no 12, RT 5/RW 6;3173080001;31;73;80;1;DKI JAKARTA;JAKARTA PUSAT;GAMBIR;CIDENG;eyJpdiI6IjhoandOWC9Jc3ViNkpQejQ0SFdiRXc9PSIsInZhbHVlIjoia2tSM1Y0c0YrcjJ4Nmd0WW8zcWNoUT09IiwibWFjIjoiOTVkNGYzNGQzZmJlMDg2OWY1MzkxOTIxMTBjMDUwMjg5MTQzNjAxNmI1Y2Y4MTJmYWJmOTI5NTY2Y2Y2YmFkYyIsInRhZyI6IiJ9;Aktif;;;;;31/12/2025;;;-6,1691377;106,8057672;valid;;;FALSE;FALSE;TRUE;;;invalid;;;;;4
38829399;WARUNG SEMBAKO KENZO <SRI LESTARI>;Jln Citarum No 53, RT 18/RW 1;3173080001;31;73;80;1;DKI JAKARTA;JAKARTA PUSAT;GAMBIR;CIDENG;eyJpdiI6Imx0QmhnMHZrbHV0S2tPZWhVbHlRbEE9PSIsInZhbHVlIjoidkltbHRDRWlld29saGx5M3hXUFBxUT09IiwibWFjIjoiYmU2MzAyOTEyZjU5MDUzNjE1NGRhZDAwMGM3NTkzNzU2Y2I0NzRkYTkyMGM1ZTY5Mjc1Mjk4ZDkwMGNlMGEyOCIsInRhZyI6IiJ9;Aktif;;;;;31/12/2025;;;-6,178183959;106,8091391;valid;;;FALSE;FALSE;TRUE;;;invalid;;;;;4
38829400;WARUNG BU IMAH <SARIMAH>;Jalan Citarum, RW 01, Cideng, Gambir, Jakarta, RT 17/RW 1;3173080001;31;73;80;1;DKI JAKARTA;JAKARTA PUSAT;GAMBIR;CIDENG;eyJpdiI6Imx1Nm5rdDBybVdaVzg5N21nUTl3YkE9PSIsInZhbHVlIjoiRjRHQ3dvamFrYzVVZXp2NkhFaDR4QT09IiwibWFjIjoiYjk1YWI0ZDJkMTdiYzU1NTZkZWNhNzJhMDEwZjExYzk0YzVjYTE3M2M0ZGY1NzM3MDVlZGVhOGRkZDZlZTRiNiIsInRhZyI6IiJ9;Aktif;;;;;31/12/2025;;;-6,1767376;106,8085096;valid;;;FALSE;FALSE;TRUE;;;invalid;;;;;4
38829405;KUE PUTU MEDAN <MUHAMMAD LATIF>;Jl. Biak Raya, RT 5/RW 4;3173080001;31;73;80;1;DKI JAKARTA;JAKARTA PUSAT;GAMBIR;CIDENG;eyJpdiI6InBVOW1NQ0thRE5NRCt0dVVYbm05MUE9PSIsInZhbHVlIjoiWjRvMVo5dXFqKzZhMjJLeEVadnFpUT09IiwibWFjIjoiN2EyZjlhNzY2YmMyOWJkZjQyODM5NjUwOThjOWE0OWI2ZTYwZjk5ZDcwMDUzNmZkM2M4YWNmNDM0NDkyYjYwMiIsInRhZyI6IiJ9;Aktif;;;;;31/12/2025;;;-6,169721917;106,8092493;valid;;;FALSE;FALSE;TRUE;;;invalid;;;;;4
38829413;NASI PADANG SETIA KAWAN <SYAMSUL YONRI>;Jl. Sukadana JP 47, RT 1/RW 6;3173080001;31;73;80;1;DKI JAKARTA;JAKARTA PUSAT;GAMBIR;CIDENG;eyJpdiI6InlKcDRFZlg4dlBJeFFpZnM0WE9kT3c9PSIsInZhbHVlIjoiZ09lSjRlQW9sejF0ZCt2RE9RMFpkdz09IiwibWFjIjoiM2Y4MjlhOTkxNjBjM2I3ZDViZmRhNjY5MTczNDAxYWNkZDQ3ZTQ4ODlhZjIyMzYzMDk2YWU5M2NkNmZkNzRkYSIsInRhZyI6IiJ9;Aktif;;;;;31/12/2025;;;-6,170743506;106,8081873;valid;;;FALSE;FALSE;TRUE;;;invalid;;;;;4
38829435;WARUNG NASI KUNINGAN <E T I>;Jalan Biak ( JP 16 ), RT 8/RW 6;3173080001;31;73;80;1;DKI JAKARTA;JAKARTA PUSAT;GAMBIR;CIDENG;eyJpdiI6IlhJMmN2UDh3a05LWTViQmphUXNKbHc9PSIsInZhbHVlIjoiS0hSZlFMQVM0VkdZNnBIRTF6ZHU3Zz09IiwibWFjIjoiMTQ2YjhiN2QyZGFhNzc4YzI4NjEwOTJjMjI5NjcyOGZmM2MyMjlhNDViMDkyNGY1ZTU3NGU4ZTI3NmU5NDczMSIsInRhZyI6IiJ9;Aktif;;;;;31/12/2025;;;-6,170008305;106,8061391;valid;;;FALSE;FALSE;TRUE;;;invalid;;;;;4
38829452;WARUNG BAROKAH <PADMIASIH>;JL.CIMANUK, RT 16/RW 1;3173080001;31;73;80;1;DKI JAKARTA;JAKARTA PUSAT;GAMBIR;CIDENG;eyJpdiI6IllYWlRYUUtCQTlHeVFqdHp1eW80eUE9PSIsInZhbHVlIjoieUt1cG43SVFBdFBRR0s4RktMTzhnZz09IiwibWFjIjoiMGM0NzkxZGRhYWRkZWNkNmI3NDVlZjMwMzA0YTQ5NWU1NmE5NDY3NTRkNGU3N2U0NTcwOGY1ZDdjZjg4OTk0ZSIsInRhZyI6IiJ9;Aktif;;;;;31/12/2025;;;-6,176841308;106,8115934;valid;;;FALSE;FALSE;TRUE;;;invalid;;;;;4
38829453;Warung Marina <Marina>;Jl Roxy Mas Pertokoan , RT 0/RW 0;3173080001;31;73;80;1;DKI JAKARTA;JAKARTA PUSAT;GAMBIR;CIDENG;eyJpdiI6ImZDOEF3R0xhQWxLeEpNMVBFa0laeGc9PSIsInZhbHVlIjoidS9BeWRtL0swb0FQbTVna01nZEh2UT09IiwibWFjIjoiYjJjZWViMTZiMzUyOWViNWQ3MDhiMjBiY2U3MGY0YzIzMWQ2ZThmZTY1ZWYwNjU1NGZmZGY4Nzg2NDUwOGE0ZiIsInRhZyI6IiJ9;Aktif;;;;;31/12/2025;;;-6,166694;106,8030367;valid;;;FALSE;FALSE;TRUE;;;invalid;;;;;4
38829455;AYAM BAKAR SUHIMAN <SUHIMAN>;JL PETOJO VIJ V, RT 0/RW 6;3173080001;31;73;80;1;DKI JAKARTA;JAKARTA PUSAT;GAMBIR;CIDENG;eyJpdiI6ImVYdHdxYXF2dGo4OS9JN3g0OGpmWmc9PSIsInZhbHVlIjoiTHI4Qk01UEE1ZlUzN0RuNGZrQk43QT09IiwibWFjIjoiNzk5ODA4YmMzZTMwNGZjNWY3YjVmYjE0MDA1YjVjYzU1MzkzNDM4ODJhMTY1ZTllZmUyN2FmMmNmODVkNzI2YSIsInRhZyI6IiJ9;Aktif;;;;;31/12/2025;;;-6,1721776;106,8069007;valid;;;FALSE;FALSE;TRUE;;;invalid;;;;;4
38829461;WARUNG BU IPAH <SITI MARIPAH>;Jl. Citarum Atas No. 12A, RT 18/RW 1;3173080001;31;73;80;1;DKI JAKARTA;JAKARTA PUSAT;GAMBIR;CIDENG;eyJpdiI6InJyWVJ1MmtiektkaGJKUkhRbmgxbFE9PSIsInZhbHVlIjoiZFl6V2dJREViR1hPTk9CaUZMSHlWZz09IiwibWFjIjoiNDJkZjVmNzgyMDFlZTRmZGU4OTllMzZhMjA0YWZiNmE3ZTdkMjYzODQxMGM0Yzk3OTUwNGZlYmJlZTI4ZmVmNyIsInRhZyI6IiJ9;Aktif;;;;;31/12/2025;;;-6,178183959;106,8091391;valid;;;FALSE;FALSE;TRUE;;;invalid;;;;;4
38829522;WARUNG LENNY <LENNY MASRIYANI>;JL TANJUNG SELOR, RT 7/RW 7;3173080001;31;73;80;1;DKI JAKARTA;JAKARTA PUSAT;GAMBIR;CIDENG;eyJpdiI6Ii8rbmg5d1pJaVg4aEgydWMvQ3JRTVE9PSIsInZhbHVlIjoiTjJUOU8zZmZEdDJuNGlUenpGbE9JQT09IiwibWFjIjoiNDNhOTA1ODE0OWIwODA3NmQyMThiZmQ2NmM0MTdkY2E2ZWMzNzI3MGQ5NjdmNDU2MDQzMDYzMDYyZGY1YmNlNCIsInRhZyI6IiJ9;Aktif;;;;;31/12/2025;;;-6,1676557;106,8025491;valid;;;FALSE;FALSE;TRUE;;;invalid;;;;;4
38879159;WARUNG KELONTONG IBU YANI <SURYANI>;Jl. Tanjung Selor No. 30, RT 9/RW 7;3173080001;31;73;80;1;DKI JAKARTA;JAKARTA PUSAT;GAMBIR;CIDENG;eyJpdiI6ImRmQWZwTE1HdFFCeUJjclVrcVNnM1E9PSIsInZhbHVlIjoiekxINmlqbkpURFpGVkg0SllrL0s4UT09IiwibWFjIjoiMGY3ZjlkNDkyMDgzYjNlODhkNzAwMGYyM2Q4ZDE1MDBmM2RlNWNiOGQ2YTE0MGMxMGVkY2ZkMTBiNGRmNjhhNiIsInRhZyI6IiJ9;Aktif;;;;;31/12/2025;;;-6,1676557;106,8025491;valid;;;FALSE;FALSE;TRUE;;;invalid;;;;;4
38879173;BATAGOR OTONG <IMAM MUNANDAR>;Jl. Sukadana JP 47, RT 11/RW 6;3173080001;31;73;80;1;DKI JAKARTA;JAKARTA PUSAT;GAMBIR;CIDENG;eyJpdiI6IlpjbEMvaUVXb1habUZ0Rm1UVkdTNHc9PSIsInZhbHVlIjoidklVZFNDWGZwWHpaZFhwMGhDT2dadz09IiwibWFjIjoiODcxYjA0ZmI4OTgwMjIzZGJhZDM1MmJjNDMxNTczYjMxMTlkMDUyYjk1Mzc2ZmZlMDkyNWJmYzg3ODVlNzk5ZSIsInRhZyI6IiJ9;Aktif;;;;;31/12/2025;;;-6,170184668;106,8049909;valid;;;FALSE;FALSE;TRUE;;;invalid;;;;;4
38879190;WARUNG NASI IBU SUMI <SUMIYATI>;Jl. Tanjung Selor No. 37, RT 10/RW 7;3173080001;31;73;80;1;DKI JAKARTA;JAKARTA PUSAT;GAMBIR;CIDENG;eyJpdiI6InFsMFMzMHlFNnZZTkIzdjFhbVZaakE9PSIsInZhbHVlIjoieDdqNzdPaFF4ejBFZmZIRDFkQXNaZz09IiwibWFjIjoiZDdjNTc0ZWJhZTY5MzY0M2U2OTViZDk2ZjA5YTc1ZDI2Y2IwZTM2MTljNDBhM2JjYWMwNDJlYWMwNDFjNTQ4YyIsInRhZyI6IiJ9;Aktif;;;;;31/12/2025;;;-6,1676557;106,8025491;valid;;;FALSE;FALSE;TRUE;;;invalid;;;;;4
38879191;WARUNG KELONTONG IBU ELI <SRI SUKARNI>;Jl. Kmp. Bakti No. 21, RT 4/RW 7;3173080001;31;73;80;1;DKI JAKARTA;JAKARTA PUSAT;GAMBIR;CIDENG;eyJpdiI6InFpOGxYb3RObFRsZ0lOaTdsK1VKSEE9PSIsInZhbHVlIjoiR1NwYkNWMjB6aEtGU2UrRGo1dUsxUT09IiwibWFjIjoiOTcyNmE3MGFlMGYwYzc0OWY5YTc1NTcwYzUwNTVlMDcwNjlkM2NlYjkxNzI2N2Q3MWNlOTI4N2JlZjk2Mjg2MyIsInRhZyI6IiJ9;Aktif;;;;;31/12/2025;;;-6,167071116;106,8022277;valid;;;FALSE;FALSE;TRUE;;;invalid;;;;;4
38879197;Warung Mba Ipeh <nuripah>;Jl Tanjung Selor No 15, RT 0/RW 0;3173080001;31;73;80;1;DKI JAKARTA;JAKARTA PUSAT;GAMBIR;CIDENG;eyJpdiI6IjZRUHNRaXByaVRCT3RSMVB3blhJRUE9PSIsInZhbHVlIjoiVFBRZmkybFV0R2krMktCVkVZOEhZZz09IiwibWFjIjoiMjY3MjJmMjZlZWU5NTVjYmVmZjk3MzBiNWM1YTZmMmIzNDFlOWQzYTIxYmI4YjEzYWZjY2QyZTA2OGNkZTcxZSIsInRhZyI6IiJ9;Aktif;;;;;31/12/2025;;;-6,1703518;106,8044027;valid;;;FALSE;FALSE;TRUE;;;invalid;;;;;4
38879219;KEDAI ND <MULYANAH>;Jalan Tanah Abang II, RW 03, Cideng, Gambir, Jakarta Pusat,, RT 18/RW 1;3173080001;31;73;80;1;DKI JAKARTA;JAKARTA PUSAT;GAMBIR;CIDENG;eyJpdiI6InNWeDhvVGJGMHMrVEVranlTNlE5eXc9PSIsInZhbHVlIjoia3k1bDdMNGw4ZzdkY1VPZzRnNzVIUT09IiwibWFjIjoiYjNiZWU1OTljZWFkZDY0NjhlOTVhMTYxN2ZhMWNmYjczZTZmMWQ5Zjk1NmU3YWRiNTY1ZDMxMGVjMjdhNGRlNyIsInRhZyI6IiJ9;Aktif;;;;;31/12/2025;;;-6,176126;106,8099356;valid;;;FALSE;FALSE;TRUE;;;invalid;;;;;4
38879231;BAKERY 2K <DWI AYU SELIANTI IDRIS>;JL. CIMANUK NO. 7-A, RT 16/RW 1;3173080001;31;73;80;1;DKI JAKARTA;JAKARTA PUSAT;GAMBIR;CIDENG;eyJpdiI6IkJPV0pxR0hoMDh1ZkRlRWgwT2RsbUE9PSIsInZhbHVlIjoiUUNZVkt1dUZLU2NlcE9NdlpEbWVzZz09IiwibWFjIjoiYjg4ZTE4NzM5YTg3NjQ2YjdhYTE1YTY2NGY3MTY3MDllZjE4OThhMGMwN2EyYmJjZmQ0NDk2OTE1NDc3ZjQ2MyIsInRhZyI6IiJ9;Aktif;;;;;31/12/2025;;;-6,176841308;106,8115934;valid;;;FALSE;FALSE;TRUE;;;invalid;;;;;4
38879238;HEN LESMANA <HENDRA BUDI LESMANA>;Jalan Cilengsir, RW 01, Cideng, Gambir, RT 11/RW 1;3173080001;31;73;80;1;DKI JAKARTA;JAKARTA PUSAT;GAMBIR;CIDENG;eyJpdiI6InUvZUVFZmhUeFhzcnJ1V0t6QWtPNlE9PSIsInZhbHVlIjoiWEhQWlBoNWJMVi9vT2pndHJOK2d1dz09IiwibWFjIjoiNWUxOGQ1YjQ4ZDk2M2RkNzY3ZjExZWU1NTA0OTBiNTk0ZTM5Yjg4NTcwMGNjOWI4NTZhZTBmYjNjZTFjNzY3ZCIsInRhZyI6IiJ9;Aktif;;;;;31/12/2025;;;-6,1780121;106,8114281;valid;;;FALSE;FALSE;TRUE;;;invalid;;;;;4
38879240;WARUNG BU WATI <TJAHJAWATI>;jl. tg selor barat, RT 7/RW 7;3173080001;31;73;80;1;DKI JAKARTA;JAKARTA PUSAT;GAMBIR;CIDENG;eyJpdiI6ImRxVWd3NVc1Q3ZVQjZoS2hLVWlxTFE9PSIsInZhbHVlIjoiYk9FZWpBbUNyMkpIOWh1dDYzL0ZOZz09IiwibWFjIjoiMjY0MGE4ZjlkOTFkYzc4ZmMyYmI5MWNkZTg1MmJlNTU0OTQwMWVmMWEyZmQ2NzQ0ZGEwYTUyNjg4NzdlOTRiOSIsInRhZyI6IiJ9;Aktif;;;;;31/12/2025;;;-6,170232111;106,8036991;valid;;;FALSE;FALSE;TRUE;;;invalid;;;;;4
38879244;ES KELAPA MANG WAHYU <WAHYUDIN>;Jl sukadana JP 47, RT 11/RW 6;3173080001;31;73;80;1;DKI JAKARTA;JAKARTA PUSAT;GAMBIR;CIDENG;eyJpdiI6IjNsZzc2NVI1ZTVnVWxaenQ5V3k4cGc9PSIsInZhbHVlIjoibVh4dUErcGllSWU4YWpFdks4bTk0Zz09IiwibWFjIjoiMDc5NDQ5OTJjZGI0MGQwZGU5ZTFlNmE0ZGQyNDQxNTY1YzYzYjNmNzYzZWY4YzE3ZDZiNjk1YzYxNGVmYTA2NSIsInRhZyI6IiJ9;Aktif;;;;;31/12/2025;;;-6,170184668;106,8049909;valid;;;FALSE;FALSE;TRUE;;;invalid;;;;;4
38879251;TELUR MR. GILOS <SOFIAN FAUZI>;JALAN CIPUNEGARA, RT 6/RW 1;3173080001;31;73;80;1;DKI JAKARTA;JAKARTA PUSAT;GAMBIR;CIDENG;eyJpdiI6IjVNOU1hZ0J6ek5HRGFxWjREbUxtb3c9PSIsInZhbHVlIjoiUXRwdWI3VFU1NWo1ZEN4MWxjMUlJUT09IiwibWFjIjoiZDRhN2RjMmIxOWYyNTFiNjM3NjU4N2ZkNjljYTcwNTg4NGE3Yzk3NzFjMWE5MzgwY2NkODgwNGIxMGY0YjExYSIsInRhZyI6IiJ9;Aktif;;;;;31/12/2025;;;-6,177928389;106,8101475;valid;;;FALSE;FALSE;TRUE;;;invalid;;;;;4
38879255;WARUNG BU IPAH <SITI MARIPAH>;JL.CITARUM ATAS NO .12 A, RT 18/RW 11;3173080001;31;73;80;1;DKI JAKARTA;JAKARTA PUSAT;GAMBIR;CIDENG;eyJpdiI6IlhxZVB6aTFDcHhqVUd2OXQweGpVMkE9PSIsInZhbHVlIjoiK2hJSFZxL3pVcy84cVlvZUZIYktlQT09IiwibWFjIjoiZGRhMWVmMTU1NjcyODRlMzlhMGY1NTY0ZjZiZjBjYWYxYWM2OTE2NjZlOGNhZTc2ZjRiMzNjNzVlYjgwMTc1YiIsInRhZyI6IiJ9;Aktif;;;;;31/12/2025;;;;;invalid;;;FALSE;FALSE;TRUE;;;invalid;;;;;4
38902951;CNC ONE STOP RELOAD <EDY>;ITC ROXY MAS Jln KH Hasyim Ashari No 125, RT 3/RW 5;3173080001;31;73;80;1;DKI JAKARTA;JAKARTA PUSAT;GAMBIR;CIDENG;eyJpdiI6InVvWStmNVpPZnpwWi9ER0ZUNmNnTnc9PSIsInZhbHVlIjoiVFBmd2M5NTRlUEh6ajBHbWNLZGVqdz09IiwibWFjIjoiYzM1NmQ2NTExZmQzOGVkNjk3YWRjNTA2ZDE3ODU5ZDk1NzA5N2E1M2VjYWJiMTE0Y2EzNTlkY2ZkMDM0NWE4ZiIsInRhZyI6IiJ9;Aktif;;;;;31/12/2025;;;-6,1673893;106,8025001;valid;;;FALSE;FALSE;TRUE;;;invalid;;;;;4
38908134;NASI GORENG SURABAYA <SUTRISNO>;jl. Petojo VIY, RT 11/RW 6;3173080001;31;73;80;1;DKI JAKARTA;JAKARTA PUSAT;GAMBIR;CIDENG;eyJpdiI6IkliMndZVUtFUXpHOERvaE9oQkRWd0E9PSIsInZhbHVlIjoiZlZKUmJTNGtacUFmNFpoVjJCeEdvUT09IiwibWFjIjoiZWIxZmI5MjBkZmExM2IzOTNlODgxZWRkOGJhNDI2NjA3ZDA5ODhkNGMyNzg2ZTE4ODYxYzBhZGU0ZGI1MDEwMyIsInRhZyI6IiJ9;Aktif;;;;;31/12/2025;;;-6,1691377;106,8057672;valid;;;FALSE;FALSE;TRUE;;;invalid;;;;;4
38911905;BAKERY 2K <DWI AYU SELIANTI IDRIS>;JL. CIMANUK NO. 7-A, RT 16/RW 1;3173080001;31;73;80;1;DKI JAKARTA;JAKARTA PUSAT;GAMBIR;CIDENG;eyJpdiI6IkJlbHJFZ1hpcEpadUREdndsdDEzTVE9PSIsInZhbHVlIjoiTVFlbWRvKzNpMEtURWt1RmRGNHZZdz09IiwibWFjIjoiZDM3NThmYzI1MmU2NGJkNmJiOGE5NWY3MjBmZWMzMmJmZTZhNzQwMWU3YmI1NzZlYjZmOWZiYmU1MmFjMGFjOCIsInRhZyI6IiJ9;Aktif;;;;;31/12/2025;;;-6,176841308;106,8115934;valid;;;FALSE;FALSE;TRUE;;;invalid;;;;;4
3892093;SETIA JAYATAMA LOGISTIK;RT 014 RW 001;3173080001;31;73;80;1;DKI JAKARTA;JAKARTA PUSAT;GAMBIR;CIDENG;eyJpdiI6Ik42OXJSWkI5RCtINjU4djJVdkNybUE9PSIsInZhbHVlIjoiRmFJYWU2OUhFZTRxYWtwcnIwVDYzUT09IiwibWFjIjoiMjFiODQ0OGMxZjRmMjBiNGRjZWJhMjZlOTQyOWRiOTY5NGZhODFmN2U0YzZlOGE3NDFjYzFmNTllNmFhYjU3YSIsInRhZyI6IiJ9;Aktif;;[Kegiatan Usaha: -, Kategori: H, KBLI: 52295];;;26/10/2025;UMKM;Dir Pajak;-6,1816023;106,8131095;valid;;;FALSE;FALSE;TRUE;;;invalid;;;;;4
38944336;WARUNG BU MINAH <RUSMINAH>;Jalan Jatibaru Bengkel, RW 01, Cideng, Gambir, RT 14/RW 1;3173080001;31;73;80;1;DKI JAKARTA;JAKARTA PUSAT;GAMBIR;CIDENG;eyJpdiI6IkpqczRvbkpZUTM5Wjc3MHJVMzFudGc9PSIsInZhbHVlIjoiVjk5Sk85YXo1R2xwTFM5OW5nUHZDZz09IiwibWFjIjoiYzZhMzMyNzY1NGZiNjZjYzQ2MDI1OGU1YWExNDc4ZWUxNWVmNjUyNDAwZTc5NGNkYmEyMWFjOGY3MmQ3ZjA5ZSIsInRhZyI6IiJ9;Aktif;;;;;31/12/2025;;;-6,1831785;106,8118541;valid;;;FALSE;FALSE;TRUE;;;invalid;;;;;4
38944341;Warung Bebek Khas Madura Roxy <zahra>;Jl Kota Baru No. 28, RT 0/RW 0;3173080001;31;73;80;1;DKI JAKARTA;JAKARTA PUSAT;GAMBIR;CIDENG;eyJpdiI6IndxOVpuTkZsMUU1K1JFZ0RzNmtTWUE9PSIsInZhbHVlIjoiZHpxclpNcXFadFRkWTlabVhlV1hYdz09IiwibWFjIjoiZWFjMmMzMmU2NDRiYjIyYWM1MDgxN2Y0NDhhMGM1NzFlYWY3NTQ4Nzg5YmU4MjZhZWQ5ZWY1ZjNjOTdhYzQxYyIsInRhZyI6IiJ9;Aktif;;;;;31/12/2025;;;-6,1695952;106,805601;valid;;;FALSE;FALSE;TRUE;;;invalid;;;;;4
38944350;WARUNG IBU SITI <SITI NUROHMAH>;Jalan Jatibaru Bengkel, RW 01, Cideng, Gambir, RT 15/RW 1;3173080001;31;73;80;1;DKI JAKARTA;JAKARTA PUSAT;GAMBIR;CIDENG;eyJpdiI6Ik0zQWlkUE9aaGUwdmgxWGJZRjVRbkE9PSIsInZhbHVlIjoiQWtpeHBxR3FvRU9ZVkNMT3pYaGUzdz09IiwibWFjIjoiMWMzMDFmYjZlNzUyN2MxMmZiZTYwYTMyZWRjOTg1MGZlZTFkMDFmZmZjOGRlNmQ4Mzk1OWY2NjlmY2EwZTViYyIsInRhZyI6IiJ9;Aktif;;;;;31/12/2025;;;-6,182244627;106,8127636;valid;;;FALSE;FALSE;TRUE;;;invalid;;;;;4
38944356;WARUNG IBU ANA <BERLIANA HUTABARAT>;Jalan Cimanuk, RW 01, Cideng, Gambir, Central Jakarta, RT 6/RW 1;3173080001;31;73;80;1;DKI JAKARTA;JAKARTA PUSAT;GAMBIR;CIDENG;eyJpdiI6Ik1QUkRLeVA1RzNlL3RwanZtRlpEZ3c9PSIsInZhbHVlIjoiSm1KZFVmSHZSc1dza0RGV1ZqQmNuUT09IiwibWFjIjoiYzQzODljNGU2ODg5MWVjZmQxZmMwZGQzYWZkNjAyOGY2N2U1NzQ3MTljOTFiYmNjNTdkYzNlMGIxZTZiZDM1ZiIsInRhZyI6IiJ9;Aktif;;;;;31/12/2025;;;-6,1779755;106,8118795;valid;;;FALSE;FALSE;TRUE;;;invalid;;;;;4
38944364;PRABU MEDIA PLUS <NELLY TRIANA>;JL. CIDENG BARAT DALAM NO.10, RT 12/RW 1;3173080001;31;73;80;1;DKI JAKARTA;JAKARTA PUSAT;GAMBIR;CIDENG;eyJpdiI6IkdIMUhrM05EZEdTME1NMktqZlo5bnc9PSIsInZhbHVlIjoiYUtMdmFRVmkxaEVSL0xMU3lQRGNlZz09IiwibWFjIjoiODYyYzFkOGU1MWY4ZWFlOTI0NTU1NDBkMTc0Y2Q2YzE0YmE5NTYxYzQ5MDM5OTAwMTRjMmUzNTI3NGJjNmI1NiIsInRhZyI6IiJ9;Aktif;;;;;31/12/2025;;;-6,1573177;106,810909;valid;;;FALSE;FALSE;TRUE;;;invalid;;;;;4
38944367;MIE AYAM BANGKA <ROHIMAH>;Jln Taman Sukadana JP 47, RT 11/RW 6;3173080001;31;73;80;1;DKI JAKARTA;JAKARTA PUSAT;GAMBIR;CIDENG;eyJpdiI6Im1kYi9BSS9RZWlWcjZQbm5vRHNSK2c9PSIsInZhbHVlIjoiZDFlSTVzbmt1M1pjTjNLbkg1S2xyQT09IiwibWFjIjoiNmZkNGJhYTYyNjZlMTU4MDE5MzM5MzcxNjQ0YWExNTY3NmQ1ZGJiNDFjM2IyZDc0ZmQ4MjcwYjBkZTA1NmYxMyIsInRhZyI6IiJ9;Aktif;;;;;31/12/2025;;;-6,170184668;106,8049909;valid;;;FALSE;FALSE;TRUE;;;invalid;;;;;4
38944382;WARUNG MPO EEN <TRIA ARINDA>;Jln Cimanuk No 9, RT 16/RW 1;3173080001;31;73;80;1;DKI JAKARTA;JAKARTA PUSAT;GAMBIR;CIDENG;eyJpdiI6IitONm9nS2dGeGRLNjhIRGRpL3hhZGc9PSIsInZhbHVlIjoiOUkyUTR2NnZSZTRxOFlxRWZKUncwdz09IiwibWFjIjoiN2U4NjU1NjE2MjExMTAwNDYyYzE3MzkxNGZlYTY3MzVlNmZiZmUxM2VhODBlODlmMWE1ZThhYzc3YmU2Y2JiMCIsInRhZyI6IiJ9;Aktif;;;;;31/12/2025;;;-6,176841308;106,8115934;valid;;;FALSE;FALSE;TRUE;;;invalid;;;;;4
38944403;WARUNG SUTARTI <SUTARTI>;Jalan Tanjung Selor, RW 06, Cideng, Gambir, Jakarta Pusat,, RT 17/RW 6;3173080001;31;73;80;1;DKI JAKARTA;JAKARTA PUSAT;GAMBIR;CIDENG;eyJpdiI6Ijh4NlN6SHRSVHB1bnRGQUloeUlLc3c9PSIsInZhbHVlIjoidjU3cmlJSXB4YjhCYWVydUk5d2s3QT09IiwibWFjIjoiYjFkYTk0YWI4ZDhmYzlhNTZjYjZiMTkxYzIwZTU4OGI1ZTYxYmM3NWY5NDRiMjliZDhkMDU5MjZlMGQ0NGE0MyIsInRhZyI6IiJ9;Aktif;;;;;31/12/2025;;;-6,1676557;106,8025491;valid;;;FALSE;FALSE;TRUE;;;invalid;;;;;4
38944407;NASI UDUK BU TITIN <KRISTINA>;JL. PULO PIUN NO. 10, RT 3/RW 4;3173080001;31;73;80;1;DKI JAKARTA;JAKARTA PUSAT;GAMBIR;CIDENG;eyJpdiI6IjVRRExtNVZFcFZGOXdqTVE1QlVYamc9PSIsInZhbHVlIjoiLzI5RENxbjE2UGkwM3hVcXJLdnU5UT09IiwibWFjIjoiMmYzOTY3NjdmNGQ4ODNjNTk0ZTJlZmExYTQxYWU4ZWMyYzY0NWVhNmY4ZDllYTJlOTc2OTFjYjQzNWM3OGM0YyIsInRhZyI6IiJ9;Aktif;;;;;31/12/2025;;;-6,169651;106,8089794;valid;;;FALSE;FALSE;TRUE;;;invalid;;;;;4
38944412;NASI UDUK ATKA <MULYATI>;JL.KP BAKTI II NO.40, RT 1/RW 7;3173080001;31;73;80;1;DKI JAKARTA;JAKARTA PUSAT;GAMBIR;CIDENG;eyJpdiI6IlA2UCtzRlBQVjZHbm5RQmRGUEE2anc9PSIsInZhbHVlIjoia1l6L0VrMXYyVE1WMmN5RlBEMmQ4UT09IiwibWFjIjoiZGI0NjVlYTBmNWVmOGQ0ZDJiYWE4M2M5MmFiMjg1YWFhYWMxZWNjNTFmYWZlMDQwNGY4YzM5NDBlOWNjOTQ4NSIsInRhZyI6IiJ9;Aktif;;;;;31/12/2025;;;-6,166423048;106,8011818;valid;;;FALSE;FALSE;TRUE;;;invalid;;;;;4
38993816;WARKOP HANA <SUHANA>;JL. BELAWAN NO.56 - A, RT 11/RW 3;3173080001;31;73;80;1;DKI JAKARTA;JAKARTA PUSAT;GAMBIR;CIDENG;eyJpdiI6IlFtWUJTaEQ1OG1TQ3VKSmZ6TlNUNEE9PSIsInZhbHVlIjoiYUt2ZnVnRlRLVm0weU1uZEhtUVdyZz09IiwibWFjIjoiNWJkYjIzMDUwNGYzMmVmODdjZjE4ZWNlNGRmODMxNTRkOTM2ZWZkMmYzYzA3ZGMzMzQ2ZWFhYWM4ZjQ5NTk2MCIsInRhZyI6IiJ9;Aktif;;;;;31/12/2025;;;-6,1754487;106,8076079;valid;;;FALSE;FALSE;TRUE;;;invalid;;;;;4
38993840;GORENGAN ASIK <DUDUNG JAMALUDIN>;Taman sukadana JP 47, RT 11/RW 6;3173080001;31;73;80;1;DKI JAKARTA;JAKARTA PUSAT;GAMBIR;CIDENG;eyJpdiI6ImVQdW0xZVZEZmdHZlh0SVRZcWwzQVE9PSIsInZhbHVlIjoiVndJSVVMc0NhbnBFeGo4STBTR0E0QT09IiwibWFjIjoiMjUzN2M5NTBhMTUxNTI0NTQ2YjFjOGY3MjBhMjIyNDlmZjI5YjdhYzhkYTUyODRjY2E3YTBmYTA4MTllMTVhNyIsInRhZyI6IiJ9;Aktif;;;;;31/12/2025;;;-6,170184668;106,8049909;valid;;;FALSE;FALSE;TRUE;;;invalid;;;;;4
38993846;WARUNG NASI KUNINGAN <E T I>;Jl. Biak, RT 0/RW 0;3173080001;31;73;80;1;DKI JAKARTA;JAKARTA PUSAT;GAMBIR;CIDENG;eyJpdiI6Ikt2R3NqVWRjN2M1d3pINVc2dmdkaEE9PSIsInZhbHVlIjoiM2JyRERua1JLTWROWGVpN3RERkt0QT09IiwibWFjIjoiZjIzZDA0OTZjN2VkYzBjY2RhMDk2ZjAyNTZjODg5ZjFhYjcyZTc1MjEyNTgxYzc5ZjQ5YzA2NTFkZjE2YzU0YiIsInRhZyI6IiJ9;Aktif;;;;;31/12/2025;;;-6,1691791;106,8083358;valid;;;FALSE;FALSE;TRUE;;;invalid;;;;;4
38993858;Mie Ayam Bu Tini <tini>;Jl Kota Baru, RT 8/RW 6;3173080001;31;73;80;1;DKI JAKARTA;JAKARTA PUSAT;GAMBIR;CIDENG;eyJpdiI6Ik5KYzBtUGljWVNlaW5GUlZMM0FzMFE9PSIsInZhbHVlIjoiLy9BaWxBbENFYlZrYXlnV0d6WDR4dz09IiwibWFjIjoiY2FkMzk0MmE2NTM1MjRhMTM1ZDQ1MDE5YTFiYTBlNWI4ZmNjZTgzYzI3ZDgzY2U0NzExYmE4NWFiM2VkMmRiNyIsInRhZyI6IiJ9;Aktif;;;;;31/12/2025;;;-6,170008305;106,8061391;valid;;;FALSE;FALSE;TRUE;;;invalid;;;;;4
38993884;BUBUR AYAM SUTORO <SUTORO>;JL PETOJO V, RT 0/RW 6;3173080001;31;73;80;1;DKI JAKARTA;JAKARTA PUSAT;GAMBIR;CIDENG;eyJpdiI6IkxOU1BiQno4ckE0aUw2Z0xCMnlxV3c9PSIsInZhbHVlIjoieGE4VVR3dkZBei9rUUoycEsxSmY1UT09IiwibWFjIjoiMDVjMTdkNTg1MmU0ZDdmOGM3OGJhNGMwYWJhZjI2Y2M5ZTIxYjdiMmE0MjlkNTk2ZDQwMmQyNzBjODdkMWFmMiIsInRhZyI6IiJ9;Aktif;;;;;31/12/2025;;;-6,1721776;106,8069007;valid;;;FALSE;FALSE;TRUE;;;invalid;;;;;4
38993891;WARUNG IWAN <MUHAMMAD RIDWAN.S>;jalan sukadana No. 8A, RT 11/RW 6;3173080001;31;73;80;1;DKI JAKARTA;JAKARTA PUSAT;GAMBIR;CIDENG;eyJpdiI6IkhacThXWVlGYWxzOVFVZ0diU29ZTGc9PSIsInZhbHVlIjoiMHB4SThJR2daLyt6N09LTi9XUjNXZz09IiwibWFjIjoiZmFhMzIwMzA1ZGRmYzhiYWE5YWFlZGJlY2RhYjJiODUxOTJmNjUxZTI5Yzc0YWIzODI2YzYzYjA0NDI1MmE1NCIsInRhZyI6IiJ9;Aktif;;;;;31/12/2025;;;-6,170184668;106,8049909;valid;;;FALSE;FALSE;TRUE;;;invalid;;;;;4
38993915;WARUNG SITI <SITI MARYANAH>;JLN PETOJO VIY DLM/12-A, RT 4/RW 6;3173080001;31;73;80;1;DKI JAKARTA;JAKARTA PUSAT;GAMBIR;CIDENG;eyJpdiI6IjV0Lys5MmRPNFhWd0pNOE11S0lpQlE9PSIsInZhbHVlIjoiejNSTU1YWW4rYzRld21DK1JtOGFkUT09IiwibWFjIjoiYThiZjM4ZWJmODNiMWJiYTY4M2YxOTViMThjMGQ4NTk5ZTY4OWJmOTgyMmY1YjZiNDI1YmY4NTE1ZDdmNDk5NSIsInRhZyI6IiJ9;Aktif;;;;;31/12/2025;;;-6,1691377;106,8057672;valid;;;FALSE;FALSE;TRUE;;;invalid;;;;;4
38993920;WARUNG MAMA GRACE <CARIS TRISNAWATI>;Jalan Cibanten, RT 1/RW 1;3173080001;31;73;80;1;DKI JAKARTA;JAKARTA PUSAT;GAMBIR;CIDENG;eyJpdiI6IkNycVllSENiaWxURjZSSUJ1WS8zZ3c9PSIsInZhbHVlIjoiaEFNYkYxbzh2dWQzTktZYlFObEdpZz09IiwibWFjIjoiYjBlNjE5NzI3MWI2MzlkNDVjYTZhZTYwNDAwNmMzZDBmMTk1OTIxMjZkYjE4YTRlZTViZTRmYjgwMGNkMGEzZCIsInRhZyI6IiJ9;Aktif;;;;;31/12/2025;;;-6,1772543;106,8102193;valid;;;FALSE;FALSE;TRUE;;;invalid;;;;;4
39041725;WARUNG MINUMAN IBU YULI <YULI>;Jl. Tanjung Selor Barat No. 4, RT 9/RW 7;3173080001;31;73;80;1;DKI JAKARTA;JAKARTA PUSAT;GAMBIR;CIDENG;eyJpdiI6IjR0TE9QN0IyRnBhM0xmNEljVDU4Q0E9PSIsInZhbHVlIjoiN1J1YUNHdkNCTkhGOVZxM0V0OU9VQT09IiwibWFjIjoiYjAxODFhZDM0YTFiN2JmMzk2N2FhYTJhYjNhZmYwMDZlMTQ2OWMyYjJjNWM1MTE1NTBhMDFlYjgxNTg4ODY4ZCIsInRhZyI6IiJ9;Aktif;;;;;31/12/2025;;;-6,1676557;106,8025491;valid;;;FALSE;FALSE;TRUE;;;invalid;;;;;4
39041726;WARUNG MAKAN BU AMSITI <AMSITI>;Celvasha, 4, Jalan Jatibaru Bengkel, RW 01, Cideng, Gambir, RT 14/RW 1;3173080001;31;73;80;1;DKI JAKARTA;JAKARTA PUSAT;GAMBIR;CIDENG;eyJpdiI6Ik1tUTJFWVVaVS9hY0RrR1JOb1hQL0E9PSIsInZhbHVlIjoiclNXNlNHU1ZJTkxZUEhUZmh2UU1aQT09IiwibWFjIjoiZjA2OTJkYzIzZjU5ODFhYmYzZWQ3OThmYWYwNmFmZmUwN2ViODEwZjAxYzI5NzFhNTMzODE1MGEzOTI1NTQ1MCIsInRhZyI6IiJ9;Aktif;;;;;31/12/2025;;;-6,1832257;106,8120116;valid;;;FALSE;FALSE;TRUE;;;invalid;;;;;4
39041735;WARUNG NASI TEH IMAS <IMAS JUARSIH>;JL BELAWAN, RT 11/RW 3;3173080001;31;73;80;1;DKI JAKARTA;JAKARTA PUSAT;GAMBIR;CIDENG;eyJpdiI6Ik1TTC9mWWZzVVZGaDE1MmVRYnlKelE9PSIsInZhbHVlIjoiUy8rcmFwdTdtT1V6djZacnd4YTdaZz09IiwibWFjIjoiODFkNTEzZTlkZThjNDkwMWIyODBhYWNmZWYwOWQxYjY2ZDJiYjJkNTYyOTFkN2UxYTE3YWNhZTFmMTYwZmQ5MCIsInRhZyI6IiJ9;Aktif;;;;;31/12/2025;;;-6,1754487;106,8076079;valid;;;FALSE;FALSE;TRUE;;;invalid;;;;;4
39041773;WARUNG IBU WATI <TJAHJAWATI>;Jalan Bakti, RW 07, Cideng, Gambir, Jakarta Pusat, RT 7/RW 7;3173080001;31;73;80;1;DKI JAKARTA;JAKARTA PUSAT;GAMBIR;CIDENG;eyJpdiI6ImkrSE9obmZGeWhQWmRXa2RYQStoU3c9PSIsInZhbHVlIjoiQ0V1a1V1MG1jd2U3TDBxSThjNU1wZz09IiwibWFjIjoiZmNiOWE5MjgwNzhjNzdkMmQ4NjAzNmNkZDYyYjk3Nzc1YTgyZjRmYjdkMWVhZjg3ZGNhZDljNjIwY2Q1ODUyZCIsInRhZyI6IiJ9;Aktif;;;;;31/12/2025;;;-6,1697708;106,803301;valid;;;FALSE;FALSE;TRUE;;;invalid;;;;;4
39041775;SOP KAKI SAPI PAK KARTO <ASEP SULAEMAN>;PASAR PERTOKOAN PD. PASAR JAYA, JL BIAK NO. 5DE, RT 3/RW 6;3173080001;31;73;80;1;DKI JAKARTA;JAKARTA PUSAT;GAMBIR;CIDENG;eyJpdiI6Ik5HdzIyU0lKaHNrSVI3YlF6OXZjbFE9PSIsInZhbHVlIjoibEJUMmJpTWJGallnOVdMdlZyb01oQT09IiwibWFjIjoiNWU1OGUyY2NhOTg2NDRjNzNjMzQ4ODIzNDVlNTIzZGFhZGU2NTkwMDRhMWQ3ZGQ5ZTUxMWE1Y2EyYzIwNjY3NyIsInRhZyI6IiJ9;Aktif;;;;;31/12/2025;;;-6,171234406;106,8076369;valid;;;FALSE;FALSE;TRUE;;;invalid;;;;;4
39041780;BUBUR AYAM DUL HASAN <HASAN>;Jl. Setia kawan III, RT 7/RW 7;3173080001;31;73;80;1;DKI JAKARTA;JAKARTA PUSAT;GAMBIR;CIDENG;eyJpdiI6IjJuQjdIVURmdi93bFdiSU83bWl1cmc9PSIsInZhbHVlIjoiWE0vaG5ZVFJpU0JuS3FkOEh3eTJFZz09IiwibWFjIjoiZDMyN2NkOWE5ZDc3OTc5ZjJjNWZmNTUwZjU4YTNhOTBiYTU3NTFmNWYzOWIzODI0Y2RjNzIyNTY5MDFkNGFiNSIsInRhZyI6IiJ9;Aktif;;;;;31/12/2025;;;-6,1645081;106,801701;valid;;;FALSE;FALSE;TRUE;;;invalid;;;;;4
39041784;WARUNG NASI IBU KARSIH <KARSIH>;Jalan Lematang, RT 0/RW 2;3173080001;31;73;80;1;DKI JAKARTA;JAKARTA PUSAT;GAMBIR;CIDENG;eyJpdiI6Im05a2hiS2RLSDFSRktxTCswYzd1MUE9PSIsInZhbHVlIjoiU2F1YjlYaHhtalhCelFHQksyYUhRQT09IiwibWFjIjoiYzMzODE0NGQ4OTYwODFjYTExMDc4ZTg1OTU5ODljMzMxNjY3YzE4Y2Y3NTkzYzllNjIzMDk0OTY0ZDdmODgxZSIsInRhZyI6IiJ9;Aktif;;;;;31/12/2025;;;-6,1728461;106,8090953;valid;;;FALSE;FALSE;TRUE;;;invalid;;;;;4
39041786;WARUNG NASI PUTRI <AGUS DARYADI>;Jl. sukadana jp 47, RT 11/RW 6;3173080001;31;73;80;1;DKI JAKARTA;JAKARTA PUSAT;GAMBIR;CIDENG;eyJpdiI6ImVUN1ZKalIxMytxczdkYzhkdE5lMWc9PSIsInZhbHVlIjoiS25BczY1aFVEOFZ5c0tldkFkZWhXdz09IiwibWFjIjoiN2E2YjczNDk2NDkxMWEwMDIwYTJlY2FhOTkzNzZhODAwOWRiZjY1MWJiYjI3YWU2YmM5YTAxMmRiNDdhODVmMSIsInRhZyI6IiJ9;Aktif;;;;;31/12/2025;;;-6,170184668;106,8049909;valid;;;FALSE;FALSE;TRUE;;;invalid;;;;;4
39041787;NASI UDUK BU SITI <SITI ROHAJAH>;JL PETOJO SELATAN VII NO 20, RT 5/RW 4;3173080001;31;73;80;1;DKI JAKARTA;JAKARTA PUSAT;GAMBIR;CIDENG;eyJpdiI6IlBHQ2RGNEtRWitVUWF5KzFnc1J2Wnc9PSIsInZhbHVlIjoiYS9OcEdwY0dHY1NpRWt0U0hCTlhQUT09IiwibWFjIjoiOGIyOTVjY2RmM2VmNzg3MzNjNTdhMWIyMjdkOWUwNDI2ODQ0MWNmOTRmMDYyYjJmYzBlYTNmMDgyZTMzYjU1NyIsInRhZyI6IiJ9;Aktif;;;;;31/12/2025;;;-6,1750093;106,816434;valid;;;FALSE;FALSE;TRUE;;;invalid;;;;;4
39041798;WARUNG KOPI IBU UPI <SYAFINIDAR>;Jl kmp bakti, RT 4/RW 7;3173080001;31;73;80;1;DKI JAKARTA;JAKARTA PUSAT;GAMBIR;CIDENG;eyJpdiI6ImRlUnFUUFIva0wzTzVDck93VUJzbHc9PSIsInZhbHVlIjoiWTI0OG1kV254SSsxbGJLcTQ1TjByZz09IiwibWFjIjoiNDg1MmIzNTQ2Nzg4OTQ3YTZkZjVmOTNhMWNkZjYwZDFkMThmMjZlN2VhYjAyYmFjMGJlZTllNzFmMWNmN2QyMyIsInRhZyI6IiJ9;Aktif;;;;;31/12/2025;;;-6,167071116;106,8022277;valid;;;FALSE;FALSE;TRUE;;;invalid;;;;;4
39093382;WARUNG BANG ACIM <SITI ROBIAH>;JL. CITARUM ATAS, RT 17/RW 1;3173080001;31;73;80;1;DKI JAKARTA;JAKARTA PUSAT;GAMBIR;CIDENG;eyJpdiI6Ijc1YmFIQXlybUhNMWNmOUhzWExXVlE9PSIsInZhbHVlIjoiOFRTb3laUEdMaXd4Zi9zaTVDYXVZdz09IiwibWFjIjoiYjhhMzJkNmI3MDk2Nzk0MGI3MjQwODFhZGUxY2FhZWRhNGMzOTE3MTk2OWY5ZGMyZTYwODljZDZhMTAxNzk4YyIsInRhZyI6IiJ9;Aktif;;;;;31/12/2025;;;-6,180966322;106,8102764;valid;;;FALSE;FALSE;TRUE;;;invalid;;;;;4
39093408;WARUNG BU TATI <IBU TATI NURHAYATI>;JL petojo selatan VII, RT 5/RW 4;3173080001;31;73;80;1;DKI JAKARTA;JAKARTA PUSAT;GAMBIR;CIDENG;eyJpdiI6InNiY2FHckRMS3l2T09tSnNNY3RNaVE9PSIsInZhbHVlIjoibDFGbXgrS1J4cFFJc25KL1FtRE1PZz09IiwibWFjIjoiZmQwZWU1YTdhNDU0M2JlMDAzMGNhZDk2OTVmYjYxOTY5YmYxYjMwZjdkZWY1NDMzYjc0ZjNkNjlmM2M2MjQ1ZiIsInRhZyI6IiJ9;Aktif;;;;;31/12/2025;;;-6,1750093;106,816434;valid;;;FALSE;FALSE;TRUE;;;invalid;;;;;4
39093412;IVONNE ARYANI FANG FANG;JL. PETOJO SELATAN XI NO. 2-A, RT 8/RW 11;3173080001;31;73;80;1;DKI JAKARTA;JAKARTA PUSAT;GAMBIR;CIDENG;eyJpdiI6Ild1UHhpNC84eEJ2NEV2Y1VYZmk5L1E9PSIsInZhbHVlIjoiN0NPZFMvVnlldWREWUM4eS9JQytKZz09IiwibWFjIjoiMzJjMTQ5YWVhMDNhZDU2MTE5ZTA3Y2JjYzhkMmY3ZDVjYjgwYTFiYzA4MzdiM2Y0NjFhOTAxM2U1NGU2YWI0NyIsInRhZyI6IiJ9;Aktif;;;;;31/12/2025;;;-6,1750093;106,816434;valid;;;FALSE;FALSE;TRUE;;;invalid;;;;;4
39093419;WARUNG KOPI AQILAN <MUHAMMAD IRFAN>;KP BAKTI, RT 5/RW 7;3173080001;31;73;80;1;DKI JAKARTA;JAKARTA PUSAT;GAMBIR;CIDENG;eyJpdiI6Ino3YzhFNEdSTEFHQUpLVktzYjc2TlE9PSIsInZhbHVlIjoiaCthZlhtTmVnMUhZSWk5eWRHdG4xdz09IiwibWFjIjoiN2Y2ZDQzZGY1ZjUxMTY4M2UzZDVkZTFlN2IzNWE2NzRkODAzZTAzMmM0MDJlY2FlMjQ2MzdlYTU5YTBkNjdmNiIsInRhZyI6IiJ9;Aktif;;;;;31/12/2025;;;-6,16853921;106,8025544;valid;;;FALSE;FALSE;TRUE;;;invalid;;;;;4
39093422;WARUNG NASI BU NUR <NURYATI>;Jl. Citarum no.13, RT 0/RW 0;3173080001;31;73;80;1;DKI JAKARTA;JAKARTA PUSAT;GAMBIR;CIDENG;eyJpdiI6Ijc2K3RXNkQwVTcrVnpaaFdpN1liQ3c9PSIsInZhbHVlIjoiZW1DZFNoS2llZ1JJdG9qSm5LWHgrZz09IiwibWFjIjoiMmY5NDcxMjlhZjM0NGU2MTc4ZGE0NmY1MGVlNDZiMDJmZTk3MWZkNTRlODA5NmI1NmEzNTQ5YWEwMjA5MGU2NSIsInRhZyI6IiJ9;Aktif;;;;;31/12/2025;;;;;invalid;;;FALSE;FALSE;TRUE;;;invalid;;;;;4
39093423;WARUNG NASI TINI <SUHARTINI>;Jl kmp bakti no 4 (tanjung selor), RT 4/RW 7;3173080001;31;73;80;1;DKI JAKARTA;JAKARTA PUSAT;GAMBIR;CIDENG;eyJpdiI6IlBITHVaa2hsTjlYTUFNRkJVTm41Tnc9PSIsInZhbHVlIjoiN0RJaUd5Mi9MblgwN1g4akJxcXVjQT09IiwibWFjIjoiYTU0YmYxYTgyYzk2ZDhiZjU0MjVkMjk4Mjk1NDRiYTAwNGViNTExMTc3ZGE1MjAyMmIxZGY4MGRlYzRiODBjYiIsInRhZyI6IiJ9;Aktif;;;;;31/12/2025;;;-6,167071116;106,8022277;valid;;;FALSE;FALSE;TRUE;;;invalid;;;;;4
39093431;WARUNG NASI PAK WANTO <M. WANTO>;Tanjung salor 28, RT 9/RW 7;3173080001;31;73;80;1;DKI JAKARTA;JAKARTA PUSAT;GAMBIR;CIDENG;eyJpdiI6ImNQbGlESG91K1pHY3RqK3JCVHRPdmc9PSIsInZhbHVlIjoiOVgwV0hBaGdEQTczOXFrYzF4U1poZz09IiwibWFjIjoiMWJiMjE0ODhkMGM5NDNjY2IyMjkyYzVkYTYyNTRjMTZiMDYyM2M0MzZjY2U5NzMxODNmZjM2MTkzN2FiNjFkNiIsInRhZyI6IiJ9;Aktif;;;;;31/12/2025;;;-6,171754595;106,804731;valid;;;FALSE;FALSE;TRUE;;;invalid;;;;;4
3912164;ELECTRONIC INDONESIA;JL.BIAK NO.29 A-B-C, CIDENG;3173080001;31;73;80;1;DKI JAKARTA;JAKARTA PUSAT;GAMBIR;CIDENG;eyJpdiI6InJ1MGFBeDkzaGF0OWl0K2o5bWNtc2c9PSIsInZhbHVlIjoiUTFrcDMxZXcwVytTRmc0VE1QdURRQT09IiwibWFjIjoiY2NkZWZjMGVmYTkzMjAyODk5NzA5Y2IxZmUxMDUxM2YyYzM2NDUzNDllYThlMjA4NGRkOGQwZWY3N2E5ZTc3ZSIsInRhZyI6IiJ9;Aktif;;[Kegiatan Usaha: -, Kategori: G, KBLI: 46491];;;26/10/2025;UMKM;Dir Pajak;-6,167408;106,807965;valid;;;FALSE;FALSE;TRUE;;;invalid;;;;;4
3914031;BANK MAYBANK INDONESIA TBK.;GEDUNG PUSAT NIAGA ROXYMAS KH. HASYIM ASHARI 125;3173080001;31;73;80;1;DKI JAKARTA;JAKARTA PUSAT;GAMBIR;CIDENG;eyJpdiI6IkwyN2xNdjVFS0w1VHFZTVhzTVRkeWc9PSIsInZhbHVlIjoiaERSNHBZcitPd0c5T3liMzFjM3d4dz09IiwibWFjIjoiMmVmMGFkY2NhMjk2NzcyZDdjMmY4ZWYxNTVkNDc4ZWQzODEzNTIwNzJhNjMzYWJjNDZiNDRiOTg0MWFlMGQ5ZiIsInRhZyI6IiJ9;Aktif;;[Kegiatan Usaha: -, Kategori: K, KBLI: 64121];;;26/10/2025;UMKM;Dir Pajak;-6,1664156;106,8031919;valid;;;FALSE;FALSE;TRUE;;;invalid;;;;;4
39141965;WARUNG AZZAM <WIWI PERTIWI>;Klinik Hati, Jalan Brantas, RW 01, Cideng, Gambir, Jakarta Pusat, RT 18/RW 1;3173080001;31;73;80;1;DKI JAKARTA;JAKARTA PUSAT;GAMBIR;CIDENG;eyJpdiI6Ik9CZFVhbFR4bGI5bmorNjNZc3gycnc9PSIsInZhbHVlIjoiNHFZd0t1T3hPenJlNGd3MnJleWJzdz09IiwibWFjIjoiYzE2MWE5ODBkN2ZiODg3ODFiNzk1Y2EzZDg5NTBiN2NjYzgzNzg5MDNlNDZiNmFjMzYyNDMwNzZkODU4N2E2NCIsInRhZyI6IiJ9;Aktif;;;;;31/12/2025;;;-6,17916695;106,810787;valid;;;FALSE;FALSE;TRUE;;;invalid;;;;;4
39141969;WARKOP AMRI <AMRILLAH>;Jalan Tanjung Selor, RW 06, Cideng, Gambir, Jakarta Pusat,, RT 17/RW 6;3173080001;31;73;80;1;DKI JAKARTA;JAKARTA PUSAT;GAMBIR;CIDENG;eyJpdiI6Ik5tRG1XdElGSEZzWlVMcGFIcXIrS0E9PSIsInZhbHVlIjoidEJ3S052aEVlR1lLeE11Q0pnZlNndz09IiwibWFjIjoiZjc0MzNhNjYyNWY4ZmJlYmU5NzY1Yzk1ZTI5MjRkZjk5YjdiZGMzMjYyN2M4OWI4ZjI0NGE0YjBiMjE0YzUxOCIsInRhZyI6IiJ9;Aktif;;;;;31/12/2025;;;-6,1676557;106,8025491;valid;;;FALSE;FALSE;TRUE;;;invalid;;;;;4
39141980;WARUNG NASI UDUK TINI <SUHARTINI>;Jl. Kmp bakti, RT 4/RW 7;3173080001;31;73;80;1;DKI JAKARTA;JAKARTA PUSAT;GAMBIR;CIDENG;eyJpdiI6IjQxK2ZNalQ2aFlrQnZVYXFob0g2R2c9PSIsInZhbHVlIjoiZ1p4dWZiRkkvOWxSdkVHRG5JWWFGUT09IiwibWFjIjoiZjAxYzlhNTc1MGRmZmZlMzBhMmY4ZjhhMDU4OWU0ZDJlZGJhMDIxMzg5YTNiNzA0MTMyYjRjMmM4ZWU4ZDEwMSIsInRhZyI6IiJ9;Aktif;;;;;31/12/2025;;;-6,167071116;106,8022277;valid;;;FALSE;FALSE;TRUE;;;invalid;;;;;4
39141983;WARUNG MAKANAN DAN MINUMAN SIAP SAJI <SITI ZAENAB>;Kmp. Bakti Raya no. 44, RT 1/RW 7;3173080001;31;73;80;1;DKI JAKARTA;JAKARTA PUSAT;GAMBIR;CIDENG;eyJpdiI6IlVBWHpNM1pRYkpZSDhER0s5cVhlY2c9PSIsInZhbHVlIjoiRTVpUG1DclpNajFVRzcvWEV5Vk9zUT09IiwibWFjIjoiZTEyMjhkODA1MmE0OTc4YTlkYzYyYWU5ZTllNDMzZWE4YTdlYmUzY2FmZjljYTY4ZTdjMDMxNThkZjEwMGNlYiIsInRhZyI6IiJ9;Aktif;;;;;31/12/2025;;;-6,166423048;106,8011818;valid;;;FALSE;FALSE;TRUE;;;invalid;;;;;4
28543764;SUPARNI;JL. TANJUNG SELOR BARAT;3173080001;31;73;80;1;DKI JAKARTA;JAKARTA PUSAT;GAMBIR;CIDENG;eyJpdiI6IkZKSXJoQ1UyQU5xODBwSmhxMDVhTmc9PSIsInZhbHVlIjoiR0kySUZ0UDdKU3l0SlZXYUlPOFNPZz09IiwibWFjIjoiZDZhMjNjYzc3MmNhNzM5MjkwMjU4ZmM5ZGQyZGZiNzdmNjg4NTUxODAyNmQ0MzY2MTU4OTY3Nzc5ODQ5Zjg3NyIsInRhZyI6IiJ9;Aktif;;[Kegiatan Usaha: -, Kategori: -, KBLI: 56103];;;30/12/2025;;OSS - Perorangan;-6,1701579;106,8040702;valid;;;FALSE;FALSE;TRUE;;;invalid;;;;;4
28774248;SURYANI;JL. CITARUM ATAS NO.10;3173080001;31;73;80;1;DKI JAKARTA;JAKARTA PUSAT;GAMBIR;CIDENG;eyJpdiI6IiswQ0VFM0FZUjhwKzRMdFUyK3FvS1E9PSIsInZhbHVlIjoiUDdNVVJQMGZkaTA3WE9BUnpEa3VYdz09IiwibWFjIjoiMjFiMWNmNTNkZWFlNWFmYmNjNWJjOTU1ZWYxNGFlODlmNWYwODQ3MDk3MDg5Yjk3Yjg4YjkwNGVjNjNhOWI5MyIsInRhZyI6IiJ9;Aktif;;[Kegiatan Usaha: -, Kategori: -, KBLI: 47513];;;19/11/2025;;OSS - Perorangan;-6,1780875;106,8097144;valid;;;FALSE;FALSE;TRUE;;;invalid;;;;;4
28803987;DEWI HARIYANTI ;JL CITARUM ATAS NO.30 RT18/01;3173080001;31;73;80;1;DKI JAKARTA;JAKARTA PUSAT;GAMBIR;CIDENG;eyJpdiI6IkdBeE9iNE9qZWwweStNZWswdWpsM1E9PSIsInZhbHVlIjoiT2ZETVFXQzg0N3dPd25jQm5LczdXdz09IiwibWFjIjoiNDhlY2QwZTNhNzg3NmI2YmYxZTI0MmZmZDFkOGI0MGE5OWJlZTc0OWQ2NTU1ZjEzZTlkNDg1ZTEyZTNlMjE3NSIsInRhZyI6IiJ9;Aktif;;[Kegiatan Usaha: -, Kategori: -, KBLI: 47829];;;19/11/2025;;OSS - Perorangan;-6,178183959;106,8091391;valid;;;FALSE;FALSE;TRUE;;;invalid;;;;;4
2901846;GRAHA FLORA INDONESIA;PUSAT NIAGA ROXY MAS BLOK D3 NO.12, JL KH. HASYIM ASHARI;3173080001;31;73;80;1;DKI JAKARTA;JAKARTA PUSAT;GAMBIR;CIDENG;eyJpdiI6IjZSRHJ0SGxmeWFpdjVlTjIxQUNjamc9PSIsInZhbHVlIjoiK3hnMk1jMWRPdWMxK0xGM1N1VjcyZz09IiwibWFjIjoiNjA1YTljOGU3YWYzNzA2MDY2ZDUxOWYwNjU3ODUyNTM3MDRhNWQ2YmI0ZDY0OTBmOTgxNDhjNmE4M2EyNDk3YSIsInRhZyI6IiJ9;Aktif;;[Kegiatan Usaha: -, Kategori: G, KBLI: 46203];;;31/12/2025;UMKM;Dir Pajak;-6,16746521;106,8051224;valid;;;FALSE;FALSE;TRUE;;;invalid;;;;;4
29070912;NURUL HIKMAH;JL. CIDENG BARAT NO.93;3173080001;31;73;80;1;DKI JAKARTA;JAKARTA PUSAT;GAMBIR;CIDENG;eyJpdiI6Ik9TV0hIbEFWbHBjTlNQN0RuQXRWNFE9PSIsInZhbHVlIjoiTWZoZGVndmg5UkpvVGFscUwzcHlNZz09IiwibWFjIjoiMWMxYjAwMmU1YWJhOWUxYmQxZGM2MmE5MzEwZjcxMmMxYzNhY2FlYWU2ZDE4YjhkN2VmZjhiMzk3YjQ4MjE3ZSIsInRhZyI6IiJ9;Aktif;;[Kegiatan Usaha: -, Kategori: -, KBLI: 47222];;;19/11/2025;;OSS - Perorangan;-6,1797834;106,8124682;valid;;;FALSE;FALSE;TRUE;;;invalid;;;;;4
29072511;SUHARNI;JL TANJUNG SELOR NO 12;3173080001;31;73;80;1;DKI JAKARTA;JAKARTA PUSAT;GAMBIR;CIDENG;eyJpdiI6IjNEQVJHK3hGV1NFNlJtU1czWGkyZkE9PSIsInZhbHVlIjoiUmc5U0dRcnFib0FSSDZJVjhLT3VhZz09IiwibWFjIjoiOTZhNWRlYzFjZDJkYzM2MWZmMzIyNzdlNzg1ODY4MzgxZDQ5M2Y1NTgwMTczMDJlNDU5NGJiZDZlNzYwOGM3ZCIsInRhZyI6IiJ9;Aktif;;[Kegiatan Usaha: -, Kategori: -, KBLI: 56103];;;04/12/2025;;OSS - Perorangan;-6,1797069;106,8107919;valid;;;FALSE;FALSE;TRUE;;;invalid;;;;;4
29073048;SITI WAHYUNI;JL. PULO PIUN 1/ 2;3173080001;31;73;80;1;DKI JAKARTA;JAKARTA PUSAT;GAMBIR;CIDENG;eyJpdiI6IldUWXFySEpkdTVkZ3JjNFZHazduNkE9PSIsInZhbHVlIjoiYjNST3BXenUzV1RYbXN5T3VoNHprdz09IiwibWFjIjoiOWU1MDYyMmRhMzcwNDlkODVmZmI5N2E2OTFhNzcyZmUxOGY4OWIwMGIyMDgyYmYzYzhkMGQxMzdiOGU0OTk2MiIsInRhZyI6IiJ9;Aktif;;[Kegiatan Usaha: -, Kategori: -, KBLI: 10792];;;19/11/2025;;OSS - Perorangan;-6,1699375;106,8097504;valid;;;FALSE;FALSE;TRUE;;;invalid;;;;;4
2907485;PEMBANGUNAN SARANA PUTRA JAYA;JL TAMAN JATIBARU TIMUR, KOMPLEK RUKAN GRAHA JATIBARU;3173080001;31;73;80;1;DKI JAKARTA;JAKARTA PUSAT;GAMBIR;CIDENG;eyJpdiI6ImN6Q0ZlV1RTSGYzOW1jSE1xY0ZnNHc9PSIsInZhbHVlIjoicmFVNlZtYkNReG1EMTQycHkvdjJ5dz09IiwibWFjIjoiOTBkMmEzMzFhMjIzOTk2YmJiZDM4Y2JkYzgzNTU4ZGIxZGM4Y2MyZjdhNjQxZGY4ZTk4M2Q1YjlhY2JjZjE1ZiIsInRhZyI6IiJ9;Aktif;;[Kegiatan Usaha: -, Kategori: F, KBLI: 42204];;;26/10/2025;UMKM;Dir Pajak;-6,18277;106,81287;valid;;;FALSE;FALSE;TRUE;;;invalid;;;;;4
29139785;Sugiarti;Jl Cimanuk;3173080001;31;73;80;1;DKI JAKARTA;JAKARTA PUSAT;GAMBIR;CIDENG;eyJpdiI6IjF5TXNLbzNvcFZBdi9vVm9WMmp0R0E9PSIsInZhbHVlIjoiNjE0YlZaemNxRjI1czVMSm9jVDF5Zz09IiwibWFjIjoiYTJjN2RkODE2OTU4MjQ4ZWYzNjg4OTNjMTYxMDg3YWE0MDY2ZDUxZmY4YjM4ODkzZGFhMmM0OGYxNmVkNGE1MSIsInRhZyI6IiJ9;Aktif;;[Kegiatan Usaha: -, Kategori: -, KBLI: 10799];;;10/12/2025;;OSS - Perorangan;-6,1778692;106,8092921;valid;;;FALSE;FALSE;TRUE;;;invalid;;;;;4
29157411;SUWANDI;ASRAMA POLRI JL. CIDENG BARAT 93 RT 003 RW 009;3173080001;31;73;80;1;DKI JAKARTA;JAKARTA PUSAT;GAMBIR;CIDENG;eyJpdiI6ImlGNm1VeXg5RnlpbG03cGtjbjBzQVE9PSIsInZhbHVlIjoidm1KY2FDUXp6VGh1KzJETFJ5djFTdz09IiwibWFjIjoiYjliYzZiOGUxNzE4ZDlmYmVmOTRiMzI0MDg3MGRiYTJiZWM4MGMxYmRlMDhiNjY5N2EyNGFhZmY5NTE2OTM4OSIsInRhZyI6IiJ9;Aktif;;[Kegiatan Usaha: -, Kategori: -, KBLI: 01461];;;19/11/2025;;OSS - Perorangan;-6,1810923;106,8121479;valid;;;FALSE;FALSE;TRUE;;;invalid;;;;;4
29163488;Maryana;Jl Petojo Viy Ii Dalam 005/006;3173080001;31;73;80;1;DKI JAKARTA;JAKARTA PUSAT;GAMBIR;CIDENG;eyJpdiI6ImJwMkRkeHZ2aUFPcGd2VU9SdFhRTHc9PSIsInZhbHVlIjoiZGtCQjltWXpZWGVha2JCbkt2NUYrdz09IiwibWFjIjoiNDM0NGFmN2JjMmRiNGY0MGZiNTc5ZWFhMGRkMzVjNWRjYjgwMjM4NjFlZDExODZmY2JiNGJmNTNmZjAyZGQzZCIsInRhZyI6IiJ9;Aktif;;[Kegiatan Usaha: -, Kategori: -, KBLI: 10799];;;19/11/2025;;OSS - Perorangan;-6,1698215;106,8066417;valid;;;FALSE;FALSE;TRUE;;;invalid;;;;;4
29330416;Siti barokah;Jl Tanjung Selor;3173080001;31;73;80;1;DKI JAKARTA;JAKARTA PUSAT;GAMBIR;CIDENG;eyJpdiI6IjlGL1VDSWUzQkxaQmlWWktyV0RhMFE9PSIsInZhbHVlIjoiRERwREp4bUdGUmRxUUhCc0tJZjdlUT09IiwibWFjIjoiYWRkOTRkNDY1MDg5MjlmZGE0MjNiZGFkYTE3YWJlMTFmNzVmMjlmOTczOTY3ZTY1MjdlNzA5M2NhOTU4YjllOCIsInRhZyI6IiJ9;Aktif;;[Kegiatan Usaha: -, Kategori: -, KBLI: 10799];;;30/12/2025;;OSS - Perorangan;-6,1701579;106,8040702;valid;;;FALSE;FALSE;TRUE;;;invalid;;;;;4
29339575;Yuliani;Jl Kp Bhakti;3173080001;31;73;80;1;DKI JAKARTA;JAKARTA PUSAT;GAMBIR;CIDENG;eyJpdiI6IjViOTB0S3JDbDVncmhlOG1McWEvTnc9PSIsInZhbHVlIjoic2lXNno2ZnRDZ255L3hnSm1Wak51Zz09IiwibWFjIjoiODM2MDAzMWY2ODUxYmVmM2RlNzFlYzI1OTYwMTgwZGU1NmJlMThjMDQ5MDcyZjk4OTY0MzFiZDIyMmUxMGEwNCIsInRhZyI6IiJ9;Aktif;;[Kegiatan Usaha: -, Kategori: -, KBLI: 11040];;;30/12/2025;;OSS - Perorangan;-6,169347;106,8044401;valid;;;FALSE;FALSE;TRUE;;;invalid;;;;;4
29351072;TARYATI;JL. TANJUNG SELOR NO.16;3173080001;31;73;80;1;DKI JAKARTA;JAKARTA PUSAT;GAMBIR;CIDENG;eyJpdiI6Ik9PeXMrcmNBU0lxOHBqUGFJRE9hVmc9PSIsInZhbHVlIjoiZytvNGFUM2tmamJsY0tWRmlaZFAxdz09IiwibWFjIjoiYTI4MjBhNWRlOWIyMmU4MmUxYTczZWQ1Njc2NjgwYTc5M2I3NjAwZTk4ZDQ5N2E4MjVlN2IwMzc3NDhkMTE3ZSIsInRhZyI6IiJ9;Aktif;;[Kegiatan Usaha: -, Kategori: -, KBLI: 56102];;;19/11/2025;;OSS - Perorangan;-6,1679847;106,8028358;valid;;;FALSE;FALSE;TRUE;;;invalid;;;;;4
29356366;Sunarmi;Jl Tidore Raya No.27 C Rt.009/rw.005;3173080001;31;73;80;1;DKI JAKARTA;JAKARTA PUSAT;GAMBIR;CIDENG;eyJpdiI6ImRycUlIUkN2dEFRWHF4UjFWYXpjZEE9PSIsInZhbHVlIjoiQnZjekkra04wekJ0MFFhY2hUZ1QvQT09IiwibWFjIjoiODA3MTNhODI1NjA2MDA2NGEzYTQ0ZmQ5OWEzYjEwZGEyMWNmODI5YmQyZThiM2FhOTU4NTdhNDQ2OWIwYjZhNSIsInRhZyI6IiJ9;Aktif;;[Kegiatan Usaha: -, Kategori: -, KBLI: 11040];;;19/11/2025;;OSS - Perorangan;-6,1667182;106,8060869;valid;;;FALSE;FALSE;TRUE;;;invalid;;;;;4
29357040;Rusmini;Jl Mandioli 11 007/-;3173080001;31;73;80;1;DKI JAKARTA;JAKARTA PUSAT;GAMBIR;CIDENG;eyJpdiI6IjBwelVkYzdmajBXNCtSQmtDb3V0Znc9PSIsInZhbHVlIjoiWW1xaWtua0tXTWJlaFNiWWcxTHFwdz09IiwibWFjIjoiN2E5YzE1ZjRiZWQ3YWRlOWY0ZjUwNGNlMTE2OTdiODE1MDA5MTM5ZmFhNDJkYTBiOGJhMjhjZWJlMTcxNzhkYSIsInRhZyI6IiJ9;Aktif;;[Kegiatan Usaha: -, Kategori: -, KBLI: 10799];;;12/12/2025;;OSS - Perorangan;-6,1684664;106,8064842;valid;;;FALSE;FALSE;TRUE;;;invalid;;;;;4
29358178;Isnaeni;Jl. Citarum Rt17 Rw1;3173080001;31;73;80;1;DKI JAKARTA;JAKARTA PUSAT;GAMBIR;CIDENG;eyJpdiI6IllEZUd0djE4MFpYVU5odzYzSGFRWVE9PSIsInZhbHVlIjoiSXgycVZzVDQ0cVd0bkZTc0tuYmR1dz09IiwibWFjIjoiMjliNTQwODVlY2EyNzNlNTMxYmQyZDI3OWZhNDg2MzJhY2MxMjUwMjE5NmQ0OWI0YTc2OTFiYjFmYWIxYjQzNSIsInRhZyI6IiJ9;Aktif;;[Kegiatan Usaha: -, Kategori: -, KBLI: 10799];;;19/11/2025;;OSS - Perorangan;-6,180966322;106,8102764;valid;;;FALSE;FALSE;TRUE;;;invalid;;;;;4
29375252;SUNDARI;JL CITARUM ATAS ;3173080001;31;73;80;1;DKI JAKARTA;JAKARTA PUSAT;GAMBIR;CIDENG;eyJpdiI6Imh6d1NCOU5FdmNScnpUZklodHdST0E9PSIsInZhbHVlIjoiUGp4VEp1Q05RQ256VEFXeFExMmtEZz09IiwibWFjIjoiOTY0MWJhZmY1MjJiYjc3ODNiYWFmYzc3M2IzMjNkMTQ0YTQxNDk4OGQ2Yzg4MGMwZWNhOWJiOTg3MDY1YjNmMCIsInRhZyI6IiJ9;Aktif;;[Kegiatan Usaha: -, Kategori: -, KBLI: 95291];;;30/12/2025;;OSS - Perorangan;-6,1791412;106,8101398;valid;;;FALSE;FALSE;TRUE;;;invalid;;;;;4
29383914;DON ADRIAN;APARTMENTROXY MAS LT.9 NO.8 RT/RW 017/006;3173080001;31;73;80;1;DKI JAKARTA;JAKARTA PUSAT;GAMBIR;CIDENG;eyJpdiI6Ii9rbldRc0RhRFVHME1Yb2t6TWJoSEE9PSIsInZhbHVlIjoiZ3NLTE5NT3BjN2x6RUdHclRvSDNQZz09IiwibWFjIjoiZWYyNGMzMTVjNTMzY2Y3NzQ5ZWI0YjgxMDc4Y2RkZTVmODc0NDlmOWU1MGVkZjBlN2UzODRkY2ZjMjBjOWFlNiIsInRhZyI6IiJ9;Aktif;;"[Kegiatan Usaha: -, Kategori: -, KBLI: 55193]; [Kegiatan Usaha: -, Kategori: -, KBLI: 55130]";;;19/11/2025;;OSS - Perorangan;-6,1753225;106,8073895;valid;;;FALSE;FALSE;TRUE;;;invalid;;;;;4
29393737;Dede kurniasih;Jl Tidore Raya No.27 C Rt.009/rw.005;3173080001;31;73;80;1;DKI JAKARTA;JAKARTA PUSAT;GAMBIR;CIDENG;eyJpdiI6IjVNK2IyeG5SNFZIVDNBZEpNWmlqMmc9PSIsInZhbHVlIjoicHpEYzdBa1ZIQzJ3RjBzKzkvQUxFUT09IiwibWFjIjoiN2MzMDE5MDQxMGQ2NTU2MTFiYWE1Y2RiNThhZDc3OTVhYjY0OGE2ODg1ODQ4NTEzZGZlMTVmZGViYmQwNDFmYiIsInRhZyI6IiJ9;Aktif;;[Kegiatan Usaha: -, Kategori: -, KBLI: 11040];;;19/11/2025;;OSS - Perorangan;-6,1667182;106,8060869;valid;;;FALSE;FALSE;TRUE;;;invalid;;;;;4
29580556;Yanti;Kp Bhakti No 18;3173080001;31;73;80;1;DKI JAKARTA;JAKARTA PUSAT;GAMBIR;CIDENG;eyJpdiI6ImNNaWp5UGhVQlhoblNVOHRhRTFNUUE9PSIsInZhbHVlIjoiUE1KQ3J3QzdzUjJuNnhLUVBZL3lIdz09IiwibWFjIjoiOWE3ZDdiMWIyNzFhZmRjZGEyYjZlOGQ5NTJiZTBiNWZiOTkyMWFkNThiODY4MjM0NTJmNTIyYTRiYTg1NzE2ZSIsInRhZyI6IiJ9;Aktif;;[Kegiatan Usaha: -, Kategori: -, KBLI: 46339];;;04/12/2025;;OSS - Perorangan;-6,1667568;106,8012744;valid;;;FALSE;FALSE;TRUE;;;invalid;;;;;4
29580904;Saminem;Jl.petojo Viy Vii;3173080001;31;73;80;1;DKI JAKARTA;JAKARTA PUSAT;GAMBIR;CIDENG;eyJpdiI6IjU1OFRhZ2d5VHNjWUJuMWxrUk1GbWc9PSIsInZhbHVlIjoiRUYrdjVDa25qSkJ1RnR0L254REpMZz09IiwibWFjIjoiYzNkY2M5MTcxMTIwOTBiMGQ3Y2NmMzJiOGM1YzA1ODVkNTUyNWFjYzQzYWE3MTdlOWI2ZDgyOGMxMzJjNmM1NyIsInRhZyI6IiJ9;Aktif;;[Kegiatan Usaha: -, Kategori: -, KBLI: 10799];;;19/11/2025;;OSS - Perorangan;-6,1724627;106,8062302;valid;;;FALSE;FALSE;TRUE;;;invalid;;;;;4
29586198;SUGIARTI;JL. PULO PIUN 12;3173080001;31;73;80;1;DKI JAKARTA;JAKARTA PUSAT;GAMBIR;CIDENG;eyJpdiI6Ii8xZlhmUkhVUUsxM3hGUHQrN3hieWc9PSIsInZhbHVlIjoiN3MyVHdzelE5ZzFma3I4aWlZOG9Ydz09IiwibWFjIjoiYmVjZTA4OGEyNWRlNTk1NDEwMTZjY2JiY2ZlZDMwYTFiM2FiOTUwNGI4ZDc1MjZiNTdiMzNlMmRjMjE0NzkwYiIsInRhZyI6IiJ9;Aktif;;[Kegiatan Usaha: -, Kategori: -, KBLI: 56102];;;19/11/2025;;OSS - Perorangan;-6,1698053;106,8089783;valid;;;FALSE;FALSE;TRUE;;;invalid;;;;;4
29596149;NURJANAH;JL. PETOJO VIY II NO.19;3173080001;31;73;80;1;DKI JAKARTA;JAKARTA PUSAT;GAMBIR;CIDENG;eyJpdiI6IkxSN0I5UWZiL1RoVE5xaGx4d2xkMUE9PSIsInZhbHVlIjoiSys3RW1kSWIraXVIMkt5OCsrMlNxdz09IiwibWFjIjoiYjE3N2U1OGY1NjM2MjRiNGVhMDZkYWZlN2RkM2MxZjZjYzNjZjczZjQyZmZmMzUzNzc4MzA0MjJhYzI4MTc4ZiIsInRhZyI6IiJ9;Aktif;;[Kegiatan Usaha: -, Kategori: -, KBLI: 47826];;;19/11/2025;;OSS - Perorangan;-6,1699897;106,8069713;valid;;;FALSE;FALSE;TRUE;;;invalid;;;;;4
29608635;CHRISTIAN PRAWIRA;Jl. Bacan No.18;3173080001;31;73;80;1;DKI JAKARTA;JAKARTA PUSAT;GAMBIR;CIDENG;eyJpdiI6InRHZ0o2NVVYWThVOUFFTHgyQWh0Z1E9PSIsInZhbHVlIjoib3lxQUlxU3NobTRkY1FRTkt3bmk3dz09IiwibWFjIjoiZmIwOTlmZTIxM2M5NzBmZDZjYzY4ZDliNzQ4OTM1NDUzMTE5NGRiMDczZWY0YWJkZGNjYmMxNjg0Y2ZjYTY0ZiIsInRhZyI6IiJ9;Aktif;;[Kegiatan Usaha: -, Kategori: -, KBLI: 10710];;;19/11/2025;;OSS - Perorangan;-6,1684522;106,8059524;valid;;;FALSE;FALSE;TRUE;;;invalid;;;;;4
29674374;Siswanti;Jl.citarum Atas Rt18 Rw1;3173080001;31;73;80;1;DKI JAKARTA;JAKARTA PUSAT;GAMBIR;CIDENG;eyJpdiI6IjBQSENOdzRtYW1BanJuT3FkY21OZnc9PSIsInZhbHVlIjoiWkJhRHZvMVppcnlaQmJYcEx2MWswZz09IiwibWFjIjoiMzFiMGI1YzljOGFiMmI3NmM5ODg5M2E5NDI3ZDRlYzQyNzJiMDgwYzlmYTNjMjZmNjIxYmQxOWZmN2E3NTE0NCIsInRhZyI6IiJ9;Aktif;;[Kegiatan Usaha: -, Kategori: -, KBLI: 10799];;;19/11/2025;;OSS - Perorangan;-6,178183959;106,8091391;valid;;;FALSE;FALSE;TRUE;;;invalid;;;;;4
29686078;Sarimah;Citarum Atas Rt 017/rw001;3173080001;31;73;80;1;DKI JAKARTA;JAKARTA PUSAT;GAMBIR;CIDENG;eyJpdiI6InpId1NvNnB1KzUzeXVxWktnSXc4L3c9PSIsInZhbHVlIjoiWXFrcGVjVEtnVVZ1VFV2OVMrSTZuQT09IiwibWFjIjoiZjc2MjZlYzBjZTAwM2VmODNlMzdjMjNkNTNlZGNiYmJlMzVhOGYxNjg0ZWFjZGFkOTU3MGE4YTQwMGE4NDg2ZCIsInRhZyI6IiJ9;Aktif;;;;;31/12/2025;;OSS - Perorangan;-6,180966322;106,8102764;valid;;;FALSE;FALSE;TRUE;;;invalid;;;;;4
29692374;Jamilah;Jl Petojo Viy Ll No 3 Rt 5 Rw 6;3173080001;31;73;80;1;DKI JAKARTA;JAKARTA PUSAT;GAMBIR;CIDENG;eyJpdiI6IkJUMFJFSHRvSUdDZ1N4eWRjM2tPcGc9PSIsInZhbHVlIjoiZDRqdmZxUnlxcFZFSVVhQTlURU9qUT09IiwibWFjIjoiNTc5NWE2ZWM4NDE2ODQ2YjY4YmY5NzdlZjhiNjlmN2MxMTViNjQ2NTVkOGYwZTc2ZmIwMTkwMDI4MWFlMzQ5ZSIsInRhZyI6IiJ9;Aktif;;[Kegiatan Usaha: -, Kategori: -, KBLI: 46339];;;19/11/2025;;OSS - Perorangan;-6,1698215;106,8066417;valid;;;FALSE;FALSE;TRUE;;;invalid;;;;;4
2975484;SARIMELATI KENCANA TBK.;GEDUNG ITC ROXYMAS LT. 1 / 34, 39, 40 JL KH HASYIM ASHARI;3173080001;31;73;80;1;DKI JAKARTA;JAKARTA PUSAT;GAMBIR;CIDENG;eyJpdiI6IjhMTTVPUWFmSk1oWVZtYmNwSHJiRFE9PSIsInZhbHVlIjoiQ2J3dlVlcWlHN2NTZjdaeVBsZ0xUUT09IiwibWFjIjoiYTFmOTVjODdmYTBiZjdlODBkMDVkYzQ4Y2NjMGNmNjAwNmM3NWQ1ZDIzMTdiMjUwZDMzNGMyZWJlYjM3ZDc0YSIsInRhZyI6IiJ9;Aktif;;[Kegiatan Usaha: -, Kategori: I, KBLI: 56101];;;26/10/2025;UMKM;Dir Pajak;-6,166433;106,8029841;valid;;;FALSE;FALSE;TRUE;;;invalid;;;;;4
29816229;TITI PRIYATIN;JL.MANDI OLI DALAM NO.25;3173080001;31;73;80;1;DKI JAKARTA;JAKARTA PUSAT;GAMBIR;CIDENG;eyJpdiI6Imt4M1NyMk1TVFN4cTg5VDZ4SERYN2c9PSIsInZhbHVlIjoibWVYQitsZFJiMmFFeWRLSnlwcnVVdz09IiwibWFjIjoiZWI0ZjkwODEwZGQ5ZmJkNWU2NmVkMzk2Y2RhOGFkMzAyYjY5YTQzYTZhNDU0Y2Q2MGQxY2UzMzhmOGU5ZWZkYSIsInRhZyI6IiJ9;Aktif;;[Kegiatan Usaha: -, Kategori: -, KBLI: 32903];;;15/12/2025;;OSS - Perorangan;-6,1753225;106,8073895;valid;;;FALSE;FALSE;TRUE;;;invalid;;;;;4
29870493;WARTINI;JL. TANJUNG SELOR NO. 8;3173080001;31;73;80;1;DKI JAKARTA;JAKARTA PUSAT;GAMBIR;CIDENG;eyJpdiI6IllVTkpZcldSSG9ScXNqZXhIaEFYNnc9PSIsInZhbHVlIjoiTlh1c2dvdUUwNGlSTU9jSmp3eGYxZz09IiwibWFjIjoiNTZjZWJmNDIxY2ZjYzM4OGE1NjBjMWExYTRmZDUxZTM2MDE1ZWJmOGJkODZkMzFmNzZhOGE0OTU5NmNiM2U4MyIsInRhZyI6IiJ9;Aktif;;[Kegiatan Usaha: -, Kategori: -, KBLI: 47829];;;20/11/2025;;OSS - Perorangan;-6,1713694;106,8050586;valid;;;FALSE;FALSE;TRUE;;;invalid;;;;;4
29876602;MARIANA;JL. KP. BAKTI VI NO.19A;3173080001;31;73;80;1;DKI JAKARTA;JAKARTA PUSAT;GAMBIR;CIDENG;eyJpdiI6ImZUcTF3bU83SFpoQzArTHpOaUVtRXc9PSIsInZhbHVlIjoiSDE0YUovOGQrUlZCUTlaeFFZeXN0UT09IiwibWFjIjoiMTMyOWU5MGJmOGRlMWJhZDFkYjM5YjY0OTE2NTI4NDIwMjRmZmE2ZGU4ZTRlMjkwZDI3YThmMWFkZjg3NmNjYSIsInRhZyI6IiJ9;Aktif;;[Kegiatan Usaha: -, Kategori: -, KBLI: 47112];;;20/11/2025;;OSS - Perorangan;-6,1753225;106,8073895;valid;;;FALSE;FALSE;TRUE;;;invalid;;;;;4
3006597;CENTRAL ACCESORIES;ITC ROXY MAS LT 1 NO. 1B JL. KH HASYIM ASYARIE NO. 125;3173080001;31;73;80;1;DKI JAKARTA;JAKARTA PUSAT;GAMBIR;CIDENG;eyJpdiI6ImtUU0hsek5LcGRCckI3amVBSzlwbnc9PSIsInZhbHVlIjoiS0FqTmNOcmg2ZHA1Qm4wWUl5T3ZRUT09IiwibWFjIjoiMzc3NTQ2MDM3MjU5MjBhY2FhNDFkMTQwMzNmZWM5YzE0OTAyM2RkNTJlYWU4NTI3ZmJiNTNhOWNhOWYzMTExMiIsInRhZyI6IiJ9;Aktif;;;;;31/12/2025;UMKM;Dir Pajak;-6,1669146;106,8034375;valid;;;FALSE;FALSE;TRUE;;;invalid;;;;;4
30109243;SUHANA;JL. BELAWAN NO.56-A;3173080001;31;73;80;1;DKI JAKARTA;JAKARTA PUSAT;GAMBIR;CIDENG;eyJpdiI6IkhjZVZyMWtDVDl1V3NkM1FKS0VmeFE9PSIsInZhbHVlIjoiZHpzdHdQeDdBbit0OVZZeUFvMExnQT09IiwibWFjIjoiYzk1MmYyMjJmOGQzNjg4YTc4YmQzNWU3YmJmNWI3MDBmMDgxZjU1OWM1ZmY4MzQ1MDM1ZTgxNjhiNWNhZjA2MyIsInRhZyI6IiJ9;Aktif;;[Kegiatan Usaha: -, Kategori: -, KBLI: 56102];;;19/11/2025;;OSS - Perorangan;-6,1748482;106,8070184;valid;;;FALSE;FALSE;TRUE;;;invalid;;;;;4
30117203;SUMIARNI;JL. BELAWAN NO.75;3173080001;31;73;80;1;DKI JAKARTA;JAKARTA PUSAT;GAMBIR;CIDENG;eyJpdiI6IkFKbkxiSzg3SWN3U0taekZBekQvNFE9PSIsInZhbHVlIjoiNmhMUndyckZLeFJsU1hNUHlrRTMzZz09IiwibWFjIjoiYTlhZWZlMWJhZjUyNTU5ZjRiYzhiODRkNWU3YjgyMjViMzg2Y2VkNjg3OTYwNzU1YTgzOWIyMGJiY2IxZWFiMSIsInRhZyI6IiJ9;Aktif;;[Kegiatan Usaha: -, Kategori: -, KBLI: 47711];;;19/11/2025;;OSS - Perorangan;-6,1759347;106,807715;valid;;;FALSE;FALSE;TRUE;;;invalid;;;;;4
30219522;MUHAMMAD IRFAN;JL. BAKTI;3173080001;31;73;80;1;DKI JAKARTA;JAKARTA PUSAT;GAMBIR;CIDENG;eyJpdiI6IlhwQlFqTjFjY3c2NlRaRTdkRFh2Wnc9PSIsInZhbHVlIjoiSWFFcmNLMmxldllCayt0dkFkNGtXZz09IiwibWFjIjoiMTAxYTBmNWMwNmYzMDI4OGVmYWYxZDMxYzcyMjg5MDk0MmM3NDU4Mjg2NDk3OTE5Zjk5MGRkODcyNWFiNWY5ZCIsInRhZyI6IiJ9;Aktif;;[Kegiatan Usaha: -, Kategori: -, KBLI: 47829];;;30/12/2025;;OSS - Perorangan;-6,1741704;106,806337;valid;;;FALSE;FALSE;TRUE;;;invalid;;;;;4
30243633;MULYADI;JL. KP. BHAKTI NO.28;3173080001;31;73;80;1;DKI JAKARTA;JAKARTA PUSAT;GAMBIR;CIDENG;eyJpdiI6InNBMkd2V1MzeWpmaWZLbTd1Sjc3b3c9PSIsInZhbHVlIjoiREN0eVl4YlZ3Rm5WeHBCbHZGUnJLUT09IiwibWFjIjoiMTdmM2ZiMGFkMTU2NmY4MzJiYTVlZTMwODMzOTAyYTQ0YmIxNDUwODdkZTM3YmQ3ZDVlZTg3NGZmOWM4YTE0ZCIsInRhZyI6IiJ9;Aktif;;[Kegiatan Usaha: -, Kategori: -, KBLI: 56102];;;04/12/2025;;OSS - Perorangan;-6,169546;106,80551;valid;;;FALSE;FALSE;TRUE;;;invalid;;;;;4
30309995;SUPARNI;JL CIKANDE NOMOR 27B;3173080001;31;73;80;1;DKI JAKARTA;JAKARTA PUSAT;GAMBIR;CIDENG;eyJpdiI6Ii9UZjdDL0J0cVpBUVA2RHB4akgzUnc9PSIsInZhbHVlIjoiWmhpNHF6N09LVHp5OVI3K1VTQzlkZz09IiwibWFjIjoiOTJkOGQ0MjBiZmY0YTFhYjc0Zjc0ZDg2ZTY5MDZiMzZkODVlZDI2NTJhNjJkOWExN2E3MjA3NGU1MjVjMDM1NyIsInRhZyI6IiJ9;Aktif;;[Kegiatan Usaha: -, Kategori: -, KBLI: 56102];;;19/11/2025;;OSS - Perorangan;-6,1776762;106,8107638;valid;;;FALSE;FALSE;TRUE;;;invalid;;;;;4
30313941;KURNIATI;JALAN CITARUM NO.23;3173080001;31;73;80;1;DKI JAKARTA;JAKARTA PUSAT;GAMBIR;CIDENG;eyJpdiI6IllIVTVDWXhva1ZibXVFYzZXZUN1OWc9PSIsInZhbHVlIjoiVWJ0WDkrRFVieWtzc2lBS3dzVmxhUT09IiwibWFjIjoiYjkxODVjOTNlOTBmNDVkNmU0MTM0YWY4MTFjOWI2NTAxMWIzZTQxMjZhNGFmY2Y2NGRmOTUyMzJhMTM1ZDQ4ZiIsInRhZyI6IiJ9;Aktif;;[Kegiatan Usaha: -, Kategori: -, KBLI: 56102];;;19/11/2025;;OSS - Perorangan;-6,180723;106,8103749;valid;;;FALSE;FALSE;TRUE;;;invalid;;;;;4
30330667;SAMINEM;JL MOTI DLM II NO 10;3173080001;31;73;80;1;DKI JAKARTA;JAKARTA PUSAT;GAMBIR;CIDENG;eyJpdiI6IlIrN3RPTUhlZElOckJIYVEyeFcrclE9PSIsInZhbHVlIjoiMllMaUkwNlFVam9Ia21NY2FmUnFEZz09IiwibWFjIjoiODYzMzFkNDk4N2FkMmFlOTZjMDU0ZGU4NjgwYTJmNWZjMWJmZGU4MDZmMDA5MWI3ZGI1YjBhY2UwNWZiNDFmMSIsInRhZyI6IiJ9;Aktif;;[Kegiatan Usaha: -, Kategori: -, KBLI: 95291];;;19/11/2025;;OSS - Perorangan;-6,1671027;106,806107;valid;;;FALSE;FALSE;TRUE;;;invalid;;;;;4
30383738;NURLAELA;Jl. Petojo VIY II DALAM 2 NO.22;3173080001;31;73;80;1;DKI JAKARTA;JAKARTA PUSAT;GAMBIR;CIDENG;eyJpdiI6IjB1dnRWMHkrMnRtTVZDTFcrTW81UkE9PSIsInZhbHVlIjoiOGdCS0RNTHQ4a0NLUWtxZFBTTW5pQT09IiwibWFjIjoiZDZiOGVlZTBmNzFiMzFmYTY2YjEwYzc3ZmRhZTgyNGU4NjVhYzM4ZGRjY2VkNDU0YzVhOTZjYjVjNzU1Y2VjNiIsInRhZyI6IiJ9;Aktif;;[Kegiatan Usaha: -, Kategori: -, KBLI: 10792];;;19/11/2025;;OSS - Perorangan;-6,1706927;106,8072359;valid;;;FALSE;FALSE;TRUE;;;invalid;;;;;4
30385267;YULIAWATI;JL CITARUM ATAS;3173080001;31;73;80;1;DKI JAKARTA;JAKARTA PUSAT;GAMBIR;CIDENG;eyJpdiI6IlhhZVZNS3cwZGttMVE0NU0vOGU2SFE9PSIsInZhbHVlIjoiTjhwYStETTdnV2NEM2dCT3pSTVJUQT09IiwibWFjIjoiNGM0NjI1NWZhNWE0Mjg4YWU3NDMxNTc1ZDAyZTJlNDgzNDdjZWJkNWNiNTE5ZGQxMWZjMjRlY2JlYmIyYjQxOCIsInRhZyI6IiJ9;Aktif;;[Kegiatan Usaha: -, Kategori: -, KBLI: 95291];;;19/11/2025;;OSS - Perorangan;-6,1790917;106,8100331;valid;;;FALSE;FALSE;TRUE;;;invalid;;;;;4
30404815;ERNAWATI;JALAN KAYOA DALAM F22;3173080001;31;73;80;1;DKI JAKARTA;JAKARTA PUSAT;GAMBIR;CIDENG;eyJpdiI6Imt5ZmlPaGJXNEdoVzAzLzgvd2V4Rmc9PSIsInZhbHVlIjoia2JsVDRGSE1NRHdQY0VmWFR2K2dGQT09IiwibWFjIjoiZGNjZjU5ZjI3Nzg3NTljNjEzNWFlN2Q2MGJjMTljNjI1YjFiMGY1MDRmZDY5NDk3NWJkN2FmODVkNzJjNjJiZCIsInRhZyI6IiJ9;Aktif;;[Kegiatan Usaha: -, Kategori: -, KBLI: 47711];;;19/11/2025;;OSS - Perorangan;-6,167781;106,8058596;valid;;;FALSE;FALSE;TRUE;;;invalid;;;;;4
30441287;RAHMAYANTI;JL BENGAWAN NO 67;3173080001;31;73;80;1;DKI JAKARTA;JAKARTA PUSAT;GAMBIR;CIDENG;eyJpdiI6ImZ5VmFSeFMzcGk3aFJUVXhNMHpsWmc9PSIsInZhbHVlIjoiWGhrNFk5Wnl1b2lNNGQ2Z0RNaGt5UT09IiwibWFjIjoiOWY0NDFhNjllZDMzOTE5NWIyMTViM2EwM2UyYzRiM2M1OGJlNWRmYjQ0NTY2NzkzMDlkODhlODliZmIyNTU1NSIsInRhZyI6IiJ9;Aktif;;"[Kegiatan Usaha: -, Kategori: -, KBLI: 47742]; [Kegiatan Usaha: -, Kategori: -, KBLI: 47711]";;;19/11/2025;;OSS - Perorangan;-6,1786647;106,8111611;valid;;;FALSE;FALSE;TRUE;;;invalid;;;;;4
30513614;Maryani;Jl. Tanjung Selor;3173080001;31;73;80;1;DKI JAKARTA;JAKARTA PUSAT;GAMBIR;CIDENG;eyJpdiI6InNDS1FZdTY4cWdTdjRTa3k1MTgyckE9PSIsInZhbHVlIjoiS01TQ3R6TkIrQ1VLRVVvM04xWTNDdz09IiwibWFjIjoiZWY2M2U2Mzg5MDUyZTg1MjBlZmIwOTA0YzI3NGI3ODc3ZTAzMTAzMWYyNDkyZDllZGFhNTVhM2NkOTJjNTk4MyIsInRhZyI6IiJ9;Aktif;;[Kegiatan Usaha: -, Kategori: -, KBLI: 10799];;;30/12/2025;;OSS - Perorangan;-6,1701579;106,8040702;valid;;;FALSE;FALSE;TRUE;;;invalid;;;;;4
30520809;KEVIN;JL. MOROTAI NO1-B;3173080001;31;73;80;1;DKI JAKARTA;JAKARTA PUSAT;GAMBIR;CIDENG;eyJpdiI6ImxyZHBncVVSNHFCZkpGUDdDNUJzRXc9PSIsInZhbHVlIjoiczNueHJ5NjRyd3JnRnpHVEROeTVRQT09IiwibWFjIjoiNDlkODEyNzYwYmI1NzQ0MTRiYWY2M2E1MWI0YTU0NzgyYzYxYTBhNGE2NDhhMWM0MDlkNzc2OTY2ZDVkYmQ3ZSIsInRhZyI6IiJ9;Aktif;;[Kegiatan Usaha: -, Kategori: -, KBLI: 10772];;;08/12/2025;;OSS - Perorangan;-6,1689573;106,8054969;valid;;;FALSE;FALSE;TRUE;;;invalid;;;;;4
30529966;SUPARTI;JL. TIDORE DLM II / A2;3173080001;31;73;80;1;DKI JAKARTA;JAKARTA PUSAT;GAMBIR;CIDENG;eyJpdiI6IlBybkVLYjVqaXZPMDZ3dGJyanZyRlE9PSIsInZhbHVlIjoicnk4V3Y5aTM5UzJETmtGRnJwODB3dz09IiwibWFjIjoiMTE2MjdmMDM1MDI1ZWZmMTcyMmI3ZjhlNzFkOTQ1MTZmM2RlMTMyZjNjY2ExZWNlZDdiMzQ5NjdlZGVhYTZlYyIsInRhZyI6IiJ9;Aktif;;[Kegiatan Usaha: -, Kategori: -, KBLI: 56102];;;22/12/2025;;OSS - Perorangan;-6,1666952;106,8071853;valid;;;FALSE;FALSE;TRUE;;;invalid;;;;;4
30547237;HARTINI;L. KAYOA DALAM F30 RT 7 RW 5;3173080001;31;73;80;1;DKI JAKARTA;JAKARTA PUSAT;GAMBIR;CIDENG;eyJpdiI6IlA5eEtudUxPWjMrRnBIcGo3amhsQmc9PSIsInZhbHVlIjoibVJEQnA2VFFaNzFsR1JSdjdCNlNmdz09IiwibWFjIjoiZDNiYzA2NDZkZmE5NDg1OTg5MGIzMTdmZDg0NjBlODIwZGE1NGRjYWMzZjBhMDBlNzc3NTJlNWEzNGU2MGQ3NyIsInRhZyI6IiJ9;Aktif;;[Kegiatan Usaha: -, Kategori: -, KBLI: 47112];;;19/11/2025;;OSS - Perorangan;-6,16777734;106,8057104;valid;;;FALSE;FALSE;TRUE;;;invalid;;;;;4
3057608;TEKNOLOGI SINAR NUSANTARA;Roxy Mas Blok E2 no 35 Jl K.H. Hasyim Ashari 125 Kelurahan Cideng Kecamatan Gambir Kota Jakarta;3173080001;31;73;80;1;DKI JAKARTA;JAKARTA PUSAT;GAMBIR;CIDENG;eyJpdiI6IlYrK2RmdFljQXNDYVJYcENYdXlPdVE9PSIsInZhbHVlIjoiWEpVRXc5RWlDbmZOUEt5MXRYaFYzZz09IiwibWFjIjoiODVjMzg4ZTI2NmI1MjRlODk2YTI2ZDc3NDNkNjEyNTIzNGY0NjdjNTk3NDdkZDhjMDQwNGIzNjQxNDNmNTNlZiIsInRhZyI6IiJ9;Aktif;;"[Kegiatan Usaha: -, Kategori: M, KBLI: 70203]; [Kegiatan Usaha: -, Kategori: -, KBLI: 62019]; [Kegia...";;;17/06/2025;UMKM;Dir Pajak;-6,166433;106,802984;valid;;;FALSE;FALSE;TRUE;;;invalid;;;;;4
3058268;VALEN INDONESIA UTAMA;GD. GRAHA JAYA MULIA LT.I NO.1A, JL. KH. HASYIM ASHARI;3173080001;31;73;80;1;DKI JAKARTA;JAKARTA PUSAT;GAMBIR;CIDENG;eyJpdiI6IjErRGNxTEd1cnhkQjZoMjlzUnUxS2c9PSIsInZhbHVlIjoib01OcnZVSVlLd2k0c3VINjFEcmsrdz09IiwibWFjIjoiYjJkMGFjZTU3ZjQ2MDRmYmM3MmVmYzRhYTRhNmRjMzZkMjcwYjk5MmJjZGQyNGZlYzg2N2YxYzY2NmMxNWZhNSIsInRhZyI6IiJ9;Aktif;;;;;31/12/2025;UMKM;Dir Pajak;-6,165851116;106,8100433;valid;;;FALSE;FALSE;TRUE;;;invalid;;;;;4
30619806;Dwi lestari;Jl Petojo Viy Rt4 Rw14;3173080001;31;73;80;1;DKI JAKARTA;JAKARTA PUSAT;GAMBIR;CIDENG;eyJpdiI6ImJyRnlJZmVyY1ZNYURZSm5IdVRQQ2c9PSIsInZhbHVlIjoiYjJOVWNieHlBTlNyV2JWNVlPWGxOdz09IiwibWFjIjoiY2UxMjE2MGIyZmE5ZjIwNTQ1NzA1NTA4MDJlY2VmZjdiY2YxZjczZjQwNGY0OGI4ZmM1N2IwYmE4N2NmYWZjNiIsInRhZyI6IiJ9;Aktif;;[Kegiatan Usaha: -, Kategori: -, KBLI: 10799];;;19/11/2025;;OSS - Perorangan;;;invalid;;;FALSE;FALSE;TRUE;;;invalid;;;;;4
30700183;SUGIARTO;JL. CIDENG BARAT DALAM 12;3173080001;31;73;80;1;DKI JAKARTA;JAKARTA PUSAT;GAMBIR;CIDENG;eyJpdiI6IlZWMjFPdkJtZ1drR1NIQTFKMlp6bFE9PSIsInZhbHVlIjoiNkxkZUxUa2dQN1JTblpCWGNVWlQvUT09IiwibWFjIjoiOGVlYTNlNDA2MDA1N2NmYmRhZjNlMzlhZWEzZTMyOTU4NzdlNzIxOGIxNjUzMDhkYTI1YTU2MjdjMDMxNTk3NiIsInRhZyI6IiJ9;Aktif;;[Kegiatan Usaha: -, Kategori: -, KBLI: 56102];;;19/11/2025;;OSS - Perorangan;-6,1802481;106,8124239;valid;;;FALSE;FALSE;TRUE;;;invalid;;;;;4
30748775;SUKINAH;JL. TANJUNG SELOR BARAT NO. 16;3173080001;31;73;80;1;DKI JAKARTA;JAKARTA PUSAT;GAMBIR;CIDENG;eyJpdiI6Im9uTEdIMDByMkNPQkVmU0NmUG9zSGc9PSIsInZhbHVlIjoiUXdaOHBGc2RoOUNmelg1K0ZZVkQ4UT09IiwibWFjIjoiZGRhZDMyMDA4OGFjNjJlNjg1OGMzYjk4MjAwYTI0NzVkNjgzMjU2YWMyMDZjNzAzNjAzNzQ0YWU3M2IwNTMxMCIsInRhZyI6IiJ9;Aktif;;[Kegiatan Usaha: -, Kategori: -, KBLI: 47112];;;19/11/2025;;OSS - Perorangan;-6,1729029;106,8091025;valid;;;FALSE;FALSE;TRUE;;;invalid;;;;;4
30817962;INDRA;JL. CIDENG BARAT NO. 4;3173080001;31;73;80;1;DKI JAKARTA;JAKARTA PUSAT;GAMBIR;CIDENG;eyJpdiI6Im1idzV0UGUwOUQ4MkhTN0llZmtyVkE9PSIsInZhbHVlIjoidVVQR3kyMVJWZU9mWXNTR0JqWGR0dz09IiwibWFjIjoiMjdhYzQ4YzU2YjFmNDVkNjUxYzk5MTRkNjgwMGE2YzFkYmM1ZDgxNGM0Y2M0Y2NhZTI2ZTgzZDY3ZTA4NTYwMiIsInRhZyI6IiJ9;Aktif;;[Kegiatan Usaha: -, Kategori: -, KBLI: 10631];;;19/11/2025;;OSS - Perorangan;-6,1675883;106,8103251;valid;;;FALSE;FALSE;TRUE;;;invalid;;;;;4
3082272;BANK MANDIRI (PERSERO);JL CIDENG BARAT;3173080001;31;73;80;1;DKI JAKARTA;JAKARTA PUSAT;GAMBIR;CIDENG;eyJpdiI6ImJaVUgvT3U2cmNkSVF1M0VyWWRLdWc9PSIsInZhbHVlIjoiVWVEbXFxSTJndzFFOEV5ckxFR2t2dz09IiwibWFjIjoiNjQxZjIxMmQxNjM3NjY4MTM0YjBjYTViNmJmN2U0M2VlZjA2ZGQxMzBkYTU2NGM1MWY2Y2Y1NjcyMTllYTkyMiIsInRhZyI6IiJ9;Aktif;;[Kegiatan Usaha: -, Kategori: K, KBLI: 64121];;;26/10/2025;UMKM;Dir Pajak;-6,1727276;106,8111658;valid;;;FALSE;FALSE;TRUE;;;invalid;;;;;4
30825294;SUHARI;KP. BAKTI NO. 14 RT 4 RW 7;3173080001;31;73;80;1;DKI JAKARTA;JAKARTA PUSAT;GAMBIR;CIDENG;eyJpdiI6Ik5HNkc1YkF3ZjJTczdkSnM1dFl5SEE9PSIsInZhbHVlIjoidi91QURYbEt4cTNNSGNlbzFlYXpnZz09IiwibWFjIjoiMWY0NzhjZTgxYmJmN2I3YTFlODRhY2NkZjQwN2I2N2Q5YzAwNTdmMDdkOWZkNTdlMWQxMDliZGE0NTNjYzc5YiIsInRhZyI6IiJ9;Aktif;;[Kegiatan Usaha: -, Kategori: -, KBLI: 56109];;;19/11/2025;;OSS - Perorangan;-6,1673176;106,8058073;valid;;;FALSE;FALSE;TRUE;;;invalid;;;;;4
30835540;ANDRIA;JL BENGAWAN NO 27;3173080001;31;73;80;1;DKI JAKARTA;JAKARTA PUSAT;GAMBIR;CIDENG;eyJpdiI6Im9RZFJsN080VTlLcFpHR1VydXdPclE9PSIsInZhbHVlIjoiMjV1aEh6a0cvQ1BZbG9TSlVRSHBhUT09IiwibWFjIjoiMWY1YTVlNzU2YjI5ZTZlMDQ4MTQxNzUwNjUyYTBlMjI0ZmJiYWYxYmFkNTdhMmQ3Yjg4N2M2MGFkODgzNDA3ZSIsInRhZyI6IiJ9;Aktif;;"[Kegiatan Usaha: -, Kategori: -, KBLI: 10750]; [Kegiatan Usaha: -, Kategori: -, KBLI: 10794]";;;04/12/2025;;OSS - Perorangan;-6,1786034;106,811682;valid;;;FALSE;FALSE;TRUE;;;invalid;;;;;4
30837033;WINARTO;JL. KAYOA DALAM F37;3173080001;31;73;80;1;DKI JAKARTA;JAKARTA PUSAT;GAMBIR;CIDENG;eyJpdiI6ImJwY2ZCaWVBNHZmU1UxSkVOTVZIUnc9PSIsInZhbHVlIjoiOWpPbXplM2xBbFcxWGpxS0U4WE1Xdz09IiwibWFjIjoiNTA0MzI3OTBkODM2OTA0ODdkMDFkN2MyMTMwNzRiODdiNjgzZTkwOWZjZmQxZWEzN2Y3NWUxOWQzYTZhNzc5OSIsInRhZyI6IiJ9;Aktif;;[Kegiatan Usaha: -, Kategori: -, KBLI: 47711];;;19/11/2025;;OSS - Perorangan;-6,167781;106,8058596;valid;;;FALSE;FALSE;TRUE;;;invalid;;;;;4
30842780;SITI SALMIAH ;JL.PETOJO SELATAN XII NO.30E;3173080001;31;73;80;1;DKI JAKARTA;JAKARTA PUSAT;GAMBIR;CIDENG;eyJpdiI6IjhBNkJtRDVjaTBQVkx3YmdRUUtRVEE9PSIsInZhbHVlIjoiVGRRN1ZOWUV0WGF4VGpxMzNmQXR2dz09IiwibWFjIjoiYWU3N2Q1MTgwNjBlYzIwOTY3MjZjYTAwMmUyZGI5NWVkY2E4N2RjMjc2ZGNkYzcxMjY2MTY5Y2Y1ZDA3NTRhZCIsInRhZyI6IiJ9;Aktif;;[Kegiatan Usaha: -, Kategori: -, KBLI: 47112];;;19/11/2025;;OSS - Perorangan;-6,1672266;106,8089831;valid;;;FALSE;FALSE;TRUE;;;invalid;;;;;4
30855032;SITI HASANAH;JL. TIDORE 28 RT 10 RW 5;3173080001;31;73;80;1;DKI JAKARTA;JAKARTA PUSAT;GAMBIR;CIDENG;eyJpdiI6InVIVFAyZElHNU1QcUJ3UlJnLzlhTlE9PSIsInZhbHVlIjoiQ1VmSlFnVUJCaDdiTWdhRTlQRXltZz09IiwibWFjIjoiOGVhZmJkYjM4ZGIwYWQ5YzBiNDRhNjg2NDdhNzlkMjgxMWJiNzZhNDQ1NmNhNDRhOGNmMDNlODY2N2QxYThjMyIsInRhZyI6IiJ9;Aktif;;[Kegiatan Usaha: -, Kategori: -, KBLI: 47112];;;19/11/2025;;OSS - Perorangan;-6,166789252;106,8053272;valid;;;FALSE;FALSE;TRUE;;;invalid;;;;;4
3090222;MANDIRI SUKSES SEJATI;ITC ROXY MAS LANTAI DASAR NO.7, JL.KH. HASYIM ASHARI;3173080001;31;73;80;1;DKI JAKARTA;JAKARTA PUSAT;GAMBIR;CIDENG;eyJpdiI6Inh3RmI2Wm5DNGxWMTBYRkhiVCsrQ0E9PSIsInZhbHVlIjoiYmptMlAyYUtiNFl6clBqa241RnBEdz09IiwibWFjIjoiNWRkZTk1ZDJiYjUyNDYxNDVhNTA4ZTBjOTA0NzVhMzQ5Zjg5ZTA0YTE0MDQ0MGYwMTU1ZTNiZjA3ZjIxYWI4OCIsInRhZyI6IiJ9;Aktif;;;;;31/12/2025;UMKM;Dir Pajak;-6,1669146;106,8034375;valid;;;FALSE;FALSE;TRUE;;;invalid;;;;;4
30950071;MARSILAH;JL CIDENG BARAT DALAM NO. 12;3173080001;31;73;80;1;DKI JAKARTA;JAKARTA PUSAT;GAMBIR;CIDENG;eyJpdiI6IjNhMG9WeWhCQk9xMlN2eU92VlRYREE9PSIsInZhbHVlIjoiWXhZaTYyemQ2Ry9vZzhPbnZaTEFYdz09IiwibWFjIjoiYjk0MWUwMjVjMmE3NTg5ZjczYTRjMTc5ZjliZDBhMGRlYzk1NmFiODk4MzUxNGY2NWYxMjI4ZTcyNmUxMDU1NiIsInRhZyI6IiJ9;Aktif;;"[Kegiatan Usaha: -, Kategori: -, KBLI: 47112]; [Kegiatan Usaha: -, Kategori: -, KBLI: 56102]";;;08/12/2025;;OSS - Perorangan;-6,1810923;106,8121479;valid;;;FALSE;FALSE;TRUE;;;invalid;;;;;4
30970639;SITI FATIMAH;JL. PETOJO VIY VII NO.2 RT. 002 RW. 006;3173080001;31;73;80;1;DKI JAKARTA;JAKARTA PUSAT;GAMBIR;CIDENG;eyJpdiI6IjdjYlVNVzNjQWJYeGVxYTJlZFFwTEE9PSIsInZhbHVlIjoiVlhkTzNxdWVOeTBxN00rOUVRdDZOQT09IiwibWFjIjoiYzg4MWZlZWM0ODE5ZWUwMDkwMTg1ODRlZjVjNTNkZDAwYmRhN2RlMzQxZWRkYjExMjYxZWJhYTM0ZTY0OWNmZiIsInRhZyI6IiJ9;Aktif;;;;;31/12/2025;;OSS - Perorangan;-6,172477109;106,807647;valid;;;FALSE;FALSE;TRUE;;;invalid;;;;;4
30970900;BENNY;JL. PETOJO VIY V NO. 19-A;3173080001;31;73;80;1;DKI JAKARTA;JAKARTA PUSAT;GAMBIR;CIDENG;eyJpdiI6IkVCTldzUUs0WjNsdlZJTzFmZk1xZlE9PSIsInZhbHVlIjoiWktaTEwwNFYyelpnUGxuWXczd2FyQT09IiwibWFjIjoiMjg2ODg0MTJiYzdhNGYwMjJlMTNjODNhMmJjYTlmNDFkZjUxYWM4YWQ0YzBjMjVmMjk0M2M1ZmYyNDg3YWIzNyIsInRhZyI6IiJ9;Aktif;;[Kegiatan Usaha: -, Kategori: -, KBLI: 47112];;;08/12/2025;;OSS - Perorangan;-6,1716808;106,8092883;valid;;;FALSE;FALSE;TRUE;;;invalid;;;;;4
30978661;TRIYANA;JL. CIDENG BARAT DALAM 18;3173080001;31;73;80;1;DKI JAKARTA;JAKARTA PUSAT;GAMBIR;CIDENG;eyJpdiI6InhLdkx6aWdOV0xsMkIzUFoxQStqaWc9PSIsInZhbHVlIjoiODREcnNWS3NqSHJmVTQ2eEFEdEJ0UT09IiwibWFjIjoiNjEyOTU4NDcxOTAxNmQ4NGRhZjNhNWI3ZDIzNGNlM2MxMjBiYWZhYmI3MDFkMWIwNDlhYWYyODFmMTg0NjIwNCIsInRhZyI6IiJ9;Aktif;;[Kegiatan Usaha: -, Kategori: -, KBLI: 47112];;;19/11/2025;;OSS - Perorangan;;;invalid;;;FALSE;FALSE;TRUE;;;invalid;;;;;4
31004958;SULIANA;JL. SANGIHE DLM C/48, RT.006 RW.004;3173080001;31;73;80;1;DKI JAKARTA;JAKARTA PUSAT;GAMBIR;CIDENG;eyJpdiI6IjJGNFpSR2NkaHh5c01RbEsxTm9HcHc9PSIsInZhbHVlIjoiQVA3dXIrOFZSazkzQnJXNnFMVGZydz09IiwibWFjIjoiZjU2Njc5Mzg1OWE5ZTA3NGM2ZTI4MTFiZTExNWNlMjZkMDkwNjhhZmFlOTIwN2E5MzMzNDM0NDE2MWU0Nzk2NCIsInRhZyI6IiJ9;Aktif;;[Kegiatan Usaha: -, Kategori: -, KBLI: 47242];;;19/11/2025;;OSS - Perorangan;-6,169506009;106,8099446;valid;;;FALSE;FALSE;TRUE;;;invalid;;;;;4
31209894;MARYATI;JL. BANJARMASIN TT NO 15;3173080001;31;73;80;1;DKI JAKARTA;JAKARTA PUSAT;GAMBIR;CIDENG;eyJpdiI6IkxTdm9YcWsxekxhWlhYaW4wUXpQUGc9PSIsInZhbHVlIjoidTk5bGZKemJrVDB5Z0ZVamQ4ZDlwdz09IiwibWFjIjoiN2E5NmNjYzI1N2EzYWRjMjVjYzc1YTUwNjMzNjBmZTY2MTA0MmFkNDdjOWJjMjlhM2UyMDA3ZWU0ZGY2ZDdkOSIsInRhZyI6IiJ9;Aktif;;[Kegiatan Usaha: -, Kategori: -, KBLI: 49423];;;20/11/2025;;OSS - Perorangan;-6,1708267;106,8051401;valid;;;FALSE;FALSE;TRUE;;;invalid;;;;;4
31277657;WINARNI;Jl. Cideng barat dalam 12;3173080001;31;73;80;1;DKI JAKARTA;JAKARTA PUSAT;GAMBIR;CIDENG;eyJpdiI6IkZOMU5zTWsrOXpEbkJIV29ORlhWWXc9PSIsInZhbHVlIjoiKzZ4UmdoSzdUdlVReXZDTmR3U0VoUT09IiwibWFjIjoiZDFjYjg0MDY5ODc3MDJhMDQ3NzdmNjUyMzA2Y2JlNDRiZGMyYTIyNjUzYjEwZWRkZGE0NGQ1Y2Y1N2NkYzE5NCIsInRhZyI6IiJ9;Aktif;;[Kegiatan Usaha: -, Kategori: -, KBLI: 56103];;;20/11/2025;;OSS - Perorangan;-6,1802481;106,8124239;valid;;;FALSE;FALSE;TRUE;;;invalid;;;;;4
31302762;AHMAD FAUZAN;JL. KAMPUNG BAKTI NO. 9 RT 003 RW 007;3173080001;31;73;80;1;DKI JAKARTA;JAKARTA PUSAT;GAMBIR;CIDENG;eyJpdiI6InYyK3d3RVkySzZ6cjZGaDgwT3BVeHc9PSIsInZhbHVlIjoieERCZG0wRit3cmFWSkRhbmpDUHBndz09IiwibWFjIjoiMzU1M2QwYjY5NWU3YTc3ZWZmOWM5NWU1NmYxOTVlYmJlMDg0Mzk1NjIxOTI0MTk1MzZjNWQwN2UyYjI1YWY5OSIsInRhZyI6IiJ9;Aktif;;[Kegiatan Usaha: -, Kategori: -, KBLI: 55900];;;20/11/2025;;OSS - Perorangan;-6,167624562;106,8018068;valid;;;FALSE;FALSE;TRUE;;;invalid;;;;;4
3133012;FILM LINE NAYFOSINDO;JL. TERNATE NO. 19, CIDENG;3173080001;31;73;80;1;DKI JAKARTA;JAKARTA PUSAT;GAMBIR;CIDENG;eyJpdiI6InJIT1BvdkdqUElVdFpDVWpxaVdOZVE9PSIsInZhbHVlIjoiczlyZFBrQ09pYmFzOUVXaGhmeEJvZz09IiwibWFjIjoiMTJjNThjYzE4ZmU2ZjlkYzc3Y2Q2ZjU5MGY1NmFmODYyZWM1NzRmZWRjZTBlZTU5YTJmMjI5ZjVjODQyMzAwMyIsInRhZyI6IiJ9;Aktif;;;;;31/12/2025;UMKM;Dir Pajak;-6,169588089;106,8065567;valid;;;FALSE;FALSE;TRUE;;;invalid;;;;;4
31346228;KRISTIAN WAHYUDI;JL. SANGIHE DALAM BLOK B NO 21;3173080001;31;73;80;1;DKI JAKARTA;JAKARTA PUSAT;GAMBIR;CIDENG;eyJpdiI6IlFFdGxvSnRGM2JpSHUwbEtyWWd2bVE9PSIsInZhbHVlIjoiTkRYWCtLbXl5aGFnRHliN3hxMVZ0dz09IiwibWFjIjoiNmUxM2IzYzEyZmI4YzVjZThjNGU4MWI3YmY4OTM3NGM1YWMxOTk2Mjk1MmI3ZWU3YmVkZjI2YTBjMmY4OWQ0YSIsInRhZyI6IiJ9;Aktif;;[Kegiatan Usaha: -, Kategori: -, KBLI: 18120];;;20/11/2025;;OSS - Perorangan;-6,1695691;106,8101177;valid;;;FALSE;FALSE;TRUE;;;invalid;;;;;4
31371772;YATI;JL. KP BAKTI;3173080001;31;73;80;1;DKI JAKARTA;JAKARTA PUSAT;GAMBIR;CIDENG;eyJpdiI6IkVqcG5kcTllMEVrRXJsc0hvcXlaeWc9PSIsInZhbHVlIjoiVDZCT09OWnlFa05FZFFoaXFEc2o4Zz09IiwibWFjIjoiZGNiMDUyZDA2MjM1MzZmNDhmZWNmMzU0N2RjZDE5MmNhZTY5NDgzNTVkNDUxODA4NDJjOTg2MzcwNmU1OTBlYiIsInRhZyI6IiJ9;Aktif;;[Kegiatan Usaha: -, Kategori: -, KBLI: 55900];;;20/11/2025;;OSS - Perorangan;-6,1799932;106,8108442;valid;;;FALSE;FALSE;TRUE;;;invalid;;;;;4
31437342;MARTIANI TAMBUNAN;JL KP BAKTI V NO 14 ;3173080001;31;73;80;1;DKI JAKARTA;JAKARTA PUSAT;GAMBIR;CIDENG;eyJpdiI6InBiMFd1TnBiYy8wbkpVallkazBOZmc9PSIsInZhbHVlIjoiNE03VElsZHVraW1vRVZLeWJWTFlWZz09IiwibWFjIjoiZDFiMDdmN2Q0MjRkZTdlYzI1ZGVjZTZmNjZhMDdhZDI2OGQyMzI4ODM4MGRiOGZhNmM3MDk4OTgwMjcyMmU0YyIsInRhZyI6IiJ9;Aktif;;[Kegiatan Usaha: -, Kategori: -, KBLI: 63111];;;20/11/2025;;OSS - Perorangan;;;invalid;;;FALSE;FALSE;TRUE;;;invalid;;;;;4
31442692;MAULANI;JL.CIDENG BARAT 93;3173080001;31;73;80;1;DKI JAKARTA;JAKARTA PUSAT;GAMBIR;CIDENG;eyJpdiI6IkhlUTJsL0RibXFOVVNNRU5FUEI4QVE9PSIsInZhbHVlIjoiVnVnSlVZTnpoZDFyYStaM1BHZEYwdz09IiwibWFjIjoiZjk3ZDM2ZWI4NTgxODUyMDcwNDhlOTE5OTlmMmQ2M2MxNzI2MGUzNDIzZTk1MWNkMTI1Y2Q4ZjUxNTFlMDhhMyIsInRhZyI6IiJ9;Aktif;;[Kegiatan Usaha: -, Kategori: -, KBLI: 01619];;;04/12/2025;;OSS - Perorangan;-6,1794415;106,8122493;valid;;;FALSE;FALSE;TRUE;;;invalid;;;;;4
31456554;SITI ROCHANI;JL PETOJO SELATAN XIII;3173080001;31;73;80;1;DKI JAKARTA;JAKARTA PUSAT;GAMBIR;CIDENG;eyJpdiI6ImMwbnk0ejNjNnFvL1V3L0JSRW81WkE9PSIsInZhbHVlIjoiTDBOVFMzNFhqbFFVaDQ4ZEZJL09FZz09IiwibWFjIjoiZTQwZWQ1ZjliYThkYWU4OTFjZmFlMzM0YTA5YjFkMGJlZTdiODkwZjA2YzRmYTZlY2VlNTZmZTNhMWMwYmQyMyIsInRhZyI6IiJ9;Aktif;;[Kegiatan Usaha: -, Kategori: -, KBLI: 14120];;;04/12/2025;;OSS - Perorangan;-6,1666026;106,8089121;valid;;;FALSE;FALSE;TRUE;;;invalid;;;;;4
31481476;WARTINI;JL. TANJUNG SELOR NO.8;3173080001;31;73;80;1;DKI JAKARTA;JAKARTA PUSAT;GAMBIR;CIDENG;eyJpdiI6IlFNWE1oV1FTMFNtWEJqV2Z2ZFNvK3c9PSIsInZhbHVlIjoiTk5XNWszZlQzRzdaYlVJRDV4dUxxdz09IiwibWFjIjoiNDFhNzdkZjI2MjQxOTgzOTNmMjYyZTkxMjhhOTgwNDY1ZjUzZmViNjY4ZjA3N2ZmMGI5OGMyNDYwNWJlMDFmNyIsInRhZyI6IiJ9;Aktif;;[Kegiatan Usaha: -, Kategori: -, KBLI: 47192];;;08/12/2025;;OSS - Perorangan;-6,1713694;106,8050586;valid;;;FALSE;FALSE;TRUE;;;invalid;;;;;4
31497492;DINNA RESDIANA ;JL.CIDENG BARAT DALAM 12;3173080001;31;73;80;1;DKI JAKARTA;JAKARTA PUSAT;GAMBIR;CIDENG;eyJpdiI6InQ2S2FSYnFDTHRRbHZzeXROSWZ6bmc9PSIsInZhbHVlIjoiYlVZdmhUazEyVTZQakFzU09SSThIZz09IiwibWFjIjoiYmRmYzQ1NTlmY2JkMWU3ZDBiNWVjYzRjOGUzMmYwNGRhMDYzMThkMzBlYzNhODk1ZWY4NGZhOGJiNWQ5ODVjZiIsInRhZyI6IiJ9;Aktif;;[Kegiatan Usaha: -, Kategori: -, KBLI: 10750];;;08/12/2025;;OSS - Perorangan;-6,1802481;106,8124239;valid;;;FALSE;FALSE;TRUE;;;invalid;;;;;4
31563541;NIKE EFENDI;JALAN CILEUNGSIR NO 10;3173080001;31;73;80;1;DKI JAKARTA;JAKARTA PUSAT;GAMBIR;CIDENG;eyJpdiI6IjhMK1hoQXhCNVg1TGJxYm5kTkR4RkE9PSIsInZhbHVlIjoiL0ZicGJEdkRSQkpUOHZoVmxJNEw3dz09IiwibWFjIjoiOTZmMGUwMzQ3MzhjNzBhN2RiZjA3YTNmZDI0YTk5YWZjMzc1NWZmNDk5ODI0OWI0OWM3NjI1YTg3N2JiNjI2MSIsInRhZyI6IiJ9;Aktif;;[Kegiatan Usaha: -, Kategori: -, KBLI: 46412];;;20/11/2025;;OSS - Perorangan;-6,1778707;106,8108666;valid;;;FALSE;FALSE;TRUE;;;invalid;;;;;4
31566343;SURYOTO;KAMPUNG BAKTI RT. 005 RW. 007;3173080001;31;73;80;1;DKI JAKARTA;JAKARTA PUSAT;GAMBIR;CIDENG;eyJpdiI6Ilg5aWxlSVRvTnpWczlnaTF2V0g5dWc9PSIsInZhbHVlIjoidVJHeWFUUTVYZDlyUDZhSkZkU0RqZz09IiwibWFjIjoiOTQ3YTJlOTNhOGI5ZjY1M2ZhOWY1MWU3MGJjNzI1MGZiYTczZDQyNjAyNTIzZGMyYWM3ZGVjZTRjZjdlM2VhYyIsInRhZyI6IiJ9;Aktif;;[Kegiatan Usaha: -, Kategori: -, KBLI: 47249];;;20/11/2025;;OSS - Perorangan;-6,16853921;106,8025544;valid;;;FALSE;FALSE;TRUE;;;invalid;;;;;4
31592910;HARTATI;JALAN TANJUNG SELOR NO. 14, RT. 008 RW. 007;3173080001;31;73;80;1;DKI JAKARTA;JAKARTA PUSAT;GAMBIR;CIDENG;eyJpdiI6Ikszays3VVRXMkhFdDk2K1Vta2tqaXc9PSIsInZhbHVlIjoiZHFJWFdPRTEzaE4vOS9mOGdKVFAzdz09IiwibWFjIjoiYzE3ZmE1MzJkMzlhZjRmZjY3MDM3ODA1OGIwNDRmNGQ0NWMzYTkyNjE2YjMwOGVlYTQwZTJjY2JmYjJkMjY0NCIsInRhZyI6IiJ9;Aktif;;[Kegiatan Usaha: -, Kategori: -, KBLI: 47112];;;20/11/2025;;OSS - Perorangan;-6,1697222;106,8034941;valid;;;FALSE;FALSE;TRUE;;;invalid;;;;;4
31594077;MUHAMAD TAUFIK;JALAN TANJUNG SELOR NO.3 RT.009 RW.007;3173080001;31;73;80;1;DKI JAKARTA;JAKARTA PUSAT;GAMBIR;CIDENG;eyJpdiI6Ikd5dGhwbXkzbU9ncDlCbmlTSnVBMVE9PSIsInZhbHVlIjoiZ2dMZVJlRFhzQXROekNlYmc3b2NEUT09IiwibWFjIjoiZGFhNTgzZWQxNDFkMGNiNjFjOTAzYTRjYjUzMjAxZDkyYmQ1YmM4MjM1NDZlODczNjIxMWRiYWM1YjhmNzRmOCIsInRhZyI6IiJ9;Aktif;;[Kegiatan Usaha: -, Kategori: -, KBLI: 45407];;;20/11/2025;;OSS - Perorangan;-6,1720373;106,8054728;valid;;;FALSE;FALSE;TRUE;;;invalid;;;;;4
31599027;TRI WAHYUNI;JL PULO PIUN I NO 6A;3173080001;31;73;80;1;DKI JAKARTA;JAKARTA PUSAT;GAMBIR;CIDENG;eyJpdiI6Ik1jdWQxUDVKTVlUWGlXNmxaekkzcnc9PSIsInZhbHVlIjoiSk1uOGhrK01PNDczaWxXRWtlZE4xUT09IiwibWFjIjoiM2M2YjJkNDY3YjJiNzU3MGIzYjNjNmE2NWMxNDhkOWQ2MGNhMmFkMzllMDA0Y2VhOGNkYzgyNTI3YzkyNmExNSIsInRhZyI6IiJ9;Aktif;;[Kegiatan Usaha: -, Kategori: -, KBLI: 14120];;;15/12/2025;;OSS - Perorangan;-6,169347;106,807015;valid;;;FALSE;FALSE;TRUE;;;invalid;;;;;4
31630538;SRI WAHYUNI;JL PETOJO VIY 2 DALAM;3173080001;31;73;80;1;DKI JAKARTA;JAKARTA PUSAT;GAMBIR;CIDENG;eyJpdiI6IkF2amg1aXFoMVhZUVNNekxocm5pTEE9PSIsInZhbHVlIjoiaFdWTnZaOHZ6c3c2V1dLV3RtcVZpUT09IiwibWFjIjoiMDRiMzg4MGY0NDZiZDk0NzY1YTdmOGNkMTM2MWU4MmY3ZDg3MDkwZGZmYzBkNWI4Njc5NjNkZjk5ZmM0N2U1NyIsInRhZyI6IiJ9;Aktif;;[Kegiatan Usaha: -, Kategori: -, KBLI: 47919];;;20/11/2025;;OSS - Perorangan;-6,1701546;106,8068682;valid;;;FALSE;FALSE;TRUE;;;invalid;;;;;4
31655756;DONNY WIDJAYA;JL. ROKAN NO 19;3173080001;31;73;80;1;DKI JAKARTA;JAKARTA PUSAT;GAMBIR;CIDENG;eyJpdiI6Ink3TzFNT3lLS1d0VWxNUWFIaXNNemc9PSIsInZhbHVlIjoiWnUrZ2ZNbFJ0ZDF6Y2dNeGloSS9BQT09IiwibWFjIjoiZTE5YWY3MDUzNGQwZGE0NmEyYzRiNGVmMmY3YzdjMDI4MzdmNTc4NTY2MzNkMGM1MzllZDZjNjM3Yjc5MTg0ZCIsInRhZyI6IiJ9;Aktif;;[Kegiatan Usaha: -, Kategori: -, KBLI: 47743];;;20/11/2025;;OSS - Perorangan;-6,1746253;106,8075915;valid;;;FALSE;FALSE;TRUE;;;invalid;;;;;4
31740559;Siti aisyah;Jl Cideng;3173080001;31;73;80;1;DKI JAKARTA;JAKARTA PUSAT;GAMBIR;CIDENG;eyJpdiI6IklsL2pLZ1RUNG1KVWFxbHZ5ZHJ1Z1E9PSIsInZhbHVlIjoiOVEvdEhPcTEzcVM5M1dZc3RjTXBQZz09IiwibWFjIjoiMjVjODMwNjM3ZmNjODNlZGNmYzk0Yjg0ZjgwYTYxNTA5OWU5N2NhNTEwMTkyYmE2YzZmNjM0NmEyYTU1ZDEwOCIsInRhZyI6IiJ9;Aktif;;[Kegiatan Usaha: -, Kategori: -, KBLI: 10799];;;30/12/2025;;OSS - Perorangan;-6,1750769;106,8116866;valid;;;FALSE;FALSE;TRUE;;;invalid;;;;;4
31763273;RACHMAWATY;JL. PETOJO VIY V NO 16D;3173080001;31;73;80;1;DKI JAKARTA;JAKARTA PUSAT;GAMBIR;CIDENG;eyJpdiI6ImxsWTA2Zm5GSnpzZEVzVFBFamtWYXc9PSIsInZhbHVlIjoiWW9sNW9TVTdBSWs2RGw2K2Znd2VZUT09IiwibWFjIjoiNTM0YWU4M2UzMzhhYmFhOGEzNjFlMjQyMjc4ZWRkYTcwOWVkYzk4NjE4NmMzNGM3MTEwZWU5MmUwODI5NWY3MCIsInRhZyI6IiJ9;Aktif;;"[Kegiatan Usaha: -, Kategori: -, KBLI: 81210]; [Kegiatan Usaha: -, Kategori: -, KBLI: 96990]; [Kegia...";;;20/11/2025;;OSS - Perorangan;-6,172619;106,8077128;valid;;;FALSE;FALSE;TRUE;;;invalid;;;;;4
31890473;YULIANA;JL. PETOJO VIY IV NO.12-A;3173080001;31;73;80;1;DKI JAKARTA;JAKARTA PUSAT;GAMBIR;CIDENG;eyJpdiI6IkUyZ1JuMUk0ZFhwUU9uZEFoOE1tY0E9PSIsInZhbHVlIjoiclVjUXo3eW1OeWJYTFZ4VTFoekh6dz09IiwibWFjIjoiY2RlYzAxY2VhOTA3MGMxODllOTliNzdhZjhjNWFmMTYzNGNkZmIyNGNlOTU3OGQzOWZjMGYyZmVhODI2MzBjMCIsInRhZyI6IiJ9;Aktif;;"[Kegiatan Usaha: -, Kategori: -, KBLI: 10792]; [Kegiatan Usaha: -, Kategori: -, KBLI: 11090]; [Kegia...";;;30/12/2025;;OSS - Perorangan;-6,171933;106,807012;valid;;;FALSE;FALSE;TRUE;;;invalid;;;;;4
31891637;SINTA MARYANA;JLN. TANJUNG SELOR NO. 19;3173080001;31;73;80;1;DKI JAKARTA;JAKARTA PUSAT;GAMBIR;CIDENG;eyJpdiI6IjV5dEpsbVFmM3Vhb0F2ZTB3QWorOGc9PSIsInZhbHVlIjoiK0p4bWRWNkI3WkRGTSs3Nzc1QmFvUT09IiwibWFjIjoiYTM4NjdiYWZjMWE4ODg5ZThmYzBiYjgzM2JmMmE2MzI3M2VkNzI0ODU1OTE5MDhiZWEzZDQ4MmEzNzU3MWIyNSIsInRhZyI6IiJ9;Aktif;;"[Kegiatan Usaha: -, Kategori: -, KBLI: 10792]; [Kegiatan Usaha: -, Kategori: -, KBLI: 96990]";;;04/12/2025;;OSS - Perorangan;-6,1708644;106,8042759;valid;;;FALSE;FALSE;TRUE;;;invalid;;;;;4
3190937;BANK MANDIRI (PERSERO);JL KH.HASHIM ASHARI NIAGA ROXY MAS;3173080001;31;73;80;1;DKI JAKARTA;JAKARTA PUSAT;GAMBIR;CIDENG;eyJpdiI6IlRkdlNoTkJFSTc4ckJsY2xaOWl1UUE9PSIsInZhbHVlIjoibmEyOVYyS2RWVUxWUkVYR2ppVVQ5Zz09IiwibWFjIjoiZTE1Y2Y1NWYzYTFiNTE1NjZmNTk4ZWNhODgwOGNlZTc5NjMzZWIwMjlkZmI1NzFiMzEwODRlNWRkYjhmZGVlMiIsInRhZyI6IiJ9;Aktif;;[Kegiatan Usaha: -, Kategori: K, KBLI: 64121];;;26/10/2025;UMKM;Dir Pajak;-6,1661829;106,805083;valid;;;FALSE;FALSE;TRUE;;;invalid;;;;;4
31921055;SRI MULYANI;JL. KAYOA DLM 33 F;3173080001;31;73;80;1;DKI JAKARTA;JAKARTA PUSAT;GAMBIR;CIDENG;eyJpdiI6ImVrMGRPUU0xSTQyOGJYcmx5cEhDUmc9PSIsInZhbHVlIjoiQTJVZHhiV05tTGhGOXJoV1luV041QT09IiwibWFjIjoiNWNiN2RkNDFiNjc1NWZkOWM0OTIxZDQ4MWY0MTVmYzlhYTkzMzRmMDZhNDJjODk3Y2E4MTdjMTEyNzllNjBlNSIsInRhZyI6IiJ9;Aktif;;[Kegiatan Usaha: -, Kategori: -, KBLI: 13912];;;20/11/2025;;OSS - Perorangan;-6,1678436;106,8056004;valid;;;FALSE;FALSE;TRUE;;;invalid;;;;;4
31961125;SUMARNA;JL TANJUNG SELOR BARAT NO 33 RT 010 RW 07;3173080001;31;73;80;1;DKI JAKARTA;JAKARTA PUSAT;GAMBIR;CIDENG;eyJpdiI6InZYTlFvd29xaEtQNUhnU2NZUUNxVUE9PSIsInZhbHVlIjoiVm1HQTFCcERlTFV4czVXYlNOaUJCZz09IiwibWFjIjoiZWVlODdkNTM5YmExYWZhYmYzY2NhMDhkNzhlYjVmMDc0YWYxZTVlZWViM2QyZmQ4MDNjYTg0MzA4MDljZGQ0MiIsInRhZyI6IiJ9;Aktif;;"[Kegiatan Usaha: -, Kategori: -, KBLI: 81210]; [Kegiatan Usaha: -, Kategori: -, KBLI: 96990]";;;20/11/2025;;OSS - Perorangan;-6,1798958;106,8107642;valid;;;FALSE;FALSE;TRUE;;;invalid;;;;;4
31969504;Iwan;Jl.Citarum Atas RT.017 RW.001 No.16;3173080001;31;73;80;1;DKI JAKARTA;JAKARTA PUSAT;GAMBIR;CIDENG;eyJpdiI6IkM5SE5kaEk5aWs5bzF5Y1d0cUQ4eWc9PSIsInZhbHVlIjoiNFQ1Q3BRdmQwMm8yOC9NTjZUWlZTZz09IiwibWFjIjoiNjhlNDk1OWRmYjhjNTYyZjM0MzIzYzNjMzJkNTk5Njk0NWQ5YTE3OWJkNmIxMjc5MTc3ZTRiMDEyZTQzZDRhYyIsInRhZyI6IiJ9;Aktif;;[Kegiatan Usaha: -, Kategori: -, KBLI: 96990];;;20/11/2025;;OSS - Perorangan;-6,177895;106,809771;valid;;;FALSE;FALSE;TRUE;;;invalid;;;;;4
32013478;Mulyana;Jl Kayoa Dalam No 21f Rt007 Rw005;3173080001;31;73;80;1;DKI JAKARTA;JAKARTA PUSAT;GAMBIR;CIDENG;eyJpdiI6ImNvUk5GUUQwdmpRTndGVkRsMjdZTmc9PSIsInZhbHVlIjoiSk1keFFmV0VialB1bkl3NFFvbzlDQT09IiwibWFjIjoiZTNjN2NmZjJmZmM4Yjg3NGJhNGUzNDg0NWViNzUxNzYzMGE2ZmI2ZGFiNmEwMzBkMThjYWIxNGQwZDUwYmMwZCIsInRhZyI6IiJ9;Aktif;;"[Kegiatan Usaha: -, Kategori: -, KBLI: 81100]; [Kegiatan Usaha: -, Kategori: -, KBLI: 96990]";;;20/11/2025;;OSS - Perorangan;-6,16777734;106,8057104;valid;;;FALSE;FALSE;TRUE;;;invalid;;;;;4
3201393;VENETA  NUSANTARA;KOMPLEK TAMAN DUTA MAS RAYA BLOK D8;3173080001;31;73;80;1;DKI JAKARTA;JAKARTA PUSAT;GAMBIR;CIDENG;eyJpdiI6InJBSFFmSnpPOHVDQldDc3pscDdZUnc9PSIsInZhbHVlIjoiQk5YMU1FeGVmWk9JcWJYNFkwRGZOdz09IiwibWFjIjoiYmFkMzQ3NjdjNmU1MWYzMWZhZjI1MjkyY2FkYWQ0NGQ4ZDU1Yjc2Yjc2MWE5NGVkZjNkNGY4OTE1MDRlMDNlNCIsInRhZyI6IiJ9;Aktif;;[Kegiatan Usaha: -, Kategori: G, KBLI: 46900];;;26/10/2025;UMKM;Dir Pajak;-6,16693;106,8080885;valid;;;FALSE;FALSE;TRUE;;;invalid;;;;;4
32041618;SULASMI;JALAN PETOJO VIY II DALAM NO.3;3173080001;31;73;80;1;DKI JAKARTA;JAKARTA PUSAT;GAMBIR;CIDENG;eyJpdiI6InhLdjQ4MFNsb0UvNVozWnJ0WXJlaUE9PSIsInZhbHVlIjoiZ2plRGc0Q3RWSTVkWG9SK0V1Z1h1QT09IiwibWFjIjoiYmJjYzliM2JiZmI1ZWVmMjIwNDA3NjAxNDU3ZjAxMDhkNmQ1YzljMDcyNWE0NjZhZGUzYzQzN2RjMjJmOTU3ZiIsInRhZyI6IiJ9;Aktif;;[Kegiatan Usaha: -, Kategori: -, KBLI: 56304];;;08/12/2025;;OSS - Perorangan;-6,1706927;106,8072359;valid;;;FALSE;FALSE;TRUE;;;invalid;;;;;4
32094701;SITI ROHAJAH;JL. PULO PIUN IV / 1;3173080001;31;73;80;1;DKI JAKARTA;JAKARTA PUSAT;GAMBIR;CIDENG;eyJpdiI6Ik0wNFMyLzBTNUhSemJWQWl5ZHVrZGc9PSIsInZhbHVlIjoiQzNqS0ljMk4za2E4UGgwaDY0RUhCdz09IiwibWFjIjoiNzQyODAyYzQ3ZjBjMmU3MWFmYzFjY2Y0MjY5NTA1MTUwNGRhODFiNjdhYTVhYWUyYmUyMDA2OWIwZTczNTI1YiIsInRhZyI6IiJ9;Aktif;;[Kegiatan Usaha: -, Kategori: -, KBLI: 56102];;;08/12/2025;;OSS - Perorangan;-6,1696581;106,8089811;valid;;;FALSE;FALSE;TRUE;;;invalid;;;;;4
32137873;Nuryani;Jl Moti Dalam I/17 D Rt.008/rw.005;3173080001;31;73;80;1;DKI JAKARTA;JAKARTA PUSAT;GAMBIR;CIDENG;eyJpdiI6ImVFUEVJbmU1RVZLNTJtWGNIc0JNZ2c9PSIsInZhbHVlIjoidjJrR1U5aTY3ZFdqbTlrRXg5Z2JQUT09IiwibWFjIjoiNjM4MTM4ZmRkNWIxYjMyYzA5NmIyODkyOWEzM2VmMzAzZjYyNTcwYTZhOGFiNWVhNDRkNTc3MzliNmE0MTdmNCIsInRhZyI6IiJ9;Aktif;;;;;31/12/2025;;OSS - Perorangan;-6,167342198;106,8057447;valid;;;FALSE;FALSE;TRUE;;;invalid;;;;;4
32138087;Nurhayati;Jl. Belawan;3173080001;31;73;80;1;DKI JAKARTA;JAKARTA PUSAT;GAMBIR;CIDENG;eyJpdiI6IjROUlZ3MmYzOVB2OFE1d09vTWJ0bnc9PSIsInZhbHVlIjoiNlpBVjhnWlpkYi96VkRYb0o5dElFZz09IiwibWFjIjoiNDdlOTMyMjExNjI3NjVmMWRmNDZiYTg3YjIyNTZhM2NhOWFiZDRkZWY1YTBhMWQzNGMyYmM2ZDgyZDRhNTVkMiIsInRhZyI6IiJ9;Aktif;;[Kegiatan Usaha: -, Kategori: -, KBLI: 10799];;;08/12/2025;;OSS - Perorangan;-6,1749584;106,8074906;valid;;;FALSE;FALSE;TRUE;;;invalid;;;;;4
32193936;Yuli windaningsih;Petojo Vly Ll Dlm 12a Rt4 Rw6;3173080001;31;73;80;1;DKI JAKARTA;JAKARTA PUSAT;GAMBIR;CIDENG;eyJpdiI6IjZ3N0JGZzlYZUM2K0FESlBYQkhPUWc9PSIsInZhbHVlIjoiQkpPbnFvNlE0UE5WaWZwVFVmK3RiQT09IiwibWFjIjoiM2NlMjgzNDNmNTU3YjY2NmNkNzg3NmY5ZmRiMmU0OThkZmUzMjhjM2ExZGM5Yjg3YjI3OWFjM2M1ODVkMzk1ZCIsInRhZyI6IiJ9;Aktif;;;;;31/12/2025;;OSS - Perorangan;-6,170131018;106,8074583;valid;;;FALSE;FALSE;TRUE;;;invalid;;;;;4
32223105;SRI MULYANI;KAMPUNG BAKTI;3173080001;31;73;80;1;DKI JAKARTA;JAKARTA PUSAT;GAMBIR;CIDENG;eyJpdiI6IlZLeHEyTmVRK2lGd1ZmL09oWFRhaEE9PSIsInZhbHVlIjoidGk0T0pCZVA5a3VXZk1WZFRmQldyUT09IiwibWFjIjoiMzRkOWVjMTBmYTg2MTBjMDI3MGY0NjA5ZmE3NTM1ZGYxOTMxMzNlODMyNjc5ZjUwNDU1NTljZjU1OTZhNDFjMCIsInRhZyI6IiJ9;Aktif;;[Kegiatan Usaha: -, Kategori: -, KBLI: 47213];;;10/12/2025;;OSS - Perorangan;-6,1676416;106,8025847;valid;;;FALSE;FALSE;TRUE;;;invalid;;;;;4
3222558;MEDIA EDUCATION CONSULTANT;JL. HASYIM ASHARI NO. 125 KOMPLEK RUKO ROXY MAS;3173080001;31;73;80;1;DKI JAKARTA;JAKARTA PUSAT;GAMBIR;CIDENG;eyJpdiI6IjF6TlVHRFQyRzdMa1FTNzFyak10WEE9PSIsInZhbHVlIjoidTcwUjg0MWpobHNFa09Zam0vVmg2QT09IiwibWFjIjoiMTM3OTk2YWVjZDY5YmY4NGIxYmIwNzA2NGNiMTliZWViMDc0NzA5ZjMxODcyMjk1ODJmMjkyYjVhODY0NzdlMiIsInRhZyI6IiJ9;Aktif;;[Kegiatan Usaha: -, Kategori: P, KBLI: 85440];;;31/12/2025;UMKM;Dir Pajak;-6,168910027;106,8039322;valid;;;FALSE;FALSE;TRUE;;;invalid;;;;;4
32226758;YULIANI;JLN. TIDORE RAYA NO.35 C;3173080001;31;73;80;1;DKI JAKARTA;JAKARTA PUSAT;GAMBIR;CIDENG;eyJpdiI6IkQ4N3N4b1krSXJyY2l5N2J6Sm9FSkE9PSIsInZhbHVlIjoid1ljd3dBOTBOZVA2bUFqWDBvVTZGdz09IiwibWFjIjoiNDUyZWIyZWMyYTI4OTlhMDhhNDUzODZlYjg3ZmYwY2ZmMmM0ZjkyNmQ3ODMxMTcxNzllM2VmYjg2ZjU0OGRlNyIsInRhZyI6IiJ9;Aktif;;[Kegiatan Usaha: -, Kategori: -, KBLI: 10792];;;10/12/2025;;OSS - Perorangan;-6,1679162;106,8081054;valid;;;FALSE;FALSE;TRUE;;;invalid;;;;;4
3229102;MANDALA MITRATAMA;ROXYMAS BLOK C II NO. 12 No.  RT. 000 RW. 000;3173080001;31;73;80;1;DKI JAKARTA;JAKARTA PUSAT;GAMBIR;CIDENG;eyJpdiI6InJub0NzU0NZcGpzOG5kdTZIRnpyOWc9PSIsInZhbHVlIjoiK2N0MkZLdk0yZFE3OXB1SURYQmMxdz09IiwibWFjIjoiYzg0YzFkODZiMTVhNWZkNThmNGNlZTg1YjdjNzYwYjMwZDM4MjYyZGFlYTg3MDQ0MjY3NDc1OGEwOWRmMGFkNCIsInRhZyI6IiJ9;Aktif;;[Kegiatan Usaha: -, Kategori: S, KBLI: 96990];;;26/10/2025;UMKM;Dir Pajak;-6,1675271;106,8046592;valid;;;FALSE;FALSE;TRUE;;;invalid;;;;;4
32389765;MUHAMMAD FAREZA;JL PETOJO SELATAN XII RT 004 RW 011 NO 5B;3173080001;31;73;80;1;DKI JAKARTA;JAKARTA PUSAT;GAMBIR;CIDENG;eyJpdiI6ImpHcFd0L1Q4dkNHdHhnS1BMMFl3eWc9PSIsInZhbHVlIjoiYVlDckx3eUFtMmJlQnNacGQ1eXNOZz09IiwibWFjIjoiYWIxM2FjYzlkODFmNzBmMGQ4YjI1Y2Q4YzZkNmI2NzI4NzY3MzViODM5M2I3M2Q5MTFhNzExMzU2OGRiYzViNiIsInRhZyI6IiJ9;Aktif;;[Kegiatan Usaha: -, Kategori: -, KBLI: 96990];;;20/11/2025;;OSS - Perorangan;-6,1671266;106,8097171;valid;;;FALSE;FALSE;TRUE;;;invalid;;;;;4
32392821;Maemunah;Jl. Kampung Bakti No 17 Rt5 Rw7;3173080001;31;73;80;1;DKI JAKARTA;JAKARTA PUSAT;GAMBIR;CIDENG;eyJpdiI6Ik5GQWpMSFY1Y2RHQzVzQ2V4UEtFUXc9PSIsInZhbHVlIjoidVBBUUpMWDB1MU8weTdOT2RhbEFOUT09IiwibWFjIjoiOWNmMzIzNWIwMjM1YmU5MWY2YjM5YzI3Y2NhMGUzNzQ3Zjk5MjM2YjBhYmQzMGIwYTY2NzNkM2E4ZWZmYmE2OSIsInRhZyI6IiJ9;Aktif;;[Kegiatan Usaha: -, Kategori: -, KBLI: 10799];;;20/11/2025;;OSS - Perorangan;-6,16853921;106,8025544;valid;;;FALSE;FALSE;TRUE;;;invalid;;;;;4
32414026;Marlina;Jl Kp Bhakti No.28 Rt.005/rw.007;3173080001;31;73;80;1;DKI JAKARTA;JAKARTA PUSAT;GAMBIR;CIDENG;eyJpdiI6IlVJVmZMVFNLT3RMWWlmSVI4Rm16SkE9PSIsInZhbHVlIjoiZi82dmY0ME45SFR0bGJocVBuTUZOZz09IiwibWFjIjoiMGM0MmIwODA2ZmMzN2Q4MzU3NjQ3YTc1ZGIyYzQ3MWVkMTVhYTMyMDJlYmMwNjI1MDNlMjU1OTFhNzYxMzY0MCIsInRhZyI6IiJ9;Aktif;;[Kegiatan Usaha: -, Kategori: -, KBLI: 10799];;;20/11/2025;;OSS - Perorangan;-6,16853921;106,8025544;valid;;;FALSE;FALSE;TRUE;;;invalid;;;;;4
32414063;Yuliawati;Jl Tidore Dalam Iii No.aa-11 Rt.010/rw.005;3173080001;31;73;80;1;DKI JAKARTA;JAKARTA PUSAT;GAMBIR;CIDENG;eyJpdiI6IndRcldEVGMvRkRvOE1aVlhwL1ord3c9PSIsInZhbHVlIjoiUXdQT0daVXFDck1yQ2FNRGpBQXQrUT09IiwibWFjIjoiYTg1N2RmZjljYTlkZGM1NGRlYjAzMWRkZDkyZTgxMzgzNGQwZTc3OTU2M2IyMzc0NTA4NmM1NGFlNzQ5ZTU5MyIsInRhZyI6IiJ9;Aktif;;[Kegiatan Usaha: -, Kategori: -, KBLI: 10799];;;20/11/2025;;OSS - Perorangan;-6,1667182;106,8060869;valid;;;FALSE;FALSE;TRUE;;;invalid;;;;;4
32421176;MUHAMMAD JASULI;JL. TIDORE NO. 28;3173080001;31;73;80;1;DKI JAKARTA;JAKARTA PUSAT;GAMBIR;CIDENG;eyJpdiI6Imw3aDRYM2FwL3dRaUl0M0dUTXpGZmc9PSIsInZhbHVlIjoiaHJUWll1aWtSbnE1SjlubHZocDdIZz09IiwibWFjIjoiNDQ3NGNlMDQ5Y2QzMDFiYjk3NzVkMWE4OWY5N2Q2ZmQ1ZGNiODJmYjhmYmYzOWY1NzM1NDIzMTNlM2VhYzE2YiIsInRhZyI6IiJ9;Aktif;;[Kegiatan Usaha: -, Kategori: -, KBLI: 10792];;;04/12/2025;;OSS - Perorangan;-6,169546;106,8029351;valid;;;FALSE;FALSE;TRUE;;;invalid;;;;;4
32430337;HENDRA;JL. TANJUNG SELOR BARAT NO.34;3173080001;31;73;80;1;DKI JAKARTA;JAKARTA PUSAT;GAMBIR;CIDENG;eyJpdiI6IjdYUEg5Si9WbWxVWGZJWHN1L1A0eGc9PSIsInZhbHVlIjoidW1ubnpjUnE3WTdoZGVtV08rSDdsZz09IiwibWFjIjoiNDNlNTFjOGEzYjRkOTI0M2FlMjMwYWJmODY1OTc2Y2NiZmRjYzg0Y2I2NDc3MDA5ODk5MWE3ZDBmMDU0NzNiZCIsInRhZyI6IiJ9;Aktif;;[Kegiatan Usaha: -, Kategori: -, KBLI: 56103];;;30/12/2025;;OSS - Perorangan;-6,1693258;106,8039164;valid;;;FALSE;FALSE;TRUE;;;invalid;;;;;4
3243846;WATERS NUSANTARA;JL.K.H.MOH.MANSYUR NO.11 BLOK B/11 DURI PULO, DURI PULO;3173080001;31;73;80;1;DKI JAKARTA;JAKARTA PUSAT;GAMBIR;CIDENG;eyJpdiI6IkxzVmJ2VTRGcVVnSjJQUXNwNE5oWkE9PSIsInZhbHVlIjoiVHBZTWFtMUcxSmlnekRPWTVtTGlNZz09IiwibWFjIjoiZmUxZjQxY2YyYzgyNWZlZWIwMjMxYWUyMTdjZDdlMmZjMWNmNzFlNzhhYTE4ZGRjY2I1N2I5M2UxMWNkOTU0MiIsInRhZyI6IiJ9;Aktif;;[Kegiatan Usaha: -, Kategori: G, KBLI: 47599];;;31/12/2025;UMKM;Dir Pajak;-6,167473;106,805107;valid;;;FALSE;FALSE;TRUE;;;invalid;;;;;4
32466223;SUMIYATI;JL. KAYOA DALAM 31;3173080001;31;73;80;1;DKI JAKARTA;JAKARTA PUSAT;GAMBIR;CIDENG;eyJpdiI6IjlBcWFwYWFCWmpYL2MxZ3FoazBNVXc9PSIsInZhbHVlIjoiek9YV1pERUxZNkJKaDRpcXJTRll5dz09IiwibWFjIjoiMjJlY2RlYTllMzU2NTY2NGVlZDMyNDY2NjAxMjEzOGRjMjYxNGU1ZjI5MzI2NDY3NGM2MTQzNTQ0N2RhYzg5NiIsInRhZyI6IiJ9;Aktif;;[Kegiatan Usaha: -, Kategori: -, KBLI: 47414];;;08/12/2025;;OSS - Perorangan;-6,1798101;106,8108545;valid;;;FALSE;FALSE;TRUE;;;invalid;;;;;4
32469259;Machmudin;Jl. Tidore Dalam II NO.16A;3173080001;31;73;80;1;DKI JAKARTA;JAKARTA PUSAT;GAMBIR;CIDENG;eyJpdiI6InpRUUw1U0lYVVZmRFZGUXVSWHhXemc9PSIsInZhbHVlIjoid1pTL0hsdmh0eTM2ZjZwU2xNTFNRQT09IiwibWFjIjoiMDU2MzMxZTI4ODFkODMxN2Y0NGE3NWIwMTRmM2E3ZmE2YzI3ZTA2M2I2OGQwOTU0NGUxNGE1MmNjMjU4YzJiNSIsInRhZyI6IiJ9;Aktif;;[Kegiatan Usaha: -, Kategori: -, KBLI: 96990];;;24/11/2025;;OSS - Perorangan;-6,1666952;106,8071853;valid;;;FALSE;FALSE;TRUE;;;invalid;;;;;4
32471234;LUKMAN;JL.PETOJO VIY II DALAM;3173080001;31;73;80;1;DKI JAKARTA;JAKARTA PUSAT;GAMBIR;CIDENG;eyJpdiI6InBQN1owcXdGZG9vRkMvVDhoL2FTT2c9PSIsInZhbHVlIjoidXk0dGhUbW9xRU94NnJCd1Z1cE5FZz09IiwibWFjIjoiOGZjMGUzMDhkYTk0OTgzYjBjOWJlNTMwZDEyMGI1MzAzNjEzZjc4YTY2N2FhNzMxZDJlNzczYmZmNzk0N2Q1MiIsInRhZyI6IiJ9;Aktif;;[Kegiatan Usaha: -, Kategori: -, KBLI: 96990];;;30/12/2025;;OSS - Perorangan;-6,1696032;106,8073346;valid;;;FALSE;FALSE;TRUE;;;invalid;;;;;4
32476075;ROHANAH;JL CITARUM ATAS;3173080001;31;73;80;1;DKI JAKARTA;JAKARTA PUSAT;GAMBIR;CIDENG;eyJpdiI6IlZLR1BUMEVBY2NWVzVRMkZHY1pXOWc9PSIsInZhbHVlIjoiLzNETlR3ZHhNaERQTjN0UUx0TDFTUT09IiwibWFjIjoiN2Q1ZTBhY2MxZTU3ZmIzNDU4MWZhN2Q1Y2E2MGZlZmY2YzNjOTdhMTdjZDc3NTUxNzg1NDhiZmViOWU4MjU5NCIsInRhZyI6IiJ9;Aktif;;[Kegiatan Usaha: -, Kategori: -, KBLI: 56103];;;31/12/2025;;OSS - Perorangan;-6,1798262;106,8104621;valid;;;FALSE;FALSE;TRUE;;;invalid;;;;;4
32478667;Gunawan;Jl,Citarum Atas Rt.17 RW.01;3173080001;31;73;80;1;DKI JAKARTA;JAKARTA PUSAT;GAMBIR;CIDENG;eyJpdiI6ImNzdWcxRm80bE5vK2xhRUJyTzZxUEE9PSIsInZhbHVlIjoiUlZnVEJyME5IM0N4MmZ3NHpwTGZpUT09IiwibWFjIjoiMjE3NDgwZmViNTRiMjgwZDRiNmZlMTRmYzM2NjYxNGI2OTVmNTgwNWEyMzY3NjU4MjFiN2RmMzAwMzQ4YjA1YSIsInRhZyI6IiJ9;Aktif;;[Kegiatan Usaha: -, Kategori: -, KBLI: 96990];;;24/11/2025;;OSS - Perorangan;-6,1641563;106,8108489;valid;;;FALSE;FALSE;TRUE;;;invalid;;;;;4
32486986;Dwi Puji Astuti ;Jl Cideng Barat Dalam 12 No 7 Rt003/Rw010;3173080001;31;73;80;1;DKI JAKARTA;JAKARTA PUSAT;GAMBIR;CIDENG;eyJpdiI6IkpaenJXSjgxdFJrUjVlMm5wNGhSdEE9PSIsInZhbHVlIjoiUFd1cGgrNWEzV1JBY3lKM0xkZWxJdz09IiwibWFjIjoiNzE5NWQ2NzQ0YWI5ZmM3NzYzZDQ2MWJhZDk3ODk4ZGZjMzMzNTU1MWYyZDgwZTVjZWQ0MzM3NzA4NjE4MzZmNyIsInRhZyI6IiJ9;Aktif;;[Kegiatan Usaha: -, Kategori: -, KBLI: 96990];;;25/11/2025;;OSS - Perorangan;-6,1802481;106,8124239;valid;;;FALSE;FALSE;TRUE;;;invalid;;;;;4
32495310;Suryadi;Tanjung Selor Brt Rt 10 Rw. 07 No. 23;3173080001;31;73;80;1;DKI JAKARTA;JAKARTA PUSAT;GAMBIR;CIDENG;eyJpdiI6IlRPY3RNejBUbTdRYVJPNG1VNC9wOFE9PSIsInZhbHVlIjoidDJmUlAzckhtYXZ1NHd4WTBpcTJ5dz09IiwibWFjIjoiMDVkNDEyZGQ4YWYyMDIwZmYxMmNjMmU4OGU3NDFkYmUwOGU2NjczZDdiMGM4OTdiZjg1NjBkZWFmZjg0ZGE3ZSIsInRhZyI6IiJ9;Aktif;;[Kegiatan Usaha: -, Kategori: -, KBLI: 96990];;;25/11/2025;;OSS - Perorangan;-6,1753225;106,8073895;valid;;;FALSE;FALSE;TRUE;;;invalid;;;;;4
32532590;Soleh;Jl MOTI DLM 1 NO 5D RT08/05;3173080001;31;73;80;1;DKI JAKARTA;JAKARTA PUSAT;GAMBIR;CIDENG;eyJpdiI6ImhCcHpCRlZDSlE2ZGdZSjVTMVVLekE9PSIsInZhbHVlIjoibElvZTFxR25ZOWV4UTFuR0RNeVdQQT09IiwibWFjIjoiMTIxNTg5ZTM1ZTU1YjVhNWMyOGZhMTNiNTA2YTcwNTU5ZTAxMTJhOTE2ZjdiOThhMGFiMjc1N2QzNjQ0NWU3MiIsInRhZyI6IiJ9;Aktif;;;;;31/12/2025;;OSS - Perorangan;-6,167342198;106,8057447;valid;;;FALSE;FALSE;TRUE;;;invalid;;;;;4
32533888;ARDIANTO;JL.PETOJO SELATAN VIII/ 22 A ;3173080001;31;73;80;1;DKI JAKARTA;JAKARTA PUSAT;GAMBIR;CIDENG;eyJpdiI6IjJOQjM1UlNUMTdYNUFiQnBGVVlPMlE9PSIsInZhbHVlIjoiN0ZJdENRVEd1ZkQyOTYvWGtWSDFKQT09IiwibWFjIjoiYjViZDVhZjRjNTYzNzhhN2RhNWRjMTMxOGZjNTljMGE5NzhiNDdhMGI3MTdiMjEzNWE3ZWRhMTk3ODI2OTJjZSIsInRhZyI6IiJ9;Aktif;;[Kegiatan Usaha: -, Kategori: -, KBLI: 96990];;;08/12/2025;;OSS - Perorangan;-6,1798958;106,8107642;valid;;;FALSE;FALSE;TRUE;;;invalid;;;;;4
32540548;WASRIAH;JL.TANNJUNG SELOR;3173080001;31;73;80;1;DKI JAKARTA;JAKARTA PUSAT;GAMBIR;CIDENG;eyJpdiI6InBBd1Z6blFEUE5RNGZQbmVjYkdYdWc9PSIsInZhbHVlIjoidGlCbk5xc0puRkdKM0hkcG9zZG9TZz09IiwibWFjIjoiZmVmOTllYTQ4ZDg2YTViZGI0MDhkNWYyNmNkOWM2ODhmODA4MzFmNTE1MDk1Mjg2Nzg2OWNkYzA5Yzk4OWRhMCIsInRhZyI6IiJ9;Aktif;;[Kegiatan Usaha: -, Kategori: -, KBLI: 56103];;;08/12/2025;;OSS - Perorangan;-6,169365;106,8056579;valid;;;FALSE;FALSE;TRUE;;;invalid;;;;;4
32553855;INDAH YULIANTI;Jl. Petojo VIY IV No. 31;3173080001;31;73;80;1;DKI JAKARTA;JAKARTA PUSAT;GAMBIR;CIDENG;eyJpdiI6InFubVdhMi9XdHNSNGZ3WUFNVFY4Znc9PSIsInZhbHVlIjoicXBjeHVpa1dpMU9oNHBvOVNrMXpDUT09IiwibWFjIjoiN2Q0MGIzZDM5N2Y0YjEyMWZhMmVhZGNkYjBkZDU1MTMxOTdhYWQ4NWJiYmM0N2Q5ZGE4MzJhNjg4OTc4NmI5ZiIsInRhZyI6IiJ9;Aktif;;[Kegiatan Usaha: -, Kategori: -, KBLI: 96990];;;08/12/2025;;OSS - Perorangan;-6,1712201;106,8065174;valid;;;FALSE;FALSE;TRUE;;;invalid;;;;;4
32557481;ATIN SUPRIYATIN;JL.TANJUNG SELOR;3173080001;31;73;80;1;DKI JAKARTA;JAKARTA PUSAT;GAMBIR;CIDENG;eyJpdiI6InJQbFEyeXhDM1V4UXdDUTNCeGpRZFE9PSIsInZhbHVlIjoiVEpxWExOSU9NaUlqSitCT1d2YTd3QT09IiwibWFjIjoiYmJiZDBlYTNlYTY5ZDliZDhlZmI0Yzg4Nzg0ZDNmMTVhODExZTMxM2NiMjlkNGQwZThjYTE5OWFlNjdjNDViNyIsInRhZyI6IiJ9;Aktif;;[Kegiatan Usaha: -, Kategori: -, KBLI: 56103];;;30/12/2025;;OSS - Perorangan;-6,1701579;106,8040702;valid;;;FALSE;FALSE;TRUE;;;invalid;;;;;4
32557490;TARISAH;JL.PETOJO;3173080001;31;73;80;1;DKI JAKARTA;JAKARTA PUSAT;GAMBIR;CIDENG;eyJpdiI6Ik9sTDhkTWE4azBCbVVFRUgwSEVUSEE9PSIsInZhbHVlIjoiZjBaVWFwaVRjWXZCemE0SHAzdExlZz09IiwibWFjIjoiNjYzZDQ4NjEyMzkzMjdhZWI3MjRiMTUwZmY3M2RkMzY3NDQ4MmVmYjUwZDM4NzFmOTE3Yzk5MjBlYzU2NjE5YSIsInRhZyI6IiJ9;Aktif;;[Kegiatan Usaha: -, Kategori: -, KBLI: 56103];;;08/12/2025;;OSS - Perorangan;-6,1678776;106,8096751;valid;;;FALSE;FALSE;TRUE;;;invalid;;;;;4
32557724;DEWI MULANI;JL KAYOA DALAM;3173080001;31;73;80;1;DKI JAKARTA;JAKARTA PUSAT;GAMBIR;CIDENG;eyJpdiI6IllkMWdPTXMzRVFYVzN0V1RCOG5naVE9PSIsInZhbHVlIjoiN3BWTGpBbHVFQ1BPMWF3bFozdG5qQT09IiwibWFjIjoiMzg1YjM0ODBiNzJjM2U4MGNiN2JmYzhhYWZjYWI3YzJlNmU1NThiY2I2OWY0ODMwYjU1YjdkNWM2Mjk0N2MyMSIsInRhZyI6IiJ9;Aktif;;[Kegiatan Usaha: -, Kategori: -, KBLI: 56102];;;08/12/2025;;OSS - Perorangan;-6,167781;106,8058596;valid;;;FALSE;FALSE;TRUE;;;invalid;;;;;4
32562838;SITI KHAIRUNNISA;JL.TIDORE NO.28;3173080001;31;73;80;1;DKI JAKARTA;JAKARTA PUSAT;GAMBIR;CIDENG;eyJpdiI6InVYUXBVQWxFSWVkK1BoOEJtYVFINmc9PSIsInZhbHVlIjoiM2srQXVuaHQ4b2FHVXlOZ3pwR2ZJQT09IiwibWFjIjoiODY2YzRhODA5OTJhNDliMThiYTQ3YjAxNjcyMDkwYTVkZjI2YTEzMDJiMTdiMTMwZGU1M2M3NmMxZGMwNzc4ZiIsInRhZyI6IiJ9;Aktif;;[Kegiatan Usaha: -, Kategori: -, KBLI: 96990];;;08/12/2025;;OSS - Perorangan;-6,1666268;106,8058241;valid;;;FALSE;FALSE;TRUE;;;invalid;;;;;4
32578747;DARWATI;JL.MANDIOLI DALAM;3173080001;31;73;80;1;DKI JAKARTA;JAKARTA PUSAT;GAMBIR;CIDENG;eyJpdiI6IkE5cmZIYWZJRUVBTFhZeEQzVnl6Y3c9PSIsInZhbHVlIjoiNEYzNkkrRnRQQ3ljN0NnRGFqTW9BUT09IiwibWFjIjoiOGVkMzFmYTk2YWMzYmU5ZTI2ZTNhZTFjZmE1ZGQzYjI2N2ZlNDM3YWQ1NjU4MTU5MDEyY2FjZDk0NzA0NzNhYyIsInRhZyI6IiJ9;Aktif;;[Kegiatan Usaha: -, Kategori: -, KBLI: 56103];;;08/12/2025;;OSS - Perorangan;-6,1666844;106,8061223;valid;;;FALSE;FALSE;TRUE;;;invalid;;;;;4
32594373;MARYANTO;JL CIMANUK NO.3 BLK RT016 RW01;3173080001;31;73;80;1;DKI JAKARTA;JAKARTA PUSAT;GAMBIR;CIDENG;eyJpdiI6InlxZmsvUENQYytsQS91Q2tYUHNQOGc9PSIsInZhbHVlIjoiSkRMVUZKeTRYdHJkRmt1aHR2TFBOdz09IiwibWFjIjoiOTI1NWE1NGM1ZDZlN2Q5NmJkMjEzM2ZkN2U5OGQwYWI2ODA1MzcxYTkyZDYxYWEzZTAwMDQwNjc0ZGY5MTFhNiIsInRhZyI6IiJ9;Aktif;;[Kegiatan Usaha: -, Kategori: -, KBLI: 96990];;;26/11/2025;;OSS - Perorangan;-6,1778745;106,811867;valid;;;FALSE;FALSE;TRUE;;;invalid;;;;;4
3269144;HONEY NUSANTARA TRAVELINDO;RT 013 RW 002;3173080001;31;73;80;1;DKI JAKARTA;JAKARTA PUSAT;GAMBIR;CIDENG;eyJpdiI6ImJPMEVHNVpwS1NzTVVJbmNJekxHSUE9PSIsInZhbHVlIjoiczVocURmL0tNeVVwaTVmTEUvSUUrQT09IiwibWFjIjoiMjA4YmM1Y2FiNWE5NzYwOTA1MzBlM2ZkYTkxMjgxODIyMDdlM2QyODQxZTI5OWI1ZGMzMDM3ZGExYTZhZjM0ZSIsInRhZyI6IiJ9;Aktif;;[Kegiatan Usaha: -, Kategori: N, KBLI: 79111];;;26/10/2025;UMKM;Dir Pajak;-6,1732663;106,8093503;valid;;;FALSE;FALSE;TRUE;;;invalid;;;;;4
3289892;DWIMITRA SELARAS RAHARJA;JL KH. HASYIM ASHARI, ITC ROXY MAS LT DASAR;3173080001;31;73;80;1;DKI JAKARTA;JAKARTA PUSAT;GAMBIR;CIDENG;eyJpdiI6IktRdFFCSWFlZGhkSWhBYVk4Um9kbkE9PSIsInZhbHVlIjoibzdpT0ZHQklQQXEwb3R4RUlvV0FXdz09IiwibWFjIjoiMTIzMWUzMzg0MDk0ZGUxZWI2MTExZjE3MjlmMTFhOGYyYjI3ZTNmYWUxMjQ2M2E2OTY1YmJhZWMyOWQ4ZjlhNSIsInRhZyI6IiJ9;Aktif;;;;;31/12/2025;UMKM;Dir Pajak;-6,1669146;106,8034375;valid;;;FALSE;FALSE;TRUE;;;invalid;;;;;4
3296291;PAUD ASTER VI;RT 011 RW 006;3173080001;31;73;80;1;DKI JAKARTA;JAKARTA PUSAT;GAMBIR;CIDENG;eyJpdiI6IlJpWTNOVlRScWdVaXhUNVp4TWdrTmc9PSIsInZhbHVlIjoiRW1lRWRqY0ZIdk12K085MWJFT2lYdz09IiwibWFjIjoiMDRhNjllNTUyNjFiMjQxNGU1NzkxMTdjNTY0YmI3NGY1YmFiOTRhMGRlMjc5NmQ2ODI4ZDg1NDlkMzBlYWMyYiIsInRhZyI6IiJ9;Aktif;;[Kegiatan Usaha: -, Kategori: P, KBLI: 85131];;;26/10/2025;UMKM;Dir Pajak;-6,1697033;106,8052642;valid;;;FALSE;FALSE;TRUE;;;invalid;;;;;4
3302197;MEDIA EDUCATION CONSULTANT;PUSAT NIAGA ROXY MAS BLOK D.5 NO.14 JL.KH.HASYIM ASHARI NO.125 RT.000 RW.000, CIDENG;3173080001;31;73;80;1;DKI JAKARTA;JAKARTA PUSAT;GAMBIR;CIDENG;eyJpdiI6IlhCaU1adXZvNjFGQ2NuQ0VFQzM0OFE9PSIsInZhbHVlIjoiK3U1M0c0d3YyNkVqS1RUcUhpWHVxUT09IiwibWFjIjoiOWQ1MDVmMmM2ZWI5MTY3NjI3ZGVlYTdiMDc3NmFjMmYxNDdkNjhjNDVmMmMzZGIxZTZjMmNkNWVhY2Q0YjJkMCIsInRhZyI6IiJ9;Aktif;;[Kegiatan Usaha: -, Kategori: P, KBLI: 85492];;;26/10/2025;UMKM;Dir Pajak;-6,1689098;106,8039345;valid;;;FALSE;FALSE;TRUE;;;invalid;;;;;4
3321789;SENTRA INFO PRATAMA PERSADA;KOMP ROXY MAS JL KH HASYIM ASHARI;3173080001;31;73;80;1;DKI JAKARTA;JAKARTA PUSAT;GAMBIR;CIDENG;eyJpdiI6IjhEY294YnA5SVFxdHFpcnJXOUZhN2c9PSIsInZhbHVlIjoiWHZrZEptOWovaFYrOWg4bEdsNGw3QT09IiwibWFjIjoiNmZmZGM0MTYxZTI4NjA5YTE4MzMyNWVlNzIxYTIyZTg3ZDg1YTQ4M2JmOTc1NmU5MWIzY2NhNWRkODYwODYzMCIsInRhZyI6IiJ9;Aktif;;;;;31/12/2025;UMKM;Dir Pajak;-6,167708874;106,8051987;valid;;;FALSE;FALSE;TRUE;;;invalid;;;;;4
3323329;AGUNG KARYA INDAH;JL. KH. HASYIM ASHARI NO.15/B2, CIDENG;3173080001;31;73;80;1;DKI JAKARTA;JAKARTA PUSAT;GAMBIR;CIDENG;eyJpdiI6Ilo4cytTVGZaWWVzWUlKSURPakxOZEE9PSIsInZhbHVlIjoiaTNTdTFhMEIwYU02Vi9tZG8xemxHZz09IiwibWFjIjoiNTVjMjg1ZTE3Y2NlODk1OWYzMmEyNmE4M2U5ZjIyZTQ1Y2RkOWRhM2I2NDVmMTZmOTIxOTYyNWQ0ZTlhOGNiOSIsInRhZyI6IiJ9;Aktif;;"[Kegiatan Usaha: -, Kategori: G, KBLI: 46641]; [Kegiatan Usaha: -, Kategori: -, KBLI: 33131]; [Kegia...";;;26/10/2025;UMKM;Dir Pajak;-6,166156;106,8050714;valid;;;FALSE;FALSE;TRUE;;;invalid;;;;;4
3339587;SUNGAI BUDI NURANI;JALAN TANAH ABANG II NOMOR 109 AB;3173080001;31;73;80;1;DKI JAKARTA;JAKARTA PUSAT;GAMBIR;CIDENG;eyJpdiI6IlZrVEl4TmZCR2RKcDl0REJYWGhZMGc9PSIsInZhbHVlIjoiaGoxZXlmYktMWllYTXBzaUwrUE82QT09IiwibWFjIjoiNjkyOGRmYzJlOGFiYmYzOThjNzNjNTU5NjkzNzFlNWQ1NjVhNWM1OTNiZDBmNTkwODhmOTZlY2I2NGNiOGEwZSIsInRhZyI6IiJ9;Aktif;;[Kegiatan Usaha: -, Kategori: G, KBLI: 47111];;;31/12/2025;UMKM;Dir Pajak;-6,1763032;106,8102823;valid;;;FALSE;FALSE;TRUE;;;invalid;;;;;4
3377217;GARUDA VALASINDO;ITC ROXY MAS LT. DASAR NO. 124, JL KH HASYIM ASHARI;3173080001;31;73;80;1;DKI JAKARTA;JAKARTA PUSAT;GAMBIR;CIDENG;eyJpdiI6IkRnVEorUGNIa2trKzlvQkdlSFBDV1E9PSIsInZhbHVlIjoicDFVdUxMRlJYZE1PbjBlZEE3UURuQT09IiwibWFjIjoiYzA4YzMwYTRkNTUzODU0NDQyMDljODFhNThjNTUxMTAxYjY4ZGYxNDA1MDk3YTIxNTZlMDhjNjFjYWJiNzUxMSIsInRhZyI6IiJ9;Aktif;;[Kegiatan Usaha: -, Kategori: K, KBLI: 66160];;;31/12/2025;UB;Dir Pajak;-6,1669146;106,8034375;valid;;;FALSE;FALSE;TRUE;;;invalid;;;;;4
3406596;INDO MECO PRIMATAMA;KOMPLEK RUKO ROXY MAS JL KH.HASYIM ASHARI 125;3173080001;31;73;80;1;DKI JAKARTA;JAKARTA PUSAT;GAMBIR;CIDENG;eyJpdiI6IkJ5MnlFK0RWREFuUGs5Y2ttckNQMGc9PSIsInZhbHVlIjoiZEdwc05Yd2h5OUtLa3ptRkZHREJNdz09IiwibWFjIjoiYTk2ZTc5ODM2MGIwMDU3NGE3ODY5MjE2YjJiNTU3NTk5ZDNlMmM0ZmI5YmJkNjZmMDg4ZDBiOTU4YWIyMDk3NSIsInRhZyI6IiJ9;Aktif;;[Kegiatan Usaha: -, Kategori: F, KBLI: 43291];;;26/10/2025;UMKM;Dir Pajak;-6,1677712;106,8050814;valid;;;FALSE;FALSE;TRUE;;;invalid;;;;;4
3439089;KANTOR AKUNTAN PUBLIK TRISNO, ADAMS REKAN;JL. BIAK NO.18;3173080001;31;73;80;1;DKI JAKARTA;JAKARTA PUSAT;GAMBIR;CIDENG;eyJpdiI6InkvM0g3ckJKNDhOSXRJYzJGaEcwZkE9PSIsInZhbHVlIjoieDFHRG5qL3ZmdERxNC9XNWZvQzlPUT09IiwibWFjIjoiZWFjMzRlYWFlZDNlZmFiNzU4MTdhMzczZGQ3ZDllNmM2ZmQzMDQzNTNjNzYwZWQ2NjM2NzA5OTU5MTBhYTYzYSIsInRhZyI6IiJ9;Aktif;;[Kegiatan Usaha: -, Kategori: M, KBLI: 69201];;;31/12/2025;UMKM;Dir Pajak;-6,169238091;106,8085251;valid;;;FALSE;FALSE;TRUE;;;invalid;;;;;4
3454747;KACA BAGUS;JL KOTA BARU;3173080001;31;73;80;1;DKI JAKARTA;JAKARTA PUSAT;GAMBIR;CIDENG;eyJpdiI6InI2cUtTbWQrZEdiYm1zSmRCTjNNSHc9PSIsInZhbHVlIjoiRXY1Wi9tZkU0YksyUGFCY241MGlFdz09IiwibWFjIjoiM2M5MjMwNTg0NmJmZGEwZTgyM2UxMjJmNzI1NmYwNDFjOWRjMDIzNjUyNTdmMWU1NmE2M2JlZDMxODMyMmYyMiIsInRhZyI6IiJ9;Aktif;;[Kegiatan Usaha: -, Kategori: F, KBLI: 41011];;;26/10/2025;UMKM;Dir Pajak;-6,1702377;106,8059183;valid;;;FALSE;FALSE;TRUE;;;invalid;;;;;4
3470367;CIPTA KARYA MANDIRI;JL CIDENG BARAT DALAM 4C, CIDENG;3173080001;31;73;80;1;DKI JAKARTA;JAKARTA PUSAT;GAMBIR;CIDENG;eyJpdiI6Ink4MndYLzBMNUZmY0E3TlBVS0U5Mmc9PSIsInZhbHVlIjoiVTRBN2tEUlhEalVPNDRGMVFPRThnZz09IiwibWFjIjoiM2EwNzhlNTU3MDdlM2MzZTBiYmUyZWFlMmZmYjk0Mzk1ZmUzNDA0YzI4MGNmZDAyMzkzNzlhOTExN2I0ODZiNCIsInRhZyI6IiJ9;Aktif;;[Kegiatan Usaha: -, Kategori: G, KBLI: 46641];;;26/10/2025;UMKM;Dir Pajak;-6,1811625;106,8127513;valid;;;FALSE;FALSE;TRUE;;;invalid;;;;;4
3500332;PT JAYADINA PRAMESTI;PUSAT NIAGA ROXI MAS BLOK D.3 NO.4 JL.KH.HASYIM ASHARI NO. 125, CIDENG;3173080001;31;73;80;1;DKI JAKARTA;JAKARTA PUSAT;GAMBIR;CIDENG;eyJpdiI6IkpOVFkvY3YwaXpMYjF5R29zWU9SaGc9PSIsInZhbHVlIjoiTTJhYWtMb0dDd0xlYzgwYkF6SmdrUT09IiwibWFjIjoiYjczYzZjYjhiNjUxYmIxMzM5NDBkNzhhZDI2ZWY1YjUwM2Y0MzExNGY5NmU1ZGY0ZDQ4YjU2MmViYTM4OTFhZCIsInRhZyI6IiJ9;Aktif;;;;;31/12/2025;UMKM;Dir Pajak;-6,16674;106,803;valid;;;FALSE;FALSE;TRUE;;;invalid;;;;;4
3505244;PANCA GRAHA MANDIRI;JL MANGGA BESAR IV E NO.2;3173080001;31;73;80;1;DKI JAKARTA;JAKARTA PUSAT;GAMBIR;CIDENG;eyJpdiI6ImRxcmRHTjhJTllERXdkd2FtczJINGc9PSIsInZhbHVlIjoiME56QklOcGhBY09mQ1BLSitrMS9VUT09IiwibWFjIjoiYzJiZTYwODI5MDJlNTk5ZWQ0OWQ5NTc1NGY0NDIzMGVjMTE2M2NmZDU3Y2VhMmY1YzkzZTE2MTc1MTg4MDZmMSIsInRhZyI6IiJ9;Aktif;;[Kegiatan Usaha: -, Kategori: L, KBLI: 68130];;;26/10/2025;UMKM;Dir Pajak;-6,166862;106,802833;valid;;;FALSE;FALSE;TRUE;;;invalid;;;;;4
3529485;MITRA MUDA MANDIRI;JL PETOJO VIY IV;3173080001;31;73;80;1;DKI JAKARTA;JAKARTA PUSAT;GAMBIR;CIDENG;eyJpdiI6IjRwUytXQjZIc0VVc3ZydXRybGErRkE9PSIsInZhbHVlIjoiY0tTdzBmbWlOS0dDeERVOUUrWVpYQT09IiwibWFjIjoiMjEzNDc3OTdhOTRiMTA2YWU5OWE5YTI2MzgwNzRmZDVlZWI2NTViYTZkMDRmMjMxZjMxYTNhMGIyYWQ5OGZhOSIsInRhZyI6IiJ9;Aktif;;;;;31/12/2025;UMKM;Dir Pajak;-6,1671876;106,8081307;valid;;;FALSE;FALSE;TRUE;;;invalid;;;;;4
3540072;DAYA MULIA;KOMPLEK NIAGA ROXY MAS NO 30 JL KH HASYIM ASHARI;3173080001;31;73;80;1;DKI JAKARTA;JAKARTA PUSAT;GAMBIR;CIDENG;eyJpdiI6InBrenJwdFFONEtrSVFod0pDckt1eGc9PSIsInZhbHVlIjoiejRvSnJHVUtMMGtKb2hnekhOaE1TUT09IiwibWFjIjoiMjMzYWRiY2U2NTUzNmI4OTEwYmQwN2FhZWUwMTUxZWM5MWFkNTg4NTJkOWJjYzFjZjcxZGEwZTljMjU4ZmQ3NyIsInRhZyI6IiJ9;Aktif;;;;;31/12/2025;UMKM;Dir Pajak;-6,173727989;106,8113327;valid;;;FALSE;FALSE;TRUE;;;invalid;;;;;4
3558359;MITRA KOMUNIKASI NUSANTARA Tbk;KOMPLEK RUKO ROXY MAS, JL KH. HASYIM ASHARI NO.125;3173080001;31;73;80;1;DKI JAKARTA;JAKARTA PUSAT;GAMBIR;CIDENG;eyJpdiI6IjJ6V0ZGL2dwZnVWNzFOd1RqYXVTWEE9PSIsInZhbHVlIjoiYXh5SjN6cWVxMmllR2NOaVhraDJMZz09IiwibWFjIjoiMDQ5ZjMzOGQ2MmNlZTJlMDc5ZjNkNzY2Yzk2YjhmODczZDU5OTA1MDVlMmVjMzIwZTk2MDkxMzZmNThlOTU5OCIsInRhZyI6IiJ9;Aktif;;[Kegiatan Usaha: -, Kategori: G, KBLI: 46523];;;26/10/2025;UMKM;Dir Pajak;-6,166433;106,8029841;valid;;;FALSE;FALSE;TRUE;;;invalid;;;;;4
3566782;VIVAMAS MAKMUR JAYA;VIVAMAS BUILDING, JL TANAH ABANG II;3173080001;31;73;80;1;DKI JAKARTA;JAKARTA PUSAT;GAMBIR;CIDENG;eyJpdiI6InZ0L2N6ZS9FTW53TThvN1R6YlJVL0E9PSIsInZhbHVlIjoieWZLbnIxUXNPYWsvUXZHQm9FZng3Zz09IiwibWFjIjoiZjdiYmU2YzA3ZTQ2NzVjYzQzNmEwY2QxZTRmYTcyYWExOWE4ZGI5NWIwZmIwZTkzNzAxZTZkZjRkNzU2Zjc3YSIsInRhZyI6IiJ9;Aktif;;[Kegiatan Usaha: -, Kategori: G, KBLI: 45401];;;26/10/2025;UMKM;Dir Pajak;-6,1765033;106,8091646;valid;;;FALSE;FALSE;TRUE;;;invalid;;;;;4
35828885;RM MAKAN MITRA MINANG;JALAN IR H JUANDA;3173080001;31;73;80;1;DKI JAKARTA;JAKARTA PUSAT;GAMBIR;CIDENG;eyJpdiI6InJTMTBLcUlPWFprRW1ieVl3QVF2M2c9PSIsInZhbHVlIjoiandWYU1SdHcvVmlnUTE0dEpGbmY5UT09IiwibWFjIjoiYmIxNDI5YmNiMDVmOTczZDFiYzVmZTQ5YjY1Mzc3ZDZmNmE5Yjc3MWRkNTZhMDlmMGFkOTM3YjllN2ZmMjg3NiIsInRhZyI6IiJ9;Aktif;;[Kegiatan Usaha: -, Kategori: -, KBLI: 56101];;;16/12/2025;;Tambahan Daerah s.d 31 Desember 2025;-6,1669622;106,8059031;valid;;;FALSE;FALSE;TRUE;;;invalid;;;;;4
35828886;SEDERHANA SA RESTAURANT;JALAN IR H JUANDA NO.17;3173080001;31;73;80;1;DKI JAKARTA;JAKARTA PUSAT;GAMBIR;CIDENG;eyJpdiI6InVYQnFsRkdRQUxtclpMVkxPZHZCTHc9PSIsInZhbHVlIjoieFZQUG9EWjN2U3ZsNURKcm5tTDI0QT09IiwibWFjIjoiMWUzMjMwNTY1MWYwYjFlMTFjZTgzNjVhMzFlYzM3NjQ4NTM4MTQ0NjhjM2U2NTQ1MDAyZDUxMmZkZTUxOWJkYSIsInRhZyI6IiJ9;Aktif;;[Kegiatan Usaha: -, Kategori: -, KBLI: 56101];;;16/12/2025;;Tambahan Daerah s.d 31 Desember 2025;-6,1671399;106,8068445;valid;;;FALSE;FALSE;TRUE;;;invalid;;;;;4
3586606;DIMARCO MITRA UTAMA;KOMPLEK ROXY MAS JL KH HASYIM ASHARI;3173080001;31;73;80;1;DKI JAKARTA;JAKARTA PUSAT;GAMBIR;CIDENG;eyJpdiI6IlZaSTUzbTFIeEdnYTJoVkdwa2hrTEE9PSIsInZhbHVlIjoiVmdTRkFWNnVSVkpKMytPVmhQLzZ5dz09IiwibWFjIjoiYzFiYzJiOGEwOWY4MjhmZGM3NWMzYjg0Mzg2NWZlZDE5ODYyN2UyNmE4NTMxN2U0MmM0N2YyNWIxOThlNzVkMSIsInRhZyI6IiJ9;Aktif;;[Kegiatan Usaha: -, Kategori: G, KBLI: 46491];;;31/12/2025;UMKM;Dir Pajak;-6,1662911;106,8030463;valid;;;FALSE;FALSE;TRUE;;;invalid;;;;;4
3593013;ERA POINT GLOBALINDO;PUSAT NIAGA ROXY MAS BLOK D.4/22, JL. KH. HASYIM ASHARI 125;3173080001;31;73;80;1;DKI JAKARTA;JAKARTA PUSAT;GAMBIR;CIDENG;eyJpdiI6IkZyeUY2M0VtQzRYQmpnMjViMktJVFE9PSIsInZhbHVlIjoiYkxkdlExNi9YMUkwMW02eTlEaVBrZz09IiwibWFjIjoiZTllYzdhZDU1OTg5ODcyYTczMWQyMWU5MWIzZDc0YTJmMjljZjRiYjI1NGVjZDYyYTVmYWQzNzIwOWE2MjVkNSIsInRhZyI6IiJ9;Aktif;;[Kegiatan Usaha: -, Kategori: G, KBLI: 46523];;;17/06/2025;UB;Dir Pajak;-6,166384;106,804505;valid;;;FALSE;FALSE;TRUE;;;invalid;;;;;4
35975649;RENIYULIYANTI;Jl. Petojo VIY VI No.6-A Rt/Rw.002/004;3173080001;31;73;80;1;DKI JAKARTA;JAKARTA PUSAT;GAMBIR;CIDENG;eyJpdiI6InpUT3kyTER4UWsyNXF5d2RFR3E3V3c9PSIsInZhbHVlIjoiaVplQVJkcnE4QlhyUk5NZ3R2Z1NRZz09IiwibWFjIjoiMzhmZmQ0OTBkYmI2Y2M4OWIzZjJjNDQ0YmE0ZGEyMTE1ODkzMGRjOTk1NDRiMjYzZjZlYjg3YzRhYzQ3OWFlNCIsInRhZyI6IiJ9;Aktif;;[Kegiatan Usaha: Rumah/Warung Makan, Kategori: -, KBLI: 56102];;;31/12/2025;;;-6,1691377;106,8057672;valid;;;FALSE;FALSE;TRUE;;;invalid;;;;;4
35983169;EKA APRILIANI ACHMAD H;JL. CITARUM NO 56;3173080001;31;73;80;1;DKI JAKARTA;JAKARTA PUSAT;GAMBIR;CIDENG;eyJpdiI6IjgxbUdXNE5rWUlpSmlsWnByZVNUVkE9PSIsInZhbHVlIjoiRkJDT3hpcjNyZnhTNlFSckU3UmQ0Zz09IiwibWFjIjoiYTA4ZGUyM2FjZjQyNmMyN2Q0MGMxNmI3MDk1ZTlkMGYyODBkMDBkMmFlMTg2OGE1ZjFmOTk2MDBhZTQzNDE3YiIsInRhZyI6IiJ9;Aktif;;[Kegiatan Usaha: Kedai Makanan, Kategori: -, KBLI: 56103];;;31/12/2025;;;;;invalid;;;FALSE;FALSE;TRUE;;;invalid;;;;;4
36009785;DINAMIKA USAHATAMA;ITC Roxy Mas Blok C5 No 11, RT.9/RW.6, Cideng, Gambir, Kota Jakarta Pusat, Daerah Khusus Ibukota Jakarta 10160;3173080001;31;73;80;1;DKI JAKARTA;JAKARTA PUSAT;GAMBIR;CIDENG;eyJpdiI6IjFkSUgvMkVpUmZEZ1lia3BGT1NsL2c9PSIsInZhbHVlIjoiaExnMCtmTVQzeXk0Wi9PR3BKbE5VZz09IiwibWFjIjoiMDJkM2E0YzQ1ODYyNGM0MDZjYjE1NTdkNzlhODlkOTgwOTA2ODY0MjZlYjU0OTVhMDMxNTA4ZmYxMTg2NmM5NSIsInRhZyI6IiJ9;Aktif;;[Kegiatan Usaha: Hotel Melati, Kategori: -, KBLI: 55120];;;31/12/2025;;;-6,1673893;106,8025001;valid;;;FALSE;FALSE;TRUE;;;invalid;;;;;4
36033746;ELISENTRALISMAN LASE;Jl. Petojo VIY IV No. 11;3173080001;31;73;80;1;DKI JAKARTA;JAKARTA PUSAT;GAMBIR;CIDENG;eyJpdiI6IndvdTUrZjRHZUdLYmpOL0JsUGl1anc9PSIsInZhbHVlIjoiR0JVZHJOZENUcmtuU0h0SlEzaUpMdz09IiwibWFjIjoiYTNmYTRmY2ZhMmY0YTNmYmJjYjU1ZTAzMDFkZTQ5OGQ1NDhhNWViMWQ0ODlhYWRkM2IxMWZlMmUwYThkOTJlMCIsInRhZyI6IiJ9;Aktif;;[Kegiatan Usaha: Kedai Minuman, Kategori: -, KBLI: 56304];;;31/12/2025;;;-6,1691377;106,8057672;valid;;;FALSE;FALSE;TRUE;;;invalid;;;;;4
36033794;ELISENTRALISMAN LASE;Jl.Petojo VIY IV No. 11;3173080001;31;73;80;1;DKI JAKARTA;JAKARTA PUSAT;GAMBIR;CIDENG;eyJpdiI6Iks2NE9nWnlmR2lKY01GdzdURmhaanc9PSIsInZhbHVlIjoicWJObTI1dnFUUXdhamtLSEMybEtIQT09IiwibWFjIjoiYmFlMWJkZTllOWZkZjNmYjY0Njc4NDJmZTI5Y2ZiODg4NTA1ZTJlNGY5ZDUxMWNhYzQxOTAzMGUwOWJlY2ViOCIsInRhZyI6IiJ9;Aktif;;[Kegiatan Usaha: Rumah/Warung Makan, Kategori: -, KBLI: 56102];;;31/12/2025;;;-6,1691377;106,8057672;valid;;;FALSE;FALSE;TRUE;;;invalid;;;;;4
36035006;HAYATI;JL CIDENG BARAT;3173080001;31;73;80;1;DKI JAKARTA;JAKARTA PUSAT;GAMBIR;CIDENG;eyJpdiI6IkVhOGQvd1E0aFkzWHJMdlk1UkFsSmc9PSIsInZhbHVlIjoicEU2S05FZXBVeGdXVWloNkN4alVGdz09IiwibWFjIjoiMjhmYWMxNjY3M2RkYmMyN2UzOTVhNTFiZjMwZjBiOTUwMTAyNTIzNTgzMDhmYzkzMWU1ZWViOTBhNWFkNDNiMyIsInRhZyI6IiJ9;Aktif;;[Kegiatan Usaha: Rumah/Warung Makan, Kategori: -, KBLI: 56102];;;31/12/2025;;;-6,1727276;106,8111658;valid;;;FALSE;FALSE;TRUE;;;invalid;;;;;4
36044865;DWI DWIYANTI;Jl Bakti VII No.30;3173080001;31;73;80;1;DKI JAKARTA;JAKARTA PUSAT;GAMBIR;CIDENG;eyJpdiI6ImV0SkhFK0RKbm1jSlhQSzRxK1dsWXc9PSIsInZhbHVlIjoiY3dFWDBKN1cvWmxrWUg5aVdDSEU1Zz09IiwibWFjIjoiMThiYjVjNjc1MmNkM2FhYzQ2YWRlNDc0NTVlNzUzYTc5ZDFiM2I2YjY1ZmRlYzgxZjIwMTIzZTNiMWVlODk2NiIsInRhZyI6IiJ9;Aktif;;[Kegiatan Usaha: Penyediaan Jasa Boga Periode Tertentu, Kategori: -, KBLI: 56290];;;31/12/2025;;;;;invalid;;;FALSE;FALSE;TRUE;;;invalid;;;;;4
36052405;SIMON KURNIAWAN;JALAN KAMPAR NO.23, RT 003 / RW 003;3173080001;31;73;80;1;DKI JAKARTA;JAKARTA PUSAT;GAMBIR;CIDENG;eyJpdiI6Ik04WEgwWUNzeDA4UUNGS1lldEdjYUE9PSIsInZhbHVlIjoiYXdBM0lQbDhBWTRoRHdTdVRyZlYvdz09IiwibWFjIjoiN2EyMGNlZmJiZTE4MDFlMTc1ZmQyYmVkOGYwNmFkNzY2MzRiNGNkODAyOTRjNGRjOWMxMWQ5ZDY4ZDRiZmRiMyIsInRhZyI6IiJ9;Aktif;;[Kegiatan Usaha: Penyediaan Akomodasi Lainnya, Kategori: -, KBLI: 55900];;;31/12/2025;;;-6,1744396;106,8088915;valid;;;FALSE;FALSE;TRUE;;;invalid;;;;;4
36058196;DEDEN B KAMAL;Jl. Kp Bakti II/115;3173080001;31;73;80;1;DKI JAKARTA;JAKARTA PUSAT;GAMBIR;CIDENG;eyJpdiI6IkpNWXdSdnlsdXNEa283Mk1sejd4c3c9PSIsInZhbHVlIjoiQTdaWlFvaGZzY052VWtabG0yNjVqUT09IiwibWFjIjoiNmE4NTQ4ZDJmYjYxODg2NGM5YmMxMDY1ZGViMzBiOTZiZmYyMmZlZTBkZGJhMDg5N2E4ZjRhZjQ5YzBjOGNhYiIsInRhZyI6IiJ9;Aktif;;[Kegiatan Usaha: Penyediaan Akomodasi Lainnya, Kategori: -, KBLI: 55900];;;31/12/2025;;;;;invalid;;;FALSE;FALSE;TRUE;;;invalid;;;;;4
3606635;MINGPRABU NUSANTARA;RT 012 RW 002;3173080001;31;73;80;1;DKI JAKARTA;JAKARTA PUSAT;GAMBIR;CIDENG;eyJpdiI6IlN0Z2I5bW1JcFIycWpxY2RCdXdiTGc9PSIsInZhbHVlIjoiZUVJaEZ2MEVuby95bmw0WktheTR0Zz09IiwibWFjIjoiNzA4MmRhYjk5NjQ4NmY0OGI3MDA2NjJkMmQxZmJhYWU3YTc0NjIxMzhkZmJjOTVmNjhkMDk5YzU2MWVkNjc0MyIsInRhZyI6IiJ9;Aktif;;[Kegiatan Usaha: -, Kategori: G, KBLI: 46900];;;26/10/2025;UMKM;Dir Pajak;-6,1751212;106,8098939;valid;;;FALSE;FALSE;TRUE;;;invalid;;;;;4
3608544;O-FIVE MULTIMEDIA;RT 012 RW 002;3173080001;31;73;80;1;DKI JAKARTA;JAKARTA PUSAT;GAMBIR;CIDENG;eyJpdiI6Im1Ua3Bhb002eC96NFRIU3JrWUV0WlE9PSIsInZhbHVlIjoic0VyZ1pWV3ZYc2hYYnk0NEhudHhMUT09IiwibWFjIjoiZGEzNjU3MTk1NDU1ZTVlNDNmYzU5YzMzMTU4ZjllM2NlYzZlZDJkMjZjMTk5NGM2ZjNiMjc1MTZlYWU2Y2Y3NCIsInRhZyI6IiJ9;Aktif;;[Kegiatan Usaha: -, Kategori: G, KBLI: 46491];;;26/10/2025;UMKM;Dir Pajak;-6,1748125;106,8095033;valid;;;FALSE;FALSE;TRUE;;;invalid;;;;;4
36110641;JUPURA JAYA PROPERTINDO;JALAN TALAUD NOMOR 4A;3173080001;31;73;80;1;DKI JAKARTA;JAKARTA PUSAT;GAMBIR;CIDENG;eyJpdiI6Ims0aXVDUWliVEtuaGdOcXk1amJiaVE9PSIsInZhbHVlIjoiOWhrUFZSMzhrN1RucUVZR04xb0swdz09IiwibWFjIjoiMTc4MTc5ZDBhMzRmNGRkYjA4YzM1MDVhNjZkMGRjMzZjNWI1NmNjNTc5OGI3YjliMmNkODdiZWQ5ZTNiN2RkMSIsInRhZyI6IiJ9;Aktif;;[Kegiatan Usaha: -, Kategori: -, KBLI: 68111];;;31/12/2025;;OSS - Badan Usaha;-6,1706036;106,8095299;valid;;;FALSE;FALSE;TRUE;;;invalid;;;;;4
36115936;ANUGRAH MITRA KERJA;JALAN TANJUNG SELOR NO. 22;3173080001;31;73;80;1;DKI JAKARTA;JAKARTA PUSAT;GAMBIR;CIDENG;eyJpdiI6IjlGbzBiUUFMRXpTMzAxSWNLZFVGN0E9PSIsInZhbHVlIjoiOFVxWnZ5MVBKNGZNZ1VSTGhHbTIwdz09IiwibWFjIjoiNGY2OTcwNjIwYTA3MmQwZjhhMjliZDY1NDQ4NmMwMmJlOTA2ZWYzZjhmY2I4ODk4YWExOTlkOTE0ZDNjY2IzZSIsInRhZyI6IiJ9;Aktif;;"[Kegiatan Usaha: -, Kategori: -, KBLI: 26490]; [Kegiatan Usaha: -, Kategori: -, KBLI: 27404]; [Kegia...";;;31/12/2025;;OSS - Badan Usaha;-6,1676557;106,8025491;valid;;;FALSE;FALSE;TRUE;;;invalid;;;;;4
3619474;CITRA NUSA PERTIWI;RT 009 RW 009;3173080001;31;73;80;1;DKI JAKARTA;JAKARTA PUSAT;GAMBIR;CIDENG;eyJpdiI6IjZ5SCtGZ05GOE1GWEtJYkdFRWdEVVE9PSIsInZhbHVlIjoiUHAwUlEwMm1kL1RxUnFpeTRqUllaUT09IiwibWFjIjoiMjkxZDZmZGJjYWE5NjA5MDdiMjljZTlhNjg0ZDM3YWJhNTQ0MjVlZmZjM2FkZjkwNWU5NjQ5MWY5YTQ1YTM3NCIsInRhZyI6IiJ9;Aktif;;[Kegiatan Usaha: -, Kategori: G, KBLI: 46900];;;26/10/2025;UMKM;Dir Pajak;-6,1793984;106,8125263;valid;;;FALSE;FALSE;TRUE;;;invalid;;;;;4
3623472;PRIMA ABADI;PUSAT NIAGA ROXY MAS BLOK D4 NO.14 JL.KH.HASYIM ASHARI NO.125;3173080001;31;73;80;1;DKI JAKARTA;JAKARTA PUSAT;GAMBIR;CIDENG;eyJpdiI6IjNQMXc3RVNteXF2S1NpakdrSDFwMUE9PSIsInZhbHVlIjoiRkVrYWpyMlBiMlJub29jRFNtdFFodz09IiwibWFjIjoiZWQ1ZDExMTE2NTY3NmM5NDY0NmFiZGRhYTNiODM1OWVlYTViMmRmYTgyM2Q2ZjFkZTM4MGE5NTlkMzNhNWIxYiIsInRhZyI6IiJ9;Aktif;;[Kegiatan Usaha: -, Kategori: G, KBLI: 46900];;;26/10/2025;UMKM;Dir Pajak;-6,166753;106,8028378;valid;;;FALSE;FALSE;TRUE;;;invalid;;;;;4
3627161;MULTI MAKET INDONESIA;RT 011 RW 004;3173080001;31;73;80;1;DKI JAKARTA;JAKARTA PUSAT;GAMBIR;CIDENG;eyJpdiI6Im9vcFN5eU5yVTdiSVJrek8zZDJjdVE9PSIsInZhbHVlIjoiaGk3Q1RxRXAwRytRRGVrTzhrWUI0Zz09IiwibWFjIjoiYjUwMGYyYjk0MmE0YzYyMjUyODlmNjA3OGYyNDExNmI5MGQ5NmMyMjU5NzBlM2I1MTkzZDE4MzdhYjdhZTUzNSIsInRhZyI6IiJ9;Aktif;;[Kegiatan Usaha: -, Kategori: G, KBLI: 46521];;;26/10/2025;UMKM;Dir Pajak;-6,1712884;106,8097958;valid;;;FALSE;FALSE;TRUE;;;invalid;;;;;4
3633256;CITRA NAGA NUSANTARA;ROXY MAS BLOK.C-4 NO.17 JL.KH.HASYIM ASHARI 125, CIDENG;3173080001;31;73;80;1;DKI JAKARTA;JAKARTA PUSAT;GAMBIR;CIDENG;eyJpdiI6InM5WWdHUUhibS9UOCtxVDFRMnF6WFE9PSIsInZhbHVlIjoiZXdPTityTHNEODduaVg4S0IyYWFGQT09IiwibWFjIjoiMTYwYTY5OGFhNjY3ZGUyMDAwNDkzOGQwNTgyOTFlOTBmYjgwZjY4ODFhYjFlNjk2ZTdiYTU2ZmZmMDM4YTlmMCIsInRhZyI6IiJ9;Aktif;;[Kegiatan Usaha: -, Kategori: G, KBLI: 46900];;;26/10/2025;UMKM;Dir Pajak;-6,17852;106,8121215;valid;;;FALSE;FALSE;TRUE;;;invalid;;;;;4
3640568;PRO SARANA JAYA;KOMP.ROXY MAS BLOK.C5/14 JL.KH.HASYIM ASHARI NO 125, CIDENG;3173080001;31;73;80;1;DKI JAKARTA;JAKARTA PUSAT;GAMBIR;CIDENG;eyJpdiI6IkVLQ00rYUhDRzBiNDhhcDYybG0wb2c9PSIsInZhbHVlIjoiYThzSnBjUTVpTTE0cC9xZ21aczJnZz09IiwibWFjIjoiMTYxYmQxMjE2MzYyYzkzYmUxMDZmMDQ2ZTJhMGJkNjQxOTRkOWU2N2RkOTJlNTFjY2M5YWFkMjFkMmNmMWRmYiIsInRhZyI6IiJ9;Aktif;;[Kegiatan Usaha: -, Kategori: G, KBLI: 46900];;;26/10/2025;UMKM;Dir Pajak;-6,1674636;106,805129;valid;;;FALSE;FALSE;TRUE;;;invalid;;;;;4
3658965;MANDIRI RAYA MAKMUR;KOMPLEK RUKO ROXY MAS BLOK D1 NO.17 , JL. KH. HASYIM ASHARI;3173080001;31;73;80;1;DKI JAKARTA;JAKARTA PUSAT;GAMBIR;CIDENG;eyJpdiI6IjBxMXFoY1B6ZzZ4a05EZitQZ0cwRGc9PSIsInZhbHVlIjoiN1k0emVMTi9sVVRhVEtXSXZIR0RGZz09IiwibWFjIjoiZjhjYTg1ZjZiNzRmZjk2YmExYmMzNGY1NjAwMzliYjc0Y2I0YTdhZTdkY2RlMDRkY2Q3YTFhY2ZlOWE4OTVhMiIsInRhZyI6IiJ9;Aktif;;[Kegiatan Usaha: -, Kategori: G, KBLI: 46521];;;26/10/2025;UMKM;Dir Pajak;-6,1664172;106,8039419;valid;;;FALSE;FALSE;TRUE;;;invalid;;;;;4
3665638;ENVIROTEC;JL. KOTA BARU NO. 22A RT. RW., CIDENG;3173080001;31;73;80;1;DKI JAKARTA;JAKARTA PUSAT;GAMBIR;CIDENG;eyJpdiI6ImxiRDhLeURXL1FneFZTVEVNc01EalE9PSIsInZhbHVlIjoiWWNNaENXcXVaT3dqSXhqVjhQY0tvQT09IiwibWFjIjoiNDZkOTFkNzhkNzQzODA0NmZiMmQ4NTIwZjhkYjE2MmI1YWIzNzQ5MjhmNTQ2Y2Q3YmY5NDM1OTQyNmQ0YTZjYSIsInRhZyI6IiJ9;Aktif;;[Kegiatan Usaha: -, Kategori: F, KBLI: 42918];;;31/12/2025;UMKM;Dir Pajak;-6,169928074;106,8057785;valid;;;FALSE;FALSE;TRUE;;;invalid;;;;;4
3667055;CATUR MITRA SUKSES PERDANA;JL TANAH ABANG II;3173080001;31;73;80;1;DKI JAKARTA;JAKARTA PUSAT;GAMBIR;CIDENG;eyJpdiI6IjhHelpxZjRKRjh0ZHYvUU9SUTFIL1E9PSIsInZhbHVlIjoiS1Y3QjNwbkFLTWtlWDF4SzZ2NGx1UT09IiwibWFjIjoiYTc3MjI5NWI0YjM0YjhlMmRmNjdjZDgyZGU5NDU2NjcxODBkZjkzMzkzNzlmN2ZiOTY5OTg5MzZlZDhjYjkxZCIsInRhZyI6IiJ9;Aktif;;[Kegiatan Usaha: -, Kategori: M, KBLI: 70203];;;31/12/2025;UMKM;Dir Pajak;-6,178528786;106,8122635;valid;;;FALSE;FALSE;TRUE;;;invalid;;;;;4
3676743;RASAPURA NUSANTARA;RT 002 RW 005;3173080001;31;73;80;1;DKI JAKARTA;JAKARTA PUSAT;GAMBIR;CIDENG;eyJpdiI6IndQSlZrend3bCszeFhjNmlVTjZDeXc9PSIsInZhbHVlIjoib0ZRcG01OHFSRTFLQk92OHVEb3VXdz09IiwibWFjIjoiMmU5ZTQ5ZDQ0ZWQxYzllZTRkMmIwN2M4MjI2YjA3ZjM3ZjRkM2EzMjVlNjBiMDNmZDU0MTE0OTBlOGYxOWVjNiIsInRhZyI6IiJ9;Aktif;;[Kegiatan Usaha: -, Kategori: G, KBLI: 46339];;;26/10/2025;UMKM;Dir Pajak;-6,1666952;106,8071853;valid;;;FALSE;FALSE;TRUE;;;invalid;;;;;4
3682711;SUMBER HARAPAN;RT 010 RW 004;3173080001;31;73;80;1;DKI JAKARTA;JAKARTA PUSAT;GAMBIR;CIDENG;eyJpdiI6IjlSN2lkVzlYbnlreHFRWmgzbXNRcWc9PSIsInZhbHVlIjoicG54S2hyc051eFhHOFd4dmlWRHl6dz09IiwibWFjIjoiYjhkYjJmNWFlYTg5NGYwNzQ3NDU3NTIzNWU2ZDU3ZjQzMGVlYjUwY2VlZGI4MmE4YmVlYzU1ZDhkOTIzYzY0YiIsInRhZyI6IiJ9;Aktif;;[Kegiatan Usaha: -, Kategori: G, KBLI: 46900];;;26/10/2025;UMKM;Dir Pajak;-6,1703538;106,8086659;valid;;;FALSE;FALSE;TRUE;;;invalid;;;;;4
3683417;DWI UTAMA MANDIRI;RT 008 RW 011;3173080001;31;73;80;1;DKI JAKARTA;JAKARTA PUSAT;GAMBIR;CIDENG;eyJpdiI6InplK1dtcGVnTm5LTEt0dW5jdWtlSWc9PSIsInZhbHVlIjoiT1JrRGtmNFRnOTJyVm9BeGJNRk5FQT09IiwibWFjIjoiNzNjZTRhMTdiNzEyMjk3ODI3ZTJiY2FiMWYzNGMyM2M2NTNkNGViODcxMjJhZDIwMjBiZGJmNGJhNDA3YzljMCIsInRhZyI6IiJ9;Aktif;;[Kegiatan Usaha: -, Kategori: G, KBLI: 46900];;;26/10/2025;UMKM;Dir Pajak;-6,1685738;106,8086716;valid;;;FALSE;FALSE;TRUE;;;invalid;;;;;4
3695782;ERA INDONESIA;PUSAT NIAGA ROXY MAS BLOK D3 NO 19, JL KH HASYIM ASHARI;3173080001;31;73;80;1;DKI JAKARTA;JAKARTA PUSAT;GAMBIR;CIDENG;eyJpdiI6IkxNSGNYUkNnSHRwTlR4VkwvYnB2RHc9PSIsInZhbHVlIjoiWmdzRHV4Y2hwbHRHTm93Q1M4RTd3QT09IiwibWFjIjoiM2RjMDk0NzRiNmJlN2MwOTZmZjY1MmYxYWQzOWY2M2M0M2FlZDRmODQ3YmUxMmFiOTFlMjY1OTAwZWFhMWI2YSIsInRhZyI6IiJ9;Aktif;;[Kegiatan Usaha: -, Kategori: G, KBLI: 46523];;;26/10/2025;UMKM;Dir Pajak;-6,166433;106,8029841;valid;;;FALSE;FALSE;TRUE;;;invalid;;;;;4
3697340;ERA POINT BHAKTITAMA;KOMPLEK RUKO ROXY MAS BLOK E.1 NO. 12 A, JL KH HASYIM ASHARI;3173080001;31;73;80;1;DKI JAKARTA;JAKARTA PUSAT;GAMBIR;CIDENG;eyJpdiI6Iks0U3NmbFp0NXhXaUxHaDZsQ0Noc0E9PSIsInZhbHVlIjoiNGtGOEVvNEZOcUdka24xVUhFUDYrQT09IiwibWFjIjoiZGYwOWE2NWY2MjA5MTM2MGI2YzgyY2UyNDkwMjVlODE5MTBkY2NhYjQ4NWZlOTgzNTZkNGIxNjllYzQwYTVmNCIsInRhZyI6IiJ9;Aktif;;[Kegiatan Usaha: -, Kategori: G, KBLI: 46521];;;26/10/2025;UMKM;Dir Pajak;-6,1676893;106,8036751;valid;;;FALSE;FALSE;TRUE;;;invalid;;;;;4
3698809;CROWN ENTERTAINMENT;JL.KAPUAS NO.21 TELP.3845728;3173080001;31;73;80;1;DKI JAKARTA;JAKARTA PUSAT;GAMBIR;CIDENG;eyJpdiI6IjM3L3pqR1VXWDN6di8xMWRablJneHc9PSIsInZhbHVlIjoiMEJNOWZpNTNsMU1tUjhSMC9CU1pRZz09IiwibWFjIjoiYjEyYjdmNDcyZDVlNWUyNjFjZTk0OWFlMmY5OWExN2Q3ZjEyZDJiMTVlMDlhOTE0MjFkY2FhMDVlNWZmZjcxYiIsInRhZyI6IiJ9;Aktif;;;;;31/12/2025;UMKM;Dir Pajak;-6,175724983;106,8096466;valid;;;FALSE;FALSE;TRUE;;;invalid;;;;;4
3705893;IROC INDONESIA;RUKO ROXY MAS BLOK C IV NO 30, JL KH HASYIM ASHARI;3173080001;31;73;80;1;DKI JAKARTA;JAKARTA PUSAT;GAMBIR;CIDENG;eyJpdiI6Im1MRC9pZXJVUXhGRFE5dkx3aThDd1E9PSIsInZhbHVlIjoiSU1FMTBudWxwdDZXMDkvblBLTVFsdz09IiwibWFjIjoiYzA2YzJlODQwZTFiZmRkNDZiYTczOWRkNjI0NzY4NDNhNTI0YmY3YzMzNTBmNzhiMWNlZWY1NTg0ZjNmY2U4YyIsInRhZyI6IiJ9;Aktif;;;;;31/12/2025;UMKM;Dir Pajak;-6,166433;106,8029841;valid;;;FALSE;FALSE;TRUE;;;invalid;;;;;4
3707693;HORIZON NAWRUZ INTERNATIONAL;BRANTAS 1, CIDENG;3173080001;31;73;80;1;DKI JAKARTA;JAKARTA PUSAT;GAMBIR;CIDENG;eyJpdiI6IjBjM1FRSDhsR0ZBT3lEZklwai92b3c9PSIsInZhbHVlIjoiblB1TFhXaFRtdysxWkVaWmQzNXpTQT09IiwibWFjIjoiZWMyYjJjODFiNDRhNWMwMWM1OTBmMmQxNTAzOWU3ODYwZmQ1M2FlYjgzM2JiZmUwY2E1ZWZjOWE1YmYzYWFhNSIsInRhZyI6IiJ9;Aktif;;[Kegiatan Usaha: -, Kategori: J, KBLI: 59112];;;31/12/2025;UMKM;Dir Pajak;-6,17971611;106,812088;valid;;;FALSE;FALSE;TRUE;;;invalid;;;;;4
3716963;TERADAYA INTEGRA;RT 003 RW 001;3173080001;31;73;80;1;DKI JAKARTA;JAKARTA PUSAT;GAMBIR;CIDENG;eyJpdiI6Ik8wOXNpdTNEaVlHQkxUWkVrdS9URXc9PSIsInZhbHVlIjoidnlxL2RBbWlWd28wMUVrVUhwQ0lrQT09IiwibWFjIjoiODllODdmN2RhOWM2MWZmZmRkMzNmNDZkOTkzOWRiMTVjYTBhZTA3ZmZhMjYzNDQ5NDBlMTNlODVlNzY5ZDliZiIsInRhZyI6IiJ9;Aktif;;[Kegiatan Usaha: -, Kategori: G, KBLI: 46521];;;26/10/2025;UMKM;Dir Pajak;-6,179309;106,8113879;valid;;;FALSE;FALSE;TRUE;;;invalid;;;;;4
3720454;SEMANGAT JAYA;JL. KH FACHRUDIN 36 BLOK E LT. 3 LOS D15 NO. 2;3173080001;31;73;80;1;DKI JAKARTA;JAKARTA PUSAT;GAMBIR;CIDENG;eyJpdiI6Imo3ZG0vaUx3dXJtaW9WYkswWTRPU1E9PSIsInZhbHVlIjoiV0xYWmZpelI3cmRENHZlQzNxdSs1UT09IiwibWFjIjoiM2I4NGY1YzBkNDQwMTI2ZWVlMTQzNWUyOTg1OWM0YmFlYTZiZThkYzVkZmU1MmEzNTVjM2QzMTc5M2JjYjYxMSIsInRhZyI6IiJ9;Aktif;;[Kegiatan Usaha: -, Kategori: G, KBLI: 47511];;;31/12/2025;UMKM;Dir Pajak;-6,1719019;106,8090392;valid;;;FALSE;FALSE;TRUE;;;invalid;;;;;4
3720987;SARANA KREASI PRATAMA;RT 014 RW 002;3173080001;31;73;80;1;DKI JAKARTA;JAKARTA PUSAT;GAMBIR;CIDENG;eyJpdiI6ImhQVmVmM2d4M1c1N1F3TFB1dTVsUmc9PSIsInZhbHVlIjoieEIvYm1xKzJhaXp4T1pMYzVxOFE2dz09IiwibWFjIjoiOGI0NmRhYzExYTU5NzM5N2Y4ZjZiNjFmMTRjZjhkMDA1YjY5M2YxMmZlMmYxNDUzMGE4ZWI2OTg0YjM0MDExYiIsInRhZyI6IiJ9;Aktif;;[Kegiatan Usaha: -, Kategori: G, KBLI: 46620];;;26/10/2025;UMKM;Dir Pajak;-6,1727276;106,8111658;valid;;;FALSE;FALSE;TRUE;;;invalid;;;;;4
3742946;PEKAT TEKNOLOGI INDONESIA;JL CITARUM;3173080001;31;73;80;1;DKI JAKARTA;JAKARTA PUSAT;GAMBIR;CIDENG;eyJpdiI6IksyNGNYVGhjd2RNeTJ4b2dRWjMvZUE9PSIsInZhbHVlIjoiM3huSFR2VlorKzRrM1doUGZsLzdSZz09IiwibWFjIjoiNjM4N2U2ODgzMjRmNjgzZTlmODUwOWNmN2EwMzNhZDM1MGIxNjVlYmUwODk0MzYzNzkzNDA1OWI5NGM3ZGRiNiIsInRhZyI6IiJ9;Aktif;;[Kegiatan Usaha: -, Kategori: G, KBLI: 46521];;;31/12/2025;UMKM;Dir Pajak;-6,17795372;106,8093872;valid;;;FALSE;FALSE;TRUE;;;invalid;;;;;4
3762180;SURIA INTI SEMESTA;JL. KYAI CARINGIN;3173080001;31;73;80;1;DKI JAKARTA;JAKARTA PUSAT;GAMBIR;CIDENG;eyJpdiI6IlhRRGx0OEhWSXZXT1E2NUEzek9QeWc9PSIsInZhbHVlIjoiTFdJWXVBcWxjYXM4UnRXMm5tZzhoQT09IiwibWFjIjoiMDlmYjVmYzkzZmQ1Zjg5ZTc2OGQwNWY5ZjEzMzQ0ZGE3NWNhYThiODJiNWIyZjFmYWVjMzJlMGZhMTM5YWZmMCIsInRhZyI6IiJ9;Aktif;;[Kegiatan Usaha: -, Kategori: G, KBLI: 46521];;;26/10/2025;UMKM;Dir Pajak;-6,171101;106,80886;valid;;;FALSE;FALSE;TRUE;;;invalid;;;;;4
3776386;JAYA KUSUMA SARANA;GEDUNG ROXY MAS BLOK D4 NO. 5 JL KH.HASYIM ASHARI;3173080001;31;73;80;1;DKI JAKARTA;JAKARTA PUSAT;GAMBIR;CIDENG;eyJpdiI6Im5hK2MrTVdidGRLSTV3eElVdlU3SHc9PSIsInZhbHVlIjoiaUlmWmFjMGVnTzhqcGd6VEN6eEFlQT09IiwibWFjIjoiNjMxYTgxNTJiYjZjZDBhNTE3MTI4NWYzNzgxMzIzZjkxMTllYzI4MjliOGU4NzBhODgxZWM1NGE3MzI3YmNkZiIsInRhZyI6IiJ9;Aktif;;[Kegiatan Usaha: -, Kategori: F, KBLI: 41017];;;26/10/2025;UB;Dir Pajak;-6,1687865;106,8031616;valid;;;FALSE;FALSE;TRUE;;;invalid;;;;;4
3777041;KRESNA VISI UTAMA;JL BIAK NO 14 / B-3, CIDENG;3173080001;31;73;80;1;DKI JAKARTA;JAKARTA PUSAT;GAMBIR;CIDENG;eyJpdiI6IkovSklUZ0JvSW1maHVLNXg0M004eUE9PSIsInZhbHVlIjoiNTQwRnArYUxOMUR4dDFpVjN2ZjFEQT09IiwibWFjIjoiYzRmZWQ5NTY1ZmY0MzE5Y2QyMTQxYzFlNDI4Yzk2YjYwOTVjYjY4MGRlNzVjNjViMDM2OTQzMGIwNjc1NDQ5ZSIsInRhZyI6IiJ9;Aktif;;[Kegiatan Usaha: -, Kategori: G, KBLI: 46641];;;26/10/2025;UMKM;Dir Pajak;-6,1708339;106,8087625;valid;;;FALSE;FALSE;TRUE;;;invalid;;;;;4
3830428;ANDAL GLOBAL SOLUSINDO;JL KH HASYIM ASHARI;3173080001;31;73;80;1;DKI JAKARTA;JAKARTA PUSAT;GAMBIR;CIDENG;eyJpdiI6ImQ4QzY5NmZzSmkva0JMSURGYkpVTEE9PSIsInZhbHVlIjoieFdNYlhXcnM0TmtQTDJtOHpjVVdlZz09IiwibWFjIjoiNjhjODY5NWI5OTQyNGY5YzBlY2U3ZjdiYjJhOTdiMjdmZWM1MWVmMDIzYzBjZTA3YjhjMmQzMzI4ZjhiODVkNCIsInRhZyI6IiJ9;Aktif;;"[Kegiatan Usaha: -, Kategori: G, KBLI: 46521]; [Kegiatan Usaha: -, Kategori: -, KBLI: 62029]";;;26/10/2025;UB;Dir Pajak;-6,1664256;106,8043335;valid;;;FALSE;FALSE;TRUE;;;invalid;;;;;4
3831496;PHILNESIA INTERNATIONAL;JL. CIDENG BARAT NO 65-B, KEL.CIDENG, KEC.GAMBIR.;3173080001;31;73;80;1;DKI JAKARTA;JAKARTA PUSAT;GAMBIR;CIDENG;eyJpdiI6IkRyd2xPdzhKQ2Y1SUJaTmE4L0FHMVE9PSIsInZhbHVlIjoidVpkSXdHTjQxb2hlL0xvY2ZsSVNjZz09IiwibWFjIjoiZjUxZjRjMTM2OGI1NTI4MWY1NjM1ZTY0OTg3ZWM0OWRlN2ZjOGY4ZWI2NDY4YTcwNzI4YjdhYTYyMmRhN2NiZCIsInRhZyI6IiJ9;Aktif;;"[Kegiatan Usaha: -, Kategori: C, KBLI: 31002]; [Kegiatan Usaha: INDUSTRI FURNITURE DARI ROTAN DAN BA...";;;17/06/2025;UB;Dir Pajak;-6,177173;106,809353;valid;;;FALSE;FALSE;TRUE;;;invalid;;;;;4
38445294;BAKMI AYAM <AGUS>;Halte biak/depan apotek hari baik, RT 0/RW 0;3173080001;31;73;80;1;DKI JAKARTA;JAKARTA PUSAT;GAMBIR;CIDENG;eyJpdiI6IjM2djZwS0FTWFEzSHhqaFlMU0JHV3c9PSIsInZhbHVlIjoiSThFWThjU2d5dHhrcWMxMEFVdGNvQT09IiwibWFjIjoiNjM3NWM2ZTM3NDliZTExYjFjOTUxYTgyODhkZTJiZGE3YmU3N2YzMjM2NTczYjgwNDg3ZDI5MDhmMjgwZjk0MyIsInRhZyI6IiJ9;Aktif;;;;;31/12/2025;;;-6,1692192;106,8084944;valid;;;FALSE;FALSE;TRUE;;;invalid;;;;;4
38531677;NASI UDUK <MARIA>;Jl. Ternate no.82, RT 12/RW 6;3173080001;31;73;80;1;DKI JAKARTA;JAKARTA PUSAT;GAMBIR;CIDENG;eyJpdiI6IjdtU2FiR0ZmRTcyalpocHhtK2pBVXc9PSIsInZhbHVlIjoic3VRNjVnU0dRWS9zZU9iMWhHREd2Zz09IiwibWFjIjoiN2U2ZTgwYzg1Njg4NTRlMDYyZDUyOTIzMWM0NjgwMWNjNTMwZmI1ZGE3Y2NhMzE3ZjdjNGU2ODdiZDViYWQwMSIsInRhZyI6IiJ9;Aktif;;;;;31/12/2025;;;-6,143965;106,825945;valid;;;FALSE;FALSE;TRUE;;;invalid;;;;;4
38531730;ADE CATERING NASI UDUK 84 <ADE JANUAR>;JL. BIAK, RT 5/RW 6;3173080001;31;73;80;1;DKI JAKARTA;JAKARTA PUSAT;GAMBIR;CIDENG;eyJpdiI6IllnQ282aWEzbm9zdlFnY0ticlVkVEE9PSIsInZhbHVlIjoiUXZyN0poV1BsYVJrOU81ZGpReWdUUT09IiwibWFjIjoiY2JjNGUyYWVjNzZjMmMxNzI2MWU1OTQ1ZGE0NjgxZmUwY2VlYjI2YjU0NzVlNDU0ZTg1YTE3YWExYTUyYmMwZSIsInRhZyI6IiJ9;Aktif;;;;;31/12/2025;;;-6,1666421;106,8082998;valid;;;FALSE;FALSE;TRUE;;;invalid;;;;;4
3854661;ARI SARANA JAYA;PUSAT NIAGA ROXY MAS BLOK B1 NO 30 LANTAI 3 JL KH HASYIM ASHARI;3173080001;31;73;80;1;DKI JAKARTA;JAKARTA PUSAT;GAMBIR;CIDENG;eyJpdiI6Ik9TTHM0Z0pMOGhoemNWZjdnQlQyTEE9PSIsInZhbHVlIjoiTFpJZC9zQUZ6L0EzVHRxT2NZWFdMUT09IiwibWFjIjoiM2Y0Y2Q3YWRiZTI2NGJhMTEzODA5YTY4MGY5MjYxYjViY2RkNjdiZjA1N2ZlMWQ2Y2M1OWM5NTk1ZDcwMjNkYSIsInRhZyI6IiJ9;Aktif;;;;;31/12/2025;UMKM;Dir Pajak;-6,166433;106,8029841;valid;;;FALSE;FALSE;TRUE;;;invalid;;;;;4
38579336;IRMA SUMIYATI;Jln.Petojo VIY Ii Dlm no 12A, RT 4/RW 6;3173080001;31;73;80;1;DKI JAKARTA;JAKARTA PUSAT;GAMBIR;CIDENG;eyJpdiI6IlZwSnBHOEFkZHJoWUxuVEVQY1NseEE9PSIsInZhbHVlIjoiV0VlRVFybWZTbk9odEp4QjQvc3dBdz09IiwibWFjIjoiNzQxMGI0NmRkNjg2MGI2NzY4NDA4MGFhOWU5ZjllZGUwMzM3MWQ1OGQ5MjFjMjUwNzE4ZDMzZDBhMGNjMmJkYiIsInRhZyI6IiJ9;Aktif;;;;;31/12/2025;;;-6,1691377;106,8057672;valid;;;FALSE;FALSE;TRUE;;;invalid;;;;;4
38579379;TOKO MAS IBNU <IBNU AJI NUGROHO>;Jalan Tanjung Selor, RW 06, Cideng, Gambir, Jakarta Pusat, RT 17/RW 6;3173080001;31;73;80;1;DKI JAKARTA;JAKARTA PUSAT;GAMBIR;CIDENG;eyJpdiI6ImdmdHBvT05SL1gyZHhoODhoWFdqYnc9PSIsInZhbHVlIjoiTjlMdmdLYkpEVE94SnhJd1Nrd1VuZz09IiwibWFjIjoiNjYxMTI3OTc5NTY5MWY5Nzg0ZDFmOTI2MDRjNjZiYzY3MmQyYjNkODY2NDQxMzc5NWYzZjMxOGUwYzM0M2ZiOSIsInRhZyI6IiJ9;Aktif;;;;;31/12/2025;;;-6,1676557;106,8025491;valid;;;FALSE;FALSE;TRUE;;;invalid;;;;;4
38579387;WARUNG KELONTONG IBU VITRI <SAVITRI>;Jl. Petojo VIY VII No. 2, RT 2/RW 6;3173080001;31;73;80;1;DKI JAKARTA;JAKARTA PUSAT;GAMBIR;CIDENG;eyJpdiI6InhpbTgxS2tIM1prd3pHaFVrK0JpL0E9PSIsInZhbHVlIjoiN0xJejEvYUMwbi9Bb2FRWFBJTTdsZz09IiwibWFjIjoiNWYyNGM3ZmU3NjdiNjYyZGI2Y2YxZDZlNmE4OTc4MmMzN2JmYjk5NTEwOTU0MGY0YmI4NjA5ZTJkMWRjMjMyMiIsInRhZyI6IiJ9;Aktif;;;;;31/12/2025;;;-6,1691377;106,8057672;valid;;;FALSE;FALSE;TRUE;;;invalid;;;;;4
3859611;ADSCO MANDIRI;JL. LEMATANG NO. 27, CIDENG;3173080001;31;73;80;1;DKI JAKARTA;JAKARTA PUSAT;GAMBIR;CIDENG;eyJpdiI6Iko2SG5jb1VZd29iUTFSUDI1YVNrREE9PSIsInZhbHVlIjoiYXhwZ0RSSGkvVnVBMzE2OWVrOXBWUT09IiwibWFjIjoiOGE1NzI0Nzc5NTExZTJkYWI4YzYwMDNmMzFiMTMyZTljZTA2MDY1MTBmOTFiNDUzNDZkMzRhZjM4NWQ3MjdkYyIsInRhZyI6IiJ9;Aktif;;[Kegiatan Usaha: -, Kategori: G, KBLI: 46900];;;26/10/2025;UMKM;Dir Pajak;-6,172548;106,8096215;valid;;;FALSE;FALSE;TRUE;;;invalid;;;;;4
38629188;WARUNG BAROKAH <PADMIASIH>;JL. CIMANUK NO 3, RT 16/RW 1;3173080001;31;73;80;1;DKI JAKARTA;JAKARTA PUSAT;GAMBIR;CIDENG;eyJpdiI6IlFhcWo1bFpQby93ajhrVHVObllnaUE9PSIsInZhbHVlIjoidnJLZWNUdytrN1F4NEQ5bkdBMnNMZz09IiwibWFjIjoiNzU4YTY0ZmU4ZmRhMzg5N2Q3NmY0MzBjNDNhNDM0NmY3ZjNjMTZhNDE5NjI5NmQ1YmEzNjU0NzQ2MjUyODI1OSIsInRhZyI6IiJ9;Aktif;;;;;31/12/2025;;;-6,176841308;106,8115934;valid;;;FALSE;FALSE;TRUE;;;invalid;;;;;4
38629215;NASI UDUK 26 <ANISSA RACHIM>;Petojo VIY II dalam No.26A, RT 5/RW 6;3173080001;31;73;80;1;DKI JAKARTA;JAKARTA PUSAT;GAMBIR;CIDENG;eyJpdiI6ImNXTWFkSmEwOUpvN0Z2M3krajRhd3c9PSIsInZhbHVlIjoiaEd6MUJVUFlYaTRaeENYdmdjcmZ5UT09IiwibWFjIjoiNDkwZGEzNjZiMzM0NGVhMTNiMDkwZmY2YTJmODkzM2ExY2Y4NmVhZjJlZjM1Mjg4MzY5YTIwNTllMDg0NTk5MSIsInRhZyI6IiJ9;Aktif;;;;;31/12/2025;;;-6,1691377;106,8057672;valid;;;FALSE;FALSE;TRUE;;;invalid;;;;;4
38629222;WARUNG MINUMAN BIBAH <BIBAH STIOWATI>;Jl. Kmp bakti No. 27 B, RT 2/RW 7;3173080001;31;73;80;1;DKI JAKARTA;JAKARTA PUSAT;GAMBIR;CIDENG;eyJpdiI6IiswVlQ2V003MXVJbVF3eVZsTGpaNnc9PSIsInZhbHVlIjoibkdSQ2xVdjVSS1A2WnhSdk5ranBtZz09IiwibWFjIjoiMjM0MTA3ZTk3MzU4M2E3MzU5M2I3NzUxZGRhNzI1YjgwMDQyOGQ3OGRkZjEzMjhmMDQwNjYzMzEyMmYzMGM3ZSIsInRhZyI6IiJ9;Aktif;;;;;31/12/2025;;;-6,166889465;106,80161;valid;;;FALSE;FALSE;TRUE;;;invalid;;;;;4
38629223;WARUNG NASI BU NUR <NURYATI>;JL. CITARUM ATAS NO13, RT 18/RW 1;3173080001;31;73;80;1;DKI JAKARTA;JAKARTA PUSAT;GAMBIR;CIDENG;eyJpdiI6Iko2ZzFXMWRSbUsydm90QU5NMEwyMGc9PSIsInZhbHVlIjoidW51Q1IzTUlRNVRPZ0svb25UUUhkZz09IiwibWFjIjoiNmJkYjA1MjNkNThmNTQ3ZjBjZTI3MTkxNmFhZDY0YzQ3NmNhNTNkNDBmNmY1YTY2MWFiMjIyMmJmY2ZmZTBlOSIsInRhZyI6IiJ9;Aktif;;;;;31/12/2025;;;-6,178183959;106,8091391;valid;;;FALSE;FALSE;TRUE;;;invalid;;;;;4
38629234;WARUNG IRAH <UNIRAH>;jalaan sangau No. 8, RT 11/RW 8;3173080001;31;73;80;1;DKI JAKARTA;JAKARTA PUSAT;GAMBIR;CIDENG;eyJpdiI6ImJWK21RS2ozSlJiQUw0Z0RIVERPNGc9PSIsInZhbHVlIjoiekZIdnFna2szV1gzc3BCNkV0RFE2dz09IiwibWFjIjoiZGZjMWZkN2MzZjIyYmQ5NGFlY2JiNTQ4NmJiOGQ0MjhkOTgwZTg0Mzk2ZGE5YmRhNzQ4OWI4ZGIzODc1NTVmMiIsInRhZyI6IiJ9;Aktif;;;;;31/12/2025;;;-6,170186667;106,8036833;valid;;;FALSE;FALSE;TRUE;;;invalid;;;;;4
38629242;NASDUK CEL <JIMSEN ACHNER KANDAU>;JL CIBANTEN NO 10, RT 9/RW 1;3173080001;31;73;80;1;DKI JAKARTA;JAKARTA PUSAT;GAMBIR;CIDENG;eyJpdiI6IjQ4Mjg5dFB2eHpKMEtoaWZacngycXc9PSIsInZhbHVlIjoiUit5Y2pySW5GVWxLSTNYcTBjZG12dz09IiwibWFjIjoiOGFjNjhlNThmNTQ1YTJmNjI5M2RkMDUwMWUwZDhkNzM4ZmFhNTI2NDExZGUxY2ZlZWQ0YjNiMTQwNjRjNzE0NiIsInRhZyI6IiJ9;Aktif;;;;;31/12/2025;;;-6,177129432;106,8108437;valid;;;FALSE;FALSE;TRUE;;;invalid;;;;;4
3865339;SINAR MENTARI PRATAMA;JL. CIDENG BARAT NO.87, CIDENG;3173080001;31;73;80;1;DKI JAKARTA;JAKARTA PUSAT;GAMBIR;CIDENG;eyJpdiI6IktiWmlxK2ZMSm9SQ2hBYm5zdTRkY0E9PSIsInZhbHVlIjoiN05XbW40M3pKYytvUUxyZXUrTVl1QT09IiwibWFjIjoiNTRjMmRiYWQwNTEwZDI0OTJiM2FmNmFmMDdlMWZjNzBkYmE2M2ZjNDIzNTgzZjc3ZGVkZmQyMGYxYTAwNjYzNiIsInRhZyI6IiJ9;Aktif;;;;;31/12/2025;UMKM;Dir Pajak;-6,1785495;106,812296;valid;;;FALSE;FALSE;TRUE;;;invalid;;;;;4
38678500;WARUNG IBU SUNARTI <SUNARTI>;Jalan biak, RT 3/RW 6;3173080001;31;73;80;1;DKI JAKARTA;JAKARTA PUSAT;GAMBIR;CIDENG;eyJpdiI6IkFTcnJIVTJGOU9QRVhyMVZGNng2c1E9PSIsInZhbHVlIjoiRlpvYm1qZVpxd2kwaEhSVEZOZ0VwQT09IiwibWFjIjoiNDZiYTA2NjQzMDc4Y2U0NDNmNjRhMjBiZTlhN2RlMWViZGI0NDEzZWM3YTZlOGNlYjUyNTkwZDUwM2MwMTg5OCIsInRhZyI6IiJ9;Aktif;;;;;31/12/2025;;;-6,1666421;106,8082998;valid;;;FALSE;FALSE;TRUE;;;invalid;;;;;4
38678510;Warung Roxy Ayam Bakar <roni>;Jl Tanjung Selor No 3, RT 0/RW 0;3173080001;31;73;80;1;DKI JAKARTA;JAKARTA PUSAT;GAMBIR;CIDENG;eyJpdiI6IkZvanlvNTBrSFZYY1AzMW1xMVVDZHc9PSIsInZhbHVlIjoiNXpVZ0ZZK2cvdnUyMWZBNVhBU2xEZz09IiwibWFjIjoiYWY3NWNiYTM2ZGIwY2ZhNzE4OTRjZmQ0YjVhNTdmYWJjZDBiZjhiYTVhOWVkNDMzYzUyMWRlNTc3MmU5YzI2ZiIsInRhZyI6IiJ9;Aktif;;;;;31/12/2025;;;-6,1676557;106,8025491;valid;;;FALSE;FALSE;TRUE;;;invalid;;;;;4
38678553;MIE AYAM ROZAK <ROZZAK MUCHAROM>;KP BAKTI NO 43, RT 3/RW 7;3173080001;31;73;80;1;DKI JAKARTA;JAKARTA PUSAT;GAMBIR;CIDENG;eyJpdiI6ImJuN3VhSGtHMk40UFpERm5vWi9pZ2c9PSIsInZhbHVlIjoiZUNIS0VrWmdOVkpWa2ZTT0VvaTFSZz09IiwibWFjIjoiOTZkMzgwYTA5NWY0OTFkZjA2ODZmYWY4NGFhNzg3MmE1ZjFiMjRhNzdhMThmOTE0YjUzOTEzYmI4YWM0MmUzNiIsInRhZyI6IiJ9;Aktif;;;;;31/12/2025;;;-6,167624562;106,8018068;valid;;;FALSE;FALSE;TRUE;;;invalid;;;;;4
38678557;WARUNG NASI PADANG SETIA KAWAN <SYAMSUL YONRI>;jl. Petojo VIY, RT 11/RW 6;3173080001;31;73;80;1;DKI JAKARTA;JAKARTA PUSAT;GAMBIR;CIDENG;eyJpdiI6ImdVR0ZtemRBRE9Sd2taeHV6Ky80TFE9PSIsInZhbHVlIjoiK3lsVHEvcHFuUFhpQWF6QXl4Vi9jdz09IiwibWFjIjoiMjA3Mjc2YTYwMmVkOTMzOWQ0YWFhOWQwOTU1MDNmZWYxYWEzZmQ5YjdkYmM3ZjdlMzI2ZTFlYjU2Yjk5MWNmOSIsInRhZyI6IiJ9;Aktif;;;;;31/12/2025;;;-6,1691377;106,8057672;valid;;;FALSE;FALSE;TRUE;;;invalid;;;;;4
38678566;WIWI ANDRALIA KARTOLO;JL.SANGIHE NO.15A, RT 9/RW 4;3173080001;31;73;80;1;DKI JAKARTA;JAKARTA PUSAT;GAMBIR;CIDENG;eyJpdiI6ImpFbXZlRXNKRFFoMHpJUjJyY3NCR0E9PSIsInZhbHVlIjoiN01vVjBkRmMxWTAyc2tJemQxSVpBZz09IiwibWFjIjoiZjkzMTdjNjFmMDU3YjA5NWVjMTEwNTY2MGNiNzdjMjBmMmQ5NjNkMjNkOWQyMzM1YzdiMTNiZmM5YTQ2NjNmYSIsInRhZyI6IiJ9;Aktif;;;;;31/12/2025;;;-6,1705151;106,8107918;valid;;;FALSE;FALSE;TRUE;;;invalid;;;;;4
38678572;HENDRIK CELL <HENDRI SETIAWAN>;Jl sanggau taman kota baru, RT 11/RW 6;3173080001;31;73;80;1;DKI JAKARTA;JAKARTA PUSAT;GAMBIR;CIDENG;eyJpdiI6Ii9ObjZPaDl4cWtsM1Y4MnlVOTNaN3c9PSIsInZhbHVlIjoiWG80V2NCWjZWcTVUZkVkeUsxUDlMQT09IiwibWFjIjoiMjc0MGFjMjAzZDAwMmRmYWU2MTRmZGEwNjIzNTMyZDI3M2NmOTRlNjlmYzg1MzNmZDgyYmQ2NjNlZjg2YjJiNiIsInRhZyI6IiJ9;Aktif;;;;;31/12/2025;;;-6,170184668;106,8049909;valid;;;FALSE;FALSE;TRUE;;;invalid;;;;;4
38678582;WARUNG BU YULI <YULIANI>;Jalan Jatibaru Bengkel, RW 01, Cideng, Gambir, RT 15/RW 1;3173080001;31;73;80;1;DKI JAKARTA;JAKARTA PUSAT;GAMBIR;CIDENG;eyJpdiI6InZTYnZwMng2V2t0VHhZeHdkN2xGN0E9PSIsInZhbHVlIjoibGc5ZkNoUFY2MWRhOG9OVDRMVTdUZz09IiwibWFjIjoiYmIyMjVjMzZmN2JjZDg4NDQ3ZjY5ZGQ3YzhlNzA5MTU5OWUxNTdlM2E0NGY3NTE2NzRiYzJkYWM4OWFjYjlmOCIsInRhZyI6IiJ9;Aktif;;;;;31/12/2025;;;-6,182244627;106,8127636;valid;;;FALSE;FALSE;TRUE;;;invalid;;;;;4
38678611;WARUNG MAKAN <NADIN>;Itc, RT 10/RW 1;3173080001;31;73;80;1;DKI JAKARTA;JAKARTA PUSAT;GAMBIR;CIDENG;eyJpdiI6IldLVlRGZkU4T2ZyR2ZMamcxT1FpdlE9PSIsInZhbHVlIjoiVHk4NGVWTURlNkNTYTdwV085aXJ2Zz09IiwibWFjIjoiYmQyZWVkMTdkMDE2YmRiMDc5Y2Y5ZjAzODRkMWFmODAxNDIwOTdjZTBlZTNmMzIzMjZjNzBiMTFkYzEwM2ZiZiIsInRhZyI6IiJ9;Aktif;;;;;31/12/2025;;;-6,2236338;106,8258483;valid;;;FALSE;FALSE;TRUE;;;invalid;;;;;4
38678619;JULIWARTI;JL PETOJO VIY II DLM NO 12-A, RT 4/RW 6;3173080001;31;73;80;1;DKI JAKARTA;JAKARTA PUSAT;GAMBIR;CIDENG;eyJpdiI6IlVscmhiZHNEZjBTQkxHZHR0NDdPRUE9PSIsInZhbHVlIjoiVnRrRlNmOGxKcHFwLzNNUGNqT2d5dz09IiwibWFjIjoiZGM4YmMzNjk4N2NjMGY2MmZkZWYwODgxMTMxNGI3YzVjNGY0MDEwNzZkOWYxYjk5OGEyM2U5NjI0OTg2MjA4ZiIsInRhZyI6IiJ9;Aktif;;;;;31/12/2025;;;-6,1691377;106,8057672;valid;;;FALSE;FALSE;TRUE;;;invalid;;;;;4
38728743;WARUNG BU TINI <WARTINI>;JL. TANJUNG SELOR NO.8, RT 8/RW 7;3173080001;31;73;80;1;DKI JAKARTA;JAKARTA PUSAT;GAMBIR;CIDENG;eyJpdiI6Ik9HT05rUWxNS0J6aGg0MG81UUpLRmc9PSIsInZhbHVlIjoiQ0s3OHIxdm1aUW5MK0lROUVad2RVUT09IiwibWFjIjoiNmI1NmI2NDQzMzZkY2M0ZTFiNDBjOWUxMzNlNThlODViNDdlNDE2NWRiMGIxNGJmNTRjMWIwNjI2MDczYjc3YiIsInRhZyI6IiJ9;Aktif;;;;;31/12/2025;;;-6,1676557;106,8025491;valid;;;FALSE;FALSE;TRUE;;;invalid;;;;;4
38728752;SOTO TANGKAR MUJI TUWUH <MUJI TUWUH>;Jl. Sukadana JP 47, RT 11/RW 6;3173080001;31;73;80;1;DKI JAKARTA;JAKARTA PUSAT;GAMBIR;CIDENG;eyJpdiI6Ik14N0Q3ci94WjdZMDJsRy9qUGk5Z0E9PSIsInZhbHVlIjoiUjB5Qzk2cFA0NUhocVBMVzNMaWRGdz09IiwibWFjIjoiYzE4MGQ0MjkzMTk3YmQ4ZmU1NGFhMmI5ODg3MDU1ZGZlNzI3YTUzMzBhMDZkOTM1MzY2NTQ3ZDJmZmU4Mzg2OCIsInRhZyI6IiJ9;Aktif;;;;;31/12/2025;;;-6,170184668;106,8049909;valid;;;FALSE;FALSE;TRUE;;;invalid;;;;;4
38728778;GEGER BETTA SHOP <GEGER GEMILANK>;JL. CIMANUK NO. 3- C, RT 16/RW 1;3173080001;31;73;80;1;DKI JAKARTA;JAKARTA PUSAT;GAMBIR;CIDENG;eyJpdiI6IlBqUkR0SUNTdFBOdFlqbUd6cW9tYnc9PSIsInZhbHVlIjoiVXZ6eXpNSDRMNStLQ1FBVjN6VmpRQT09IiwibWFjIjoiYTAyNjE0MzE0NTcxZDQxNGZhNTBlOWQ4MDI5ODc0YWQwNzllMzhkYzFkMWMyOTkzZjA1OWE2YzkzNTY4MWU0ZSIsInRhZyI6IiJ9;Aktif;;;;;31/12/2025;;;-6,176841308;106,8115934;valid;;;FALSE;FALSE;TRUE;;;invalid;;;;;4
38728786;MELLI JOHANA JUNUS;JL.PETOJO SELATAN XI/8A, RT 6/RW 11;3173080001;31;73;80;1;DKI JAKARTA;JAKARTA PUSAT;GAMBIR;CIDENG;eyJpdiI6Imx2b053alYrWHpJeW5xZFR5dElVOXc9PSIsInZhbHVlIjoiYkc1VDJKdFFyZUdRNk1Td3ZzTXRtUT09IiwibWFjIjoiOTFiOTMzNmFhMjhiNjM4YjBiMGY3ZDE5MTgyNTg3ZDNlNDEzMDdjMzVlOTE0ZWQwNzEwYTFhMWI0ODhhMjY2NCIsInRhZyI6IiJ9;Aktif;;;;;31/12/2025;;;-6,1750093;106,816434;valid;;;FALSE;FALSE;TRUE;;;invalid;;;;;4
38728800;SUTARDI;JL. CITARUM ATAS NO. 26, RT 17/RW 1;3173080001;31;73;80;1;DKI JAKARTA;JAKARTA PUSAT;GAMBIR;CIDENG;eyJpdiI6Ilp1SldLaCtRZk9BcUY5a0o5VzlMMHc9PSIsInZhbHVlIjoiNHRYbENmSGlLbkV3a3dOUmJQSklVQT09IiwibWFjIjoiMmE2YjBjZDkzMTdhNzlmYTcyZmY3Yzc2Y2ZkMDRhNTliMmJhZWQxMGNiYTIyN2VkNjUxZDc4MDhlOGFlZmNjMiIsInRhZyI6IiJ9;Aktif;;;;;31/12/2025;;;-6,180966322;106,8102764;valid;;;FALSE;FALSE;TRUE;;;invalid;;;;;4
38728808;WARUNG MINUMAN BU IFAH <SITI MARIPAH>;Jln Citarum atas No 12A, RT 18/RW 1;3173080001;31;73;80;1;DKI JAKARTA;JAKARTA PUSAT;GAMBIR;CIDENG;eyJpdiI6Im5KaTI1ZUFZVUZ3MkpvSSs0RjJKOVE9PSIsInZhbHVlIjoiMmphOU95dGdJRXdKcjB4ejhGWjNUZz09IiwibWFjIjoiMTYyZjQ4NjEyZWQ1ODdmOGRmMWU4ZDUwMzE2Njg3Mjk3NTg3ZTdiODkyNWUzN2FjZGQ1ZjMwZDJhNDc5YTBlZSIsInRhZyI6IiJ9;Aktif;;;;;31/12/2025;;;-6,178183959;106,8091391;valid;;;FALSE;FALSE;TRUE;;;invalid;;;;;4
38728813;WARUNG MINUMAN MBA ITA <ELITA GUSTIANTI>;Jl. Kmp. Bakti, RT 4/RW 7;3173080001;31;73;80;1;DKI JAKARTA;JAKARTA PUSAT;GAMBIR;CIDENG;eyJpdiI6IjRaU2F6dFhraG1OTS9UZE9vb0RVZHc9PSIsInZhbHVlIjoiTGFFMU1vNkFCTUxVQVdGTEtmSWZGUT09IiwibWFjIjoiOWNiYzVjOTQwMzMwZTRmM2E5ZGRkMGQ0MDZjN2RiMjkyOTJhY2ZjZjYwYmM5ZWNjZmJhMGIyMGIzZGUyNjZlMyIsInRhZyI6IiJ9;Aktif;;;;;31/12/2025;;;-6,167071116;106,8022277;valid;;;FALSE;FALSE;TRUE;;;invalid;;;;;4
38728848;WARUNG BU IPAH <SITI MARIPAH>;Jl. Citarum atas No.12, RT 0/RW 0;3173080001;31;73;80;1;DKI JAKARTA;JAKARTA PUSAT;GAMBIR;CIDENG;eyJpdiI6IlB1d01NKy8xZE5Hd2Z0RnZITHJOTkE9PSIsInZhbHVlIjoid1NVL2lKbUtlbUN5RHNSSWs0ZDV2Zz09IiwibWFjIjoiNjAzOGIwODQ4NTM5OTg3OWRkNTMzMTMwYmM5MGM2ZjdkOWQzZmNjZTk0NjE4ZTk4OWEzM2IxOGFlMjVmOWQxMSIsInRhZyI6IiJ9;Aktif;;;;;31/12/2025;;;-6,1783596;106,8098486;valid;;;FALSE;FALSE;TRUE;;;invalid;;;;;4
3877327;KLASER TECHNOLOGY INDONESIA;PUSAT NIAGA ROXY MAS BLOK E2 NO.44, JL. K.H. HASYIM ASHARI;3173080001;31;73;80;1;DKI JAKARTA;JAKARTA PUSAT;GAMBIR;CIDENG;eyJpdiI6InJHeE9HSjJOd00vTldtT2V3VEdDR3c9PSIsInZhbHVlIjoidVd4cnFXMTZNOGJGMEpvNTljZmZpdz09IiwibWFjIjoiNmJmMzY0Y2UyNzYzMGQyYWRlYTk2MmFhN2NkYWEzODk1NDk5MGVmYjVhYWMzYTk3NDliNzM0N2UxNmFjY2NkZSIsInRhZyI6IiJ9;Aktif;;[Kegiatan Usaha: -, Kategori: C, KBLI: 18111];;;26/10/2025;UMKM;Dir Pajak;-6,1691093;106,8039454;valid;;;FALSE;FALSE;TRUE;;;invalid;;;;;4
38778870;JELLY POTTER <DEWI AGUSTINA>;JL.CIDENG BARAT NO.93, RT 6/RW 9;3173080001;31;73;80;1;DKI JAKARTA;JAKARTA PUSAT;GAMBIR;CIDENG;eyJpdiI6IjZCemtqdGJ3a3BJUExCRVY1ZWxyOWc9PSIsInZhbHVlIjoiZW9nbjduTzdUK1VyUjIxUFp6NWo4Zz09IiwibWFjIjoiODM4OTBjMGZiYjZkNDMwNjhmYTlmZTcyN2RiN2Y4MjcxODU1NjliYzlmMGRmOWU0NzE2OWZhNTVkMGQ2MTc2OSIsInRhZyI6IiJ9;Aktif;;;;;31/12/2025;;;-6,1573177;106,810909;valid;;;FALSE;FALSE;TRUE;;;invalid;;;;;4
38778897;NASI UDUK 91 <ANI MASPIAH>;JL. PULO PIUN NO.12, RT 3/RW 4;3173080001;31;73;80;1;DKI JAKARTA;JAKARTA PUSAT;GAMBIR;CIDENG;eyJpdiI6IjhHSjh5Q3JHbDlPTVgvaVcvaG1LK0E9PSIsInZhbHVlIjoiUGRtbTRWR3VlNWFLSHBKRHdvNDNhQT09IiwibWFjIjoiOWY2YTZiYTcyN2U1MDkzZDIyMWNhYmQ0NmMyZDUxMjliNWMxMmU3Y2Y4MzNhMzgxZGU3ZWNmMjllNGVmMGI5YyIsInRhZyI6IiJ9;Aktif;;;;;31/12/2025;;;-6,169651;106,8089794;valid;;;FALSE;FALSE;TRUE;;;invalid;;;;;4
38778906;WARUNG NASI UDUK TEH NENG IKA <IKA ROSDIANA>;JL. CIDENG BARAT DALAM NO.18, RT 12/RW 1;3173080001;31;73;80;1;DKI JAKARTA;JAKARTA PUSAT;GAMBIR;CIDENG;eyJpdiI6IkNURE1mUUNjV3NaaGRKdThKRk1Wamc9PSIsInZhbHVlIjoiL0NSR1JGY204Mjk1S0F0K0hOYWFrdz09IiwibWFjIjoiN2U1YWYzZDZmMzRjOGE2ZmRlMjI0YjhlNGZkOTczZmNjMWU4OTVjMDkxMDAwNzFmZjkwNGM4MTg5NTg2MDNlZSIsInRhZyI6IiJ9;Aktif;;;;;31/12/2025;;;-6,1573177;106,810909;valid;;;FALSE;FALSE;TRUE;;;invalid;;;;;4
38778945;WARUNG BU NING <NING ASTUTI>;JL.CIMANUK NO.5 BLK, RT 16/RW 1;3173080001;31;73;80;1;DKI JAKARTA;JAKARTA PUSAT;GAMBIR;CIDENG;eyJpdiI6IlA0K1BYczNPNXlIMHJOaWYwTkFPQ2c9PSIsInZhbHVlIjoieVZMV2d5blJWcjVzT2ZRSnFrcHF1QT09IiwibWFjIjoiZjZkZTZlMWU5YTZlZThkMjYwN2YyMjU3NTk2ZjFjMjMzZTIzZGFlMjk4NmQ5NjE2MzBiNWI0ZTVhN2RjMDE5NyIsInRhZyI6IiJ9;Aktif;;;;;31/12/2025;;;-6,176841308;106,8115934;valid;;;FALSE;FALSE;TRUE;;;invalid;;;;;4
38778949;WARUNG MAMA GRACE <CARIS TRISNAWATI>;JL. CIBANTEN NO 17 A, RT 9/RW 1;3173080001;31;73;80;1;DKI JAKARTA;JAKARTA PUSAT;GAMBIR;CIDENG;eyJpdiI6IkRrS0xGbUVDOFRXdWdOY0sxYXJtY2c9PSIsInZhbHVlIjoiZXl5elNhRHpUWUhZeFROb0RhWmM2Zz09IiwibWFjIjoiMjRhZThlNzcxNmU0ZWY1YjQ4ODIxNWZkNjUwMDE0MGVlZWJlNzkyOWYwMzkzOTJkZTgyZjcwM2JmOGUxNGMyZiIsInRhZyI6IiJ9;Aktif;;;;;31/12/2025;;;-6,1772543;106,8102193;valid;;;FALSE;FALSE;TRUE;;;invalid;;;;;4
38778967;WARUNG MAMA KOBBY <SRI KUSWATI>;JLKAMPUNG BAKTI NO.5A, RT 4/RW 7;3173080001;31;73;80;1;DKI JAKARTA;JAKARTA PUSAT;GAMBIR;CIDENG;eyJpdiI6IjFWdG9yTElpU0h3VEJUeXZ3V3c1ZWc9PSIsInZhbHVlIjoiSCtzSk9YTC8xYzBETnVPSjhLaXhDdz09IiwibWFjIjoiNGFmOTRiOThiOGM3NWU4OGQxYjg3ODk3MTgyOTQzNDljM2YwM2RlNDBiNzVjZjY1NWJkMzdkMzMwMzQ0ZWNlNSIsInRhZyI6IiJ9;Aktif;;;;;31/12/2025;;;-6,167071116;106,8022277;valid;;;FALSE;FALSE;TRUE;;;invalid;;;;;4
38778974;WARUNG KOPI IBU ANI (JP 47) <MASDUKI>;JALAN SUKADANA, RT 11/RW 6;3173080001;31;73;80;1;DKI JAKARTA;JAKARTA PUSAT;GAMBIR;CIDENG;eyJpdiI6IkRBb0hwam1YaDg1YTFxdFV6OWhTQXc9PSIsInZhbHVlIjoiejZ0L1g3VTZlZXVnSFpYUS9Ldjd5Zz09IiwibWFjIjoiNzNkN2NhNTg1MzA3OTMyNmRkMDY5NTU2NTVhMzZmZWUwMjI3MzA1ZDY3YzU1ZThlZjM5NTlmYTQ4NDQ1MWM5ZiIsInRhZyI6IiJ9;Aktif;;;;;31/12/2025;;;-6,170184668;106,8049909;valid;;;FALSE;FALSE;TRUE;;;invalid;;;;;4
38829395;WARUNG BU YULI <JULIWARTI>;Jln.Petojo VIY II Dlm no 12, RT 5/RW 6;3173080001;31;73;80;1;DKI JAKARTA;JAKARTA PUSAT;GAMBIR;CIDENG;eyJpdiI6IjhoandOWC9Jc3ViNkpQejQ0SFdiRXc9PSIsInZhbHVlIjoia2tSM1Y0c0YrcjJ4Nmd0WW8zcWNoUT09IiwibWFjIjoiOTVkNGYzNGQzZmJlMDg2OWY1MzkxOTIxMTBjMDUwMjg5MTQzNjAxNmI1Y2Y4MTJmYWJmOTI5NTY2Y2Y2YmFkYyIsInRhZyI6IiJ9;Aktif;;;;;31/12/2025;;;-6,1691377;106,8057672;valid;;;FALSE;FALSE;TRUE;;;invalid;;;;;4
38829399;WARUNG SEMBAKO KENZO <SRI LESTARI>;Jln Citarum No 53, RT 18/RW 1;3173080001;31;73;80;1;DKI JAKARTA;JAKARTA PUSAT;GAMBIR;CIDENG;eyJpdiI6Imx0QmhnMHZrbHV0S2tPZWhVbHlRbEE9PSIsInZhbHVlIjoidkltbHRDRWlld29saGx5M3hXUFBxUT09IiwibWFjIjoiYmU2MzAyOTEyZjU5MDUzNjE1NGRhZDAwMGM3NTkzNzU2Y2I0NzRkYTkyMGM1ZTY5Mjc1Mjk4ZDkwMGNlMGEyOCIsInRhZyI6IiJ9;Aktif;;;;;31/12/2025;;;-6,178183959;106,8091391;valid;;;FALSE;FALSE;TRUE;;;invalid;;;;;4
38829400;WARUNG BU IMAH <SARIMAH>;Jalan Citarum, RW 01, Cideng, Gambir, Jakarta, RT 17/RW 1;3173080001;31;73;80;1;DKI JAKARTA;JAKARTA PUSAT;GAMBIR;CIDENG;eyJpdiI6Imx1Nm5rdDBybVdaVzg5N21nUTl3YkE9PSIsInZhbHVlIjoiRjRHQ3dvamFrYzVVZXp2NkhFaDR4QT09IiwibWFjIjoiYjk1YWI0ZDJkMTdiYzU1NTZkZWNhNzJhMDEwZjExYzk0YzVjYTE3M2M0ZGY1NzM3MDVlZGVhOGRkZDZlZTRiNiIsInRhZyI6IiJ9;Aktif;;;;;31/12/2025;;;-6,1767376;106,8085096;valid;;;FALSE;FALSE;TRUE;;;invalid;;;;;4
38829405;KUE PUTU MEDAN <MUHAMMAD LATIF>;Jl. Biak Raya, RT 5/RW 4;3173080001;31;73;80;1;DKI JAKARTA;JAKARTA PUSAT;GAMBIR;CIDENG;eyJpdiI6InBVOW1NQ0thRE5NRCt0dVVYbm05MUE9PSIsInZhbHVlIjoiWjRvMVo5dXFqKzZhMjJLeEVadnFpUT09IiwibWFjIjoiN2EyZjlhNzY2YmMyOWJkZjQyODM5NjUwOThjOWE0OWI2ZTYwZjk5ZDcwMDUzNmZkM2M4YWNmNDM0NDkyYjYwMiIsInRhZyI6IiJ9;Aktif;;;;;31/12/2025;;;-6,169721917;106,8092493;valid;;;FALSE;FALSE;TRUE;;;invalid;;;;;4
38829413;NASI PADANG SETIA KAWAN <SYAMSUL YONRI>;Jl. Sukadana JP 47, RT 1/RW 6;3173080001;31;73;80;1;DKI JAKARTA;JAKARTA PUSAT;GAMBIR;CIDENG;eyJpdiI6InlKcDRFZlg4dlBJeFFpZnM0WE9kT3c9PSIsInZhbHVlIjoiZ09lSjRlQW9sejF0ZCt2RE9RMFpkdz09IiwibWFjIjoiM2Y4MjlhOTkxNjBjM2I3ZDViZmRhNjY5MTczNDAxYWNkZDQ3ZTQ4ODlhZjIyMzYzMDk2YWU5M2NkNmZkNzRkYSIsInRhZyI6IiJ9;Aktif;;;;;31/12/2025;;;-6,170743506;106,8081873;valid;;;FALSE;FALSE;TRUE;;;invalid;;;;;4
38829435;WARUNG NASI KUNINGAN <E T I>;Jalan Biak ( JP 16 ), RT 8/RW 6;3173080001;31;73;80;1;DKI JAKARTA;JAKARTA PUSAT;GAMBIR;CIDENG;eyJpdiI6IlhJMmN2UDh3a05LWTViQmphUXNKbHc9PSIsInZhbHVlIjoiS0hSZlFMQVM0VkdZNnBIRTF6ZHU3Zz09IiwibWFjIjoiMTQ2YjhiN2QyZGFhNzc4YzI4NjEwOTJjMjI5NjcyOGZmM2MyMjlhNDViMDkyNGY1ZTU3NGU4ZTI3NmU5NDczMSIsInRhZyI6IiJ9;Aktif;;;;;31/12/2025;;;-6,170008305;106,8061391;valid;;;FALSE;FALSE;TRUE;;;invalid;;;;;4
38829452;WARUNG BAROKAH <PADMIASIH>;JL.CIMANUK, RT 16/RW 1;3173080001;31;73;80;1;DKI JAKARTA;JAKARTA PUSAT;GAMBIR;CIDENG;eyJpdiI6IllYWlRYUUtCQTlHeVFqdHp1eW80eUE9PSIsInZhbHVlIjoieUt1cG43SVFBdFBRR0s4RktMTzhnZz09IiwibWFjIjoiMGM0NzkxZGRhYWRkZWNkNmI3NDVlZjMwMzA0YTQ5NWU1NmE5NDY3NTRkNGU3N2U0NTcwOGY1ZDdjZjg4OTk0ZSIsInRhZyI6IiJ9;Aktif;;;;;31/12/2025;;;-6,176841308;106,8115934;valid;;;FALSE;FALSE;TRUE;;;invalid;;;;;4
38829453;Warung Marina <Marina>;Jl Roxy Mas Pertokoan , RT 0/RW 0;3173080001;31;73;80;1;DKI JAKARTA;JAKARTA PUSAT;GAMBIR;CIDENG;eyJpdiI6ImZDOEF3R0xhQWxLeEpNMVBFa0laeGc9PSIsInZhbHVlIjoidS9BeWRtL0swb0FQbTVna01nZEh2UT09IiwibWFjIjoiYjJjZWViMTZiMzUyOWViNWQ3MDhiMjBiY2U3MGY0YzIzMWQ2ZThmZTY1ZWYwNjU1NGZmZGY4Nzg2NDUwOGE0ZiIsInRhZyI6IiJ9;Aktif;;;;;31/12/2025;;;-6,166694;106,8030367;valid;;;FALSE;FALSE;TRUE;;;invalid;;;;;4
38829455;AYAM BAKAR SUHIMAN <SUHIMAN>;JL PETOJO VIJ V, RT 0/RW 6;3173080001;31;73;80;1;DKI JAKARTA;JAKARTA PUSAT;GAMBIR;CIDENG;eyJpdiI6ImVYdHdxYXF2dGo4OS9JN3g0OGpmWmc9PSIsInZhbHVlIjoiTHI4Qk01UEE1ZlUzN0RuNGZrQk43QT09IiwibWFjIjoiNzk5ODA4YmMzZTMwNGZjNWY3YjVmYjE0MDA1YjVjYzU1MzkzNDM4ODJhMTY1ZTllZmUyN2FmMmNmODVkNzI2YSIsInRhZyI6IiJ9;Aktif;;;;;31/12/2025;;;-6,1721776;106,8069007;valid;;;FALSE;FALSE;TRUE;;;invalid;;;;;4
38829461;WARUNG BU IPAH <SITI MARIPAH>;Jl. Citarum Atas No. 12A, RT 18/RW 1;3173080001;31;73;80;1;DKI JAKARTA;JAKARTA PUSAT;GAMBIR;CIDENG;eyJpdiI6InJyWVJ1MmtiektkaGJKUkhRbmgxbFE9PSIsInZhbHVlIjoiZFl6V2dJREViR1hPTk9CaUZMSHlWZz09IiwibWFjIjoiNDJkZjVmNzgyMDFlZTRmZGU4OTllMzZhMjA0YWZiNmE3ZTdkMjYzODQxMGM0Yzk3OTUwNGZlYmJlZTI4ZmVmNyIsInRhZyI6IiJ9;Aktif;;;;;31/12/2025;;;-6,178183959;106,8091391;valid;;;FALSE;FALSE;TRUE;;;invalid;;;;;4
38829522;WARUNG LENNY <LENNY MASRIYANI>;JL TANJUNG SELOR, RT 7/RW 7;3173080001;31;73;80;1;DKI JAKARTA;JAKARTA PUSAT;GAMBIR;CIDENG;eyJpdiI6Ii8rbmg5d1pJaVg4aEgydWMvQ3JRTVE9PSIsInZhbHVlIjoiTjJUOU8zZmZEdDJuNGlUenpGbE9JQT09IiwibWFjIjoiNDNhOTA1ODE0OWIwODA3NmQyMThiZmQ2NmM0MTdkY2E2ZWMzNzI3MGQ5NjdmNDU2MDQzMDYzMDYyZGY1YmNlNCIsInRhZyI6IiJ9;Aktif;;;;;31/12/2025;;;-6,1676557;106,8025491;valid;;;FALSE;FALSE;TRUE;;;invalid;;;;;4
38879159;WARUNG KELONTONG IBU YANI <SURYANI>;Jl. Tanjung Selor No. 30, RT 9/RW 7;3173080001;31;73;80;1;DKI JAKARTA;JAKARTA PUSAT;GAMBIR;CIDENG;eyJpdiI6ImRmQWZwTE1HdFFCeUJjclVrcVNnM1E9PSIsInZhbHVlIjoiekxINmlqbkpURFpGVkg0SllrL0s4UT09IiwibWFjIjoiMGY3ZjlkNDkyMDgzYjNlODhkNzAwMGYyM2Q4ZDE1MDBmM2RlNWNiOGQ2YTE0MGMxMGVkY2ZkMTBiNGRmNjhhNiIsInRhZyI6IiJ9;Aktif;;;;;31/12/2025;;;-6,1676557;106,8025491;valid;;;FALSE;FALSE;TRUE;;;invalid;;;;;4
38879173;BATAGOR OTONG <IMAM MUNANDAR>;Jl. Sukadana JP 47, RT 11/RW 6;3173080001;31;73;80;1;DKI JAKARTA;JAKARTA PUSAT;GAMBIR;CIDENG;eyJpdiI6IlpjbEMvaUVXb1habUZ0Rm1UVkdTNHc9PSIsInZhbHVlIjoidklVZFNDWGZwWHpaZFhwMGhDT2dadz09IiwibWFjIjoiODcxYjA0ZmI4OTgwMjIzZGJhZDM1MmJjNDMxNTczYjMxMTlkMDUyYjk1Mzc2ZmZlMDkyNWJmYzg3ODVlNzk5ZSIsInRhZyI6IiJ9;Aktif;;;;;31/12/2025;;;-6,170184668;106,8049909;valid;;;FALSE;FALSE;TRUE;;;invalid;;;;;4
38879190;WARUNG NASI IBU SUMI <SUMIYATI>;Jl. Tanjung Selor No. 37, RT 10/RW 7;3173080001;31;73;80;1;DKI JAKARTA;JAKARTA PUSAT;GAMBIR;CIDENG;eyJpdiI6InFsMFMzMHlFNnZZTkIzdjFhbVZaakE9PSIsInZhbHVlIjoieDdqNzdPaFF4ejBFZmZIRDFkQXNaZz09IiwibWFjIjoiZDdjNTc0ZWJhZTY5MzY0M2U2OTViZDk2ZjA5YTc1ZDI2Y2IwZTM2MTljNDBhM2JjYWMwNDJlYWMwNDFjNTQ4YyIsInRhZyI6IiJ9;Aktif;;;;;31/12/2025;;;-6,1676557;106,8025491;valid;;;FALSE;FALSE;TRUE;;;invalid;;;;;4
38879191;WARUNG KELONTONG IBU ELI <SRI SUKARNI>;Jl. Kmp. Bakti No. 21, RT 4/RW 7;3173080001;31;73;80;1;DKI JAKARTA;JAKARTA PUSAT;GAMBIR;CIDENG;eyJpdiI6InFpOGxYb3RObFRsZ0lOaTdsK1VKSEE9PSIsInZhbHVlIjoiR1NwYkNWMjB6aEtGU2UrRGo1dUsxUT09IiwibWFjIjoiOTcyNmE3MGFlMGYwYzc0OWY5YTc1NTcwYzUwNTVlMDcwNjlkM2NlYjkxNzI2N2Q3MWNlOTI4N2JlZjk2Mjg2MyIsInRhZyI6IiJ9;Aktif;;;;;31/12/2025;;;-6,167071116;106,8022277;valid;;;FALSE;FALSE;TRUE;;;invalid;;;;;4
38879197;Warung Mba Ipeh <nuripah>;Jl Tanjung Selor No 15, RT 0/RW 0;3173080001;31;73;80;1;DKI JAKARTA;JAKARTA PUSAT;GAMBIR;CIDENG;eyJpdiI6IjZRUHNRaXByaVRCT3RSMVB3blhJRUE9PSIsInZhbHVlIjoiVFBRZmkybFV0R2krMktCVkVZOEhZZz09IiwibWFjIjoiMjY3MjJmMjZlZWU5NTVjYmVmZjk3MzBiNWM1YTZmMmIzNDFlOWQzYTIxYmI4YjEzYWZjY2QyZTA2OGNkZTcxZSIsInRhZyI6IiJ9;Aktif;;;;;31/12/2025;;;-6,1703518;106,8044027;valid;;;FALSE;FALSE;TRUE;;;invalid;;;;;4
38879219;KEDAI ND <MULYANAH>;Jalan Tanah Abang II, RW 03, Cideng, Gambir, Jakarta Pusat,, RT 18/RW 1;3173080001;31;73;80;1;DKI JAKARTA;JAKARTA PUSAT;GAMBIR;CIDENG;eyJpdiI6InNWeDhvVGJGMHMrVEVranlTNlE5eXc9PSIsInZhbHVlIjoia3k1bDdMNGw4ZzdkY1VPZzRnNzVIUT09IiwibWFjIjoiYjNiZWU1OTljZWFkZDY0NjhlOTVhMTYxN2ZhMWNmYjczZTZmMWQ5Zjk1NmU3YWRiNTY1ZDMxMGVjMjdhNGRlNyIsInRhZyI6IiJ9;Aktif;;;;;31/12/2025;;;-6,176126;106,8099356;valid;;;FALSE;FALSE;TRUE;;;invalid;;;;;4
38879231;BAKERY 2K <DWI AYU SELIANTI IDRIS>;JL. CIMANUK NO. 7-A, RT 16/RW 1;3173080001;31;73;80;1;DKI JAKARTA;JAKARTA PUSAT;GAMBIR;CIDENG;eyJpdiI6IkJPV0pxR0hoMDh1ZkRlRWgwT2RsbUE9PSIsInZhbHVlIjoiUUNZVkt1dUZLU2NlcE9NdlpEbWVzZz09IiwibWFjIjoiYjg4ZTE4NzM5YTg3NjQ2YjdhYTE1YTY2NGY3MTY3MDllZjE4OThhMGMwN2EyYmJjZmQ0NDk2OTE1NDc3ZjQ2MyIsInRhZyI6IiJ9;Aktif;;;;;31/12/2025;;;-6,176841308;106,8115934;valid;;;FALSE;FALSE;TRUE;;;invalid;;;;;4
38879238;HEN LESMANA <HENDRA BUDI LESMANA>;Jalan Cilengsir, RW 01, Cideng, Gambir, RT 11/RW 1;3173080001;31;73;80;1;DKI JAKARTA;JAKARTA PUSAT;GAMBIR;CIDENG;eyJpdiI6InUvZUVFZmhUeFhzcnJ1V0t6QWtPNlE9PSIsInZhbHVlIjoiWEhQWlBoNWJMVi9vT2pndHJOK2d1dz09IiwibWFjIjoiNWUxOGQ1YjQ4ZDk2M2RkNzY3ZjExZWU1NTA0OTBiNTk0ZTM5Yjg4NTcwMGNjOWI4NTZhZTBmYjNjZTFjNzY3ZCIsInRhZyI6IiJ9;Aktif;;;;;31/12/2025;;;-6,1780121;106,8114281;valid;;;FALSE;FALSE;TRUE;;;invalid;;;;;4
38879240;WARUNG BU WATI <TJAHJAWATI>;jl. tg selor barat, RT 7/RW 7;3173080001;31;73;80;1;DKI JAKARTA;JAKARTA PUSAT;GAMBIR;CIDENG;eyJpdiI6ImRxVWd3NVc1Q3ZVQjZoS2hLVWlxTFE9PSIsInZhbHVlIjoiYk9FZWpBbUNyMkpIOWh1dDYzL0ZOZz09IiwibWFjIjoiMjY0MGE4ZjlkOTFkYzc4ZmMyYmI5MWNkZTg1MmJlNTU0OTQwMWVmMWEyZmQ2NzQ0ZGEwYTUyNjg4NzdlOTRiOSIsInRhZyI6IiJ9;Aktif;;;;;31/12/2025;;;-6,170232111;106,8036991;valid;;;FALSE;FALSE;TRUE;;;invalid;;;;;4
38879244;ES KELAPA MANG WAHYU <WAHYUDIN>;Jl sukadana JP 47, RT 11/RW 6;3173080001;31;73;80;1;DKI JAKARTA;JAKARTA PUSAT;GAMBIR;CIDENG;eyJpdiI6IjNsZzc2NVI1ZTVnVWxaenQ5V3k4cGc9PSIsInZhbHVlIjoibVh4dUErcGllSWU4YWpFdks4bTk0Zz09IiwibWFjIjoiMDc5NDQ5OTJjZGI0MGQwZGU5ZTFlNmE0ZGQyNDQxNTY1YzYzYjNmNzYzZWY4YzE3ZDZiNjk1YzYxNGVmYTA2NSIsInRhZyI6IiJ9;Aktif;;;;;31/12/2025;;;-6,170184668;106,8049909;valid;;;FALSE;FALSE;TRUE;;;invalid;;;;;4
38879251;TELUR MR. GILOS <SOFIAN FAUZI>;JALAN CIPUNEGARA, RT 6/RW 1;3173080001;31;73;80;1;DKI JAKARTA;JAKARTA PUSAT;GAMBIR;CIDENG;eyJpdiI6IjVNOU1hZ0J6ek5HRGFxWjREbUxtb3c9PSIsInZhbHVlIjoiUXRwdWI3VFU1NWo1ZEN4MWxjMUlJUT09IiwibWFjIjoiZDRhN2RjMmIxOWYyNTFiNjM3NjU4N2ZkNjljYTcwNTg4NGE3Yzk3NzFjMWE5MzgwY2NkODgwNGIxMGY0YjExYSIsInRhZyI6IiJ9;Aktif;;;;;31/12/2025;;;-6,177928389;106,8101475;valid;;;FALSE;FALSE;TRUE;;;invalid;;;;;4
38879255;WARUNG BU IPAH <SITI MARIPAH>;JL.CITARUM ATAS NO .12 A, RT 18/RW 11;3173080001;31;73;80;1;DKI JAKARTA;JAKARTA PUSAT;GAMBIR;CIDENG;eyJpdiI6IlhxZVB6aTFDcHhqVUd2OXQweGpVMkE9PSIsInZhbHVlIjoiK2hJSFZxL3pVcy84cVlvZUZIYktlQT09IiwibWFjIjoiZGRhMWVmMTU1NjcyODRlMzlhMGY1NTY0ZjZiZjBjYWYxYWM2OTE2NjZlOGNhZTc2ZjRiMzNjNzVlYjgwMTc1YiIsInRhZyI6IiJ9;Aktif;;;;;31/12/2025;;;;;invalid;;;FALSE;FALSE;TRUE;;;invalid;;;;;4
38902951;CNC ONE STOP RELOAD <EDY>;ITC ROXY MAS Jln KH Hasyim Ashari No 125, RT 3/RW 5;3173080001;31;73;80;1;DKI JAKARTA;JAKARTA PUSAT;GAMBIR;CIDENG;eyJpdiI6InVvWStmNVpPZnpwWi9ER0ZUNmNnTnc9PSIsInZhbHVlIjoiVFBmd2M5NTRlUEh6ajBHbWNLZGVqdz09IiwibWFjIjoiYzM1NmQ2NTExZmQzOGVkNjk3YWRjNTA2ZDE3ODU5ZDk1NzA5N2E1M2VjYWJiMTE0Y2EzNTlkY2ZkMDM0NWE4ZiIsInRhZyI6IiJ9;Aktif;;;;;31/12/2025;;;-6,1673893;106,8025001;valid;;;FALSE;FALSE;TRUE;;;invalid;;;;;4
38908134;NASI GORENG SURABAYA <SUTRISNO>;jl. Petojo VIY, RT 11/RW 6;3173080001;31;73;80;1;DKI JAKARTA;JAKARTA PUSAT;GAMBIR;CIDENG;eyJpdiI6IkliMndZVUtFUXpHOERvaE9oQkRWd0E9PSIsInZhbHVlIjoiZlZKUmJTNGtacUFmNFpoVjJCeEdvUT09IiwibWFjIjoiZWIxZmI5MjBkZmExM2IzOTNlODgxZWRkOGJhNDI2NjA3ZDA5ODhkNGMyNzg2ZTE4ODYxYzBhZGU0ZGI1MDEwMyIsInRhZyI6IiJ9;Aktif;;;;;31/12/2025;;;-6,1691377;106,8057672;valid;;;FALSE;FALSE;TRUE;;;invalid;;;;;4
38911905;BAKERY 2K <DWI AYU SELIANTI IDRIS>;JL. CIMANUK NO. 7-A, RT 16/RW 1;3173080001;31;73;80;1;DKI JAKARTA;JAKARTA PUSAT;GAMBIR;CIDENG;eyJpdiI6IkJlbHJFZ1hpcEpadUREdndsdDEzTVE9PSIsInZhbHVlIjoiTVFlbWRvKzNpMEtURWt1RmRGNHZZdz09IiwibWFjIjoiZDM3NThmYzI1MmU2NGJkNmJiOGE5NWY3MjBmZWMzMmJmZTZhNzQwMWU3YmI1NzZlYjZmOWZiYmU1MmFjMGFjOCIsInRhZyI6IiJ9;Aktif;;;;;31/12/2025;;;-6,176841308;106,8115934;valid;;;FALSE;FALSE;TRUE;;;invalid;;;;;4
3892093;SETIA JAYATAMA LOGISTIK;RT 014 RW 001;3173080001;31;73;80;1;DKI JAKARTA;JAKARTA PUSAT;GAMBIR;CIDENG;eyJpdiI6Ik42OXJSWkI5RCtINjU4djJVdkNybUE9PSIsInZhbHVlIjoiRmFJYWU2OUhFZTRxYWtwcnIwVDYzUT09IiwibWFjIjoiMjFiODQ0OGMxZjRmMjBiNGRjZWJhMjZlOTQyOWRiOTY5NGZhODFmN2U0YzZlOGE3NDFjYzFmNTllNmFhYjU3YSIsInRhZyI6IiJ9;Aktif;;[Kegiatan Usaha: -, Kategori: H, KBLI: 52295];;;26/10/2025;UMKM;Dir Pajak;-6,1816023;106,8131095;valid;;;FALSE;FALSE;TRUE;;;invalid;;;;;4
38944336;WARUNG BU MINAH <RUSMINAH>;Jalan Jatibaru Bengkel, RW 01, Cideng, Gambir, RT 14/RW 1;3173080001;31;73;80;1;DKI JAKARTA;JAKARTA PUSAT;GAMBIR;CIDENG;eyJpdiI6IkpqczRvbkpZUTM5Wjc3MHJVMzFudGc9PSIsInZhbHVlIjoiVjk5Sk85YXo1R2xwTFM5OW5nUHZDZz09IiwibWFjIjoiYzZhMzMyNzY1NGZiNjZjYzQ2MDI1OGU1YWExNDc4ZWUxNWVmNjUyNDAwZTc5NGNkYmEyMWFjOGY3MmQ3ZjA5ZSIsInRhZyI6IiJ9;Aktif;;;;;31/12/2025;;;-6,1831785;106,8118541;valid;;;FALSE;FALSE;TRUE;;;invalid;;;;;4
38944341;Warung Bebek Khas Madura Roxy <zahra>;Jl Kota Baru No. 28, RT 0/RW 0;3173080001;31;73;80;1;DKI JAKARTA;JAKARTA PUSAT;GAMBIR;CIDENG;eyJpdiI6IndxOVpuTkZsMUU1K1JFZ0RzNmtTWUE9PSIsInZhbHVlIjoiZHpxclpNcXFadFRkWTlabVhlV1hYdz09IiwibWFjIjoiZWFjMmMzMmU2NDRiYjIyYWM1MDgxN2Y0NDhhMGM1NzFlYWY3NTQ4Nzg5YmU4MjZhZWQ5ZWY1ZjNjOTdhYzQxYyIsInRhZyI6IiJ9;Aktif;;;;;31/12/2025;;;-6,1695952;106,805601;valid;;;FALSE;FALSE;TRUE;;;invalid;;;;;4
38944350;WARUNG IBU SITI <SITI NUROHMAH>;Jalan Jatibaru Bengkel, RW 01, Cideng, Gambir, RT 15/RW 1;3173080001;31;73;80;1;DKI JAKARTA;JAKARTA PUSAT;GAMBIR;CIDENG;eyJpdiI6Ik0zQWlkUE9aaGUwdmgxWGJZRjVRbkE9PSIsInZhbHVlIjoiQWtpeHBxR3FvRU9ZVkNMT3pYaGUzdz09IiwibWFjIjoiMWMzMDFmYjZlNzUyN2MxMmZiZTYwYTMyZWRjOTg1MGZlZTFkMDFmZmZjOGRlNmQ4Mzk1OWY2NjlmY2EwZTViYyIsInRhZyI6IiJ9;Aktif;;;;;31/12/2025;;;-6,182244627;106,8127636;valid;;;FALSE;FALSE;TRUE;;;invalid;;;;;4
38944356;WARUNG IBU ANA <BERLIANA HUTABARAT>;Jalan Cimanuk, RW 01, Cideng, Gambir, Central Jakarta, RT 6/RW 1;3173080001;31;73;80;1;DKI JAKARTA;JAKARTA PUSAT;GAMBIR;CIDENG;eyJpdiI6Ik1QUkRLeVA1RzNlL3RwanZtRlpEZ3c9PSIsInZhbHVlIjoiSm1KZFVmSHZSc1dza0RGV1ZqQmNuUT09IiwibWFjIjoiYzQzODljNGU2ODg5MWVjZmQxZmMwZGQzYWZkNjAyOGY2N2U1NzQ3MTljOTFiYmNjNTdkYzNlMGIxZTZiZDM1ZiIsInRhZyI6IiJ9;Aktif;;;;;31/12/2025;;;-6,1779755;106,8118795;valid;;;FALSE;FALSE;TRUE;;;invalid;;;;;4
38944364;PRABU MEDIA PLUS <NELLY TRIANA>;JL. CIDENG BARAT DALAM NO.10, RT 12/RW 1;3173080001;31;73;80;1;DKI JAKARTA;JAKARTA PUSAT;GAMBIR;CIDENG;eyJpdiI6IkdIMUhrM05EZEdTME1NMktqZlo5bnc9PSIsInZhbHVlIjoiYUtMdmFRVmkxaEVSL0xMU3lQRGNlZz09IiwibWFjIjoiODYyYzFkOGU1MWY4ZWFlOTI0NTU1NDBkMTc0Y2Q2YzE0YmE5NTYxYzQ5MDM5OTAwMTRjMmUzNTI3NGJjNmI1NiIsInRhZyI6IiJ9;Aktif;;;;;31/12/2025;;;-6,1573177;106,810909;valid;;;FALSE;FALSE;TRUE;;;invalid;;;;;4
38944367;MIE AYAM BANGKA <ROHIMAH>;Jln Taman Sukadana JP 47, RT 11/RW 6;3173080001;31;73;80;1;DKI JAKARTA;JAKARTA PUSAT;GAMBIR;CIDENG;eyJpdiI6Im1kYi9BSS9RZWlWcjZQbm5vRHNSK2c9PSIsInZhbHVlIjoiZDFlSTVzbmt1M1pjTjNLbkg1S2xyQT09IiwibWFjIjoiNmZkNGJhYTYyNjZlMTU4MDE5MzM5MzcxNjQ0YWExNTY3NmQ1ZGJiNDFjM2IyZDc0ZmQ4MjcwYjBkZTA1NmYxMyIsInRhZyI6IiJ9;Aktif;;;;;31/12/2025;;;-6,170184668;106,8049909;valid;;;FALSE;FALSE;TRUE;;;invalid;;;;;4
38944382;WARUNG MPO EEN <TRIA ARINDA>;Jln Cimanuk No 9, RT 16/RW 1;3173080001;31;73;80;1;DKI JAKARTA;JAKARTA PUSAT;GAMBIR;CIDENG;eyJpdiI6IitONm9nS2dGeGRLNjhIRGRpL3hhZGc9PSIsInZhbHVlIjoiOUkyUTR2NnZSZTRxOFlxRWZKUncwdz09IiwibWFjIjoiN2U4NjU1NjE2MjExMTAwNDYyYzE3MzkxNGZlYTY3MzVlNmZiZmUxM2VhODBlODlmMWE1ZThhYzc3YmU2Y2JiMCIsInRhZyI6IiJ9;Aktif;;;;;31/12/2025;;;-6,176841308;106,8115934;valid;;;FALSE;FALSE;TRUE;;;invalid;;;;;4
38944403;WARUNG SUTARTI <SUTARTI>;Jalan Tanjung Selor, RW 06, Cideng, Gambir, Jakarta Pusat,, RT 17/RW 6;3173080001;31;73;80;1;DKI JAKARTA;JAKARTA PUSAT;GAMBIR;CIDENG;eyJpdiI6Ijh4NlN6SHRSVHB1bnRGQUloeUlLc3c9PSIsInZhbHVlIjoidjU3cmlJSXB4YjhCYWVydUk5d2s3QT09IiwibWFjIjoiYjFkYTk0YWI4ZDhmYzlhNTZjYjZiMTkxYzIwZTU4OGI1ZTYxYmM3NWY5NDRiMjliZDhkMDU5MjZlMGQ0NGE0MyIsInRhZyI6IiJ9;Aktif;;;;;31/12/2025;;;-6,1676557;106,8025491;valid;;;FALSE;FALSE;TRUE;;;invalid;;;;;4
38944407;NASI UDUK BU TITIN <KRISTINA>;JL. PULO PIUN NO. 10, RT 3/RW 4;3173080001;31;73;80;1;DKI JAKARTA;JAKARTA PUSAT;GAMBIR;CIDENG;eyJpdiI6IjVRRExtNVZFcFZGOXdqTVE1QlVYamc9PSIsInZhbHVlIjoiLzI5RENxbjE2UGkwM3hVcXJLdnU5UT09IiwibWFjIjoiMmYzOTY3NjdmNGQ4ODNjNTk0ZTJlZmExYTQxYWU4ZWMyYzY0NWVhNmY4ZDllYTJlOTc2OTFjYjQzNWM3OGM0YyIsInRhZyI6IiJ9;Aktif;;;;;31/12/2025;;;-6,169651;106,8089794;valid;;;FALSE;FALSE;TRUE;;;invalid;;;;;4
38944412;NASI UDUK ATKA <MULYATI>;JL.KP BAKTI II NO.40, RT 1/RW 7;3173080001;31;73;80;1;DKI JAKARTA;JAKARTA PUSAT;GAMBIR;CIDENG;eyJpdiI6IlA2UCtzRlBQVjZHbm5RQmRGUEE2anc9PSIsInZhbHVlIjoia1l6L0VrMXYyVE1WMmN5RlBEMmQ4UT09IiwibWFjIjoiZGI0NjVlYTBmNWVmOGQ0ZDJiYWE4M2M5MmFiMjg1YWFhYWMxZWNjNTFmYWZlMDQwNGY4YzM5NDBlOWNjOTQ4NSIsInRhZyI6IiJ9;Aktif;;;;;31/12/2025;;;-6,166423048;106,8011818;valid;;;FALSE;FALSE;TRUE;;;invalid;;;;;4
38993816;WARKOP HANA <SUHANA>;JL. BELAWAN NO.56 - A, RT 11/RW 3;3173080001;31;73;80;1;DKI JAKARTA;JAKARTA PUSAT;GAMBIR;CIDENG;eyJpdiI6IlFtWUJTaEQ1OG1TQ3VKSmZ6TlNUNEE9PSIsInZhbHVlIjoiYUt2ZnVnRlRLVm0weU1uZEhtUVdyZz09IiwibWFjIjoiNWJkYjIzMDUwNGYzMmVmODdjZjE4ZWNlNGRmODMxNTRkOTM2ZWZkMmYzYzA3ZGMzMzQ2ZWFhYWM4ZjQ5NTk2MCIsInRhZyI6IiJ9;Aktif;;;;;31/12/2025;;;-6,1754487;106,8076079;valid;;;FALSE;FALSE;TRUE;;;invalid;;;;;4
38993840;GORENGAN ASIK <DUDUNG JAMALUDIN>;Taman sukadana JP 47, RT 11/RW 6;3173080001;31;73;80;1;DKI JAKARTA;JAKARTA PUSAT;GAMBIR;CIDENG;eyJpdiI6ImVQdW0xZVZEZmdHZlh0SVRZcWwzQVE9PSIsInZhbHVlIjoiVndJSVVMc0NhbnBFeGo4STBTR0E0QT09IiwibWFjIjoiMjUzN2M5NTBhMTUxNTI0NTQ2YjFjOGY3MjBhMjIyNDlmZjI5YjdhYzhkYTUyODRjY2E3YTBmYTA4MTllMTVhNyIsInRhZyI6IiJ9;Aktif;;;;;31/12/2025;;;-6,170184668;106,8049909;valid;;;FALSE;FALSE;TRUE;;;invalid;;;;;4
38993846;WARUNG NASI KUNINGAN <E T I>;Jl. Biak, RT 0/RW 0;3173080001;31;73;80;1;DKI JAKARTA;JAKARTA PUSAT;GAMBIR;CIDENG;eyJpdiI6Ikt2R3NqVWRjN2M1d3pINVc2dmdkaEE9PSIsInZhbHVlIjoiM2JyRERua1JLTWROWGVpN3RERkt0QT09IiwibWFjIjoiZjIzZDA0OTZjN2VkYzBjY2RhMDk2ZjAyNTZjODg5ZjFhYjcyZTc1MjEyNTgxYzc5ZjQ5YzA2NTFkZjE2YzU0YiIsInRhZyI6IiJ9;Aktif;;;;;31/12/2025;;;-6,1691791;106,8083358;valid;;;FALSE;FALSE;TRUE;;;invalid;;;;;4
38993858;Mie Ayam Bu Tini <tini>;Jl Kota Baru, RT 8/RW 6;3173080001;31;73;80;1;DKI JAKARTA;JAKARTA PUSAT;GAMBIR;CIDENG;eyJpdiI6Ik5KYzBtUGljWVNlaW5GUlZMM0FzMFE9PSIsInZhbHVlIjoiLy9BaWxBbENFYlZrYXlnV0d6WDR4dz09IiwibWFjIjoiY2FkMzk0MmE2NTM1MjRhMTM1ZDQ1MDE5YTFiYTBlNWI4ZmNjZTgzYzI3ZDgzY2U0NzExYmE4NWFiM2VkMmRiNyIsInRhZyI6IiJ9;Aktif;;;;;31/12/2025;;;-6,170008305;106,8061391;valid;;;FALSE;FALSE;TRUE;;;invalid;;;;;4
38993884;BUBUR AYAM SUTORO <SUTORO>;JL PETOJO V, RT 0/RW 6;3173080001;31;73;80;1;DKI JAKARTA;JAKARTA PUSAT;GAMBIR;CIDENG;eyJpdiI6IkxOU1BiQno4ckE0aUw2Z0xCMnlxV3c9PSIsInZhbHVlIjoieGE4VVR3dkZBei9rUUoycEsxSmY1UT09IiwibWFjIjoiMDVjMTdkNTg1MmU0ZDdmOGM3OGJhNGMwYWJhZjI2Y2M5ZTIxYjdiMmE0MjlkNTk2ZDQwMmQyNzBjODdkMWFmMiIsInRhZyI6IiJ9;Aktif;;;;;31/12/2025;;;-6,1721776;106,8069007;valid;;;FALSE;FALSE;TRUE;;;invalid;;;;;4
38993891;WARUNG IWAN <MUHAMMAD RIDWAN.S>;jalan sukadana No. 8A, RT 11/RW 6;3173080001;31;73;80;1;DKI JAKARTA;JAKARTA PUSAT;GAMBIR;CIDENG;eyJpdiI6IkhacThXWVlGYWxzOVFVZ0diU29ZTGc9PSIsInZhbHVlIjoiMHB4SThJR2daLyt6N09LTi9XUjNXZz09IiwibWFjIjoiZmFhMzIwMzA1ZGRmYzhiYWE5YWFlZGJlY2RhYjJiODUxOTJmNjUxZTI5Yzc0YWIzODI2YzYzYjA0NDI1MmE1NCIsInRhZyI6IiJ9;Aktif;;;;;31/12/2025;;;-6,170184668;106,8049909;valid;;;FALSE;FALSE;TRUE;;;invalid;;;;;4
38993915;WARUNG SITI <SITI MARYANAH>;JLN PETOJO VIY DLM/12-A, RT 4/RW 6;3173080001;31;73;80;1;DKI JAKARTA;JAKARTA PUSAT;GAMBIR;CIDENG;eyJpdiI6IjV0Lys5MmRPNFhWd0pNOE11S0lpQlE9PSIsInZhbHVlIjoiejNSTU1YWW4rYzRld21DK1JtOGFkUT09IiwibWFjIjoiYThiZjM4ZWJmODNiMWJiYTY4M2YxOTViMThjMGQ4NTk5ZTY4OWJmOTgyMmY1YjZiNDI1YmY4NTE1ZDdmNDk5NSIsInRhZyI6IiJ9;Aktif;;;;;31/12/2025;;;-6,1691377;106,8057672;valid;;;FALSE;FALSE;TRUE;;;invalid;;;;;4
38993920;WARUNG MAMA GRACE <CARIS TRISNAWATI>;Jalan Cibanten, RT 1/RW 1;3173080001;31;73;80;1;DKI JAKARTA;JAKARTA PUSAT;GAMBIR;CIDENG;eyJpdiI6IkNycVllSENiaWxURjZSSUJ1WS8zZ3c9PSIsInZhbHVlIjoiaEFNYkYxbzh2dWQzTktZYlFObEdpZz09IiwibWFjIjoiYjBlNjE5NzI3MWI2MzlkNDVjYTZhZTYwNDAwNmMzZDBmMTk1OTIxMjZkYjE4YTRlZTViZTRmYjgwMGNkMGEzZCIsInRhZyI6IiJ9;Aktif;;;;;31/12/2025;;;-6,1772543;106,8102193;valid;;;FALSE;FALSE;TRUE;;;invalid;;;;;4
39041725;WARUNG MINUMAN IBU YULI <YULI>;Jl. Tanjung Selor Barat No. 4, RT 9/RW 7;3173080001;31;73;80;1;DKI JAKARTA;JAKARTA PUSAT;GAMBIR;CIDENG;eyJpdiI6IjR0TE9QN0IyRnBhM0xmNEljVDU4Q0E9PSIsInZhbHVlIjoiN1J1YUNHdkNCTkhGOVZxM0V0OU9VQT09IiwibWFjIjoiYjAxODFhZDM0YTFiN2JmMzk2N2FhYTJhYjNhZmYwMDZlMTQ2OWMyYjJjNWM1MTE1NTBhMDFlYjgxNTg4ODY4ZCIsInRhZyI6IiJ9;Aktif;;;;;31/12/2025;;;-6,1676557;106,8025491;valid;;;FALSE;FALSE;TRUE;;;invalid;;;;;4
39041726;WARUNG MAKAN BU AMSITI <AMSITI>;Celvasha, 4, Jalan Jatibaru Bengkel, RW 01, Cideng, Gambir, RT 14/RW 1;3173080001;31;73;80;1;DKI JAKARTA;JAKARTA PUSAT;GAMBIR;CIDENG;eyJpdiI6Ik1tUTJFWVVaVS9hY0RrR1JOb1hQL0E9PSIsInZhbHVlIjoiclNXNlNHU1ZJTkxZUEhUZmh2UU1aQT09IiwibWFjIjoiZjA2OTJkYzIzZjU5ODFhYmYzZWQ3OThmYWYwNmFmZmUwN2ViODEwZjAxYzI5NzFhNTMzODE1MGEzOTI1NTQ1MCIsInRhZyI6IiJ9;Aktif;;;;;31/12/2025;;;-6,1832257;106,8120116;valid;;;FALSE;FALSE;TRUE;;;invalid;;;;;4
39041735;WARUNG NASI TEH IMAS <IMAS JUARSIH>;JL BELAWAN, RT 11/RW 3;3173080001;31;73;80;1;DKI JAKARTA;JAKARTA PUSAT;GAMBIR;CIDENG;eyJpdiI6Ik1TTC9mWWZzVVZGaDE1MmVRYnlKelE9PSIsInZhbHVlIjoiUy8rcmFwdTdtT1V6djZacnd4YTdaZz09IiwibWFjIjoiODFkNTEzZTlkZThjNDkwMWIyODBhYWNmZWYwOWQxYjY2ZDJiYjJkNTYyOTFkN2UxYTE3YWNhZTFmMTYwZmQ5MCIsInRhZyI6IiJ9;Aktif;;;;;31/12/2025;;;-6,1754487;106,8076079;valid;;;FALSE;FALSE;TRUE;;;invalid;;;;;4
39041773;WARUNG IBU WATI <TJAHJAWATI>;Jalan Bakti, RW 07, Cideng, Gambir, Jakarta Pusat, RT 7/RW 7;3173080001;31;73;80;1;DKI JAKARTA;JAKARTA PUSAT;GAMBIR;CIDENG;eyJpdiI6ImkrSE9obmZGeWhQWmRXa2RYQStoU3c9PSIsInZhbHVlIjoiQ0V1a1V1MG1jd2U3TDBxSThjNU1wZz09IiwibWFjIjoiZmNiOWE5MjgwNzhjNzdkMmQ4NjAzNmNkZDYyYjk3Nzc1YTgyZjRmYjdkMWVhZjg3ZGNhZDljNjIwY2Q1ODUyZCIsInRhZyI6IiJ9;Aktif;;;;;31/12/2025;;;-6,1697708;106,803301;valid;;;FALSE;FALSE;TRUE;;;invalid;;;;;4
39041775;SOP KAKI SAPI PAK KARTO <ASEP SULAEMAN>;PASAR PERTOKOAN PD. PASAR JAYA, JL BIAK NO. 5DE, RT 3/RW 6;3173080001;31;73;80;1;DKI JAKARTA;JAKARTA PUSAT;GAMBIR;CIDENG;eyJpdiI6Ik5HdzIyU0lKaHNrSVI3YlF6OXZjbFE9PSIsInZhbHVlIjoibEJUMmJpTWJGallnOVdMdlZyb01oQT09IiwibWFjIjoiNWU1OGUyY2NhOTg2NDRjNzNjMzQ4ODIzNDVlNTIzZGFhZGU2NTkwMDRhMWQ3ZGQ5ZTUxMWE1Y2EyYzIwNjY3NyIsInRhZyI6IiJ9;Aktif;;;;;31/12/2025;;;-6,171234406;106,8076369;valid;;;FALSE;FALSE;TRUE;;;invalid;;;;;4
39041780;BUBUR AYAM DUL HASAN <HASAN>;Jl. Setia kawan III, RT 7/RW 7;3173080001;31;73;80;1;DKI JAKARTA;JAKARTA PUSAT;GAMBIR;CIDENG;eyJpdiI6IjJuQjdIVURmdi93bFdiSU83bWl1cmc9PSIsInZhbHVlIjoiWE0vaG5ZVFJpU0JuS3FkOEh3eTJFZz09IiwibWFjIjoiZDMyN2NkOWE5ZDc3OTc5ZjJjNWZmNTUwZjU4YTNhOTBiYTU3NTFmNWYzOWIzODI0Y2RjNzIyNTY5MDFkNGFiNSIsInRhZyI6IiJ9;Aktif;;;;;31/12/2025;;;-6,1645081;106,801701;valid;;;FALSE;FALSE;TRUE;;;invalid;;;;;4
39041784;WARUNG NASI IBU KARSIH <KARSIH>;Jalan Lematang, RT 0/RW 2;3173080001;31;73;80;1;DKI JAKARTA;JAKARTA PUSAT;GAMBIR;CIDENG;eyJpdiI6Im05a2hiS2RLSDFSRktxTCswYzd1MUE9PSIsInZhbHVlIjoiU2F1YjlYaHhtalhCelFHQksyYUhRQT09IiwibWFjIjoiYzMzODE0NGQ4OTYwODFjYTExMDc4ZTg1OTU5ODljMzMxNjY3YzE4Y2Y3NTkzYzllNjIzMDk0OTY0ZDdmODgxZSIsInRhZyI6IiJ9;Aktif;;;;;31/12/2025;;;-6,1728461;106,8090953;valid;;;FALSE;FALSE;TRUE;;;invalid;;;;;4
39041786;WARUNG NASI PUTRI <AGUS DARYADI>;Jl. sukadana jp 47, RT 11/RW 6;3173080001;31;73;80;1;DKI JAKARTA;JAKARTA PUSAT;GAMBIR;CIDENG;eyJpdiI6ImVUN1ZKalIxMytxczdkYzhkdE5lMWc9PSIsInZhbHVlIjoiS25BczY1aFVEOFZ5c0tldkFkZWhXdz09IiwibWFjIjoiN2E2YjczNDk2NDkxMWEwMDIwYTJlY2FhOTkzNzZhODAwOWRiZjY1MWJiYjI3YWU2YmM5YTAxMmRiNDdhODVmMSIsInRhZyI6IiJ9;Aktif;;;;;31/12/2025;;;-6,170184668;106,8049909;valid;;;FALSE;FALSE;TRUE;;;invalid;;;;;4
39041787;NASI UDUK BU SITI <SITI ROHAJAH>;JL PETOJO SELATAN VII NO 20, RT 5/RW 4;3173080001;31;73;80;1;DKI JAKARTA;JAKARTA PUSAT;GAMBIR;CIDENG;eyJpdiI6IlBHQ2RGNEtRWitVUWF5KzFnc1J2Wnc9PSIsInZhbHVlIjoiYS9OcEdwY0dHY1NpRWt0U0hCTlhQUT09IiwibWFjIjoiOGIyOTVjY2RmM2VmNzg3MzNjNTdhMWIyMjdkOWUwNDI2ODQ0MWNmOTRmMDYyYjJmYzBlYTNmMDgyZTMzYjU1NyIsInRhZyI6IiJ9;Aktif;;;;;31/12/2025;;;-6,1750093;106,816434;valid;;;FALSE;FALSE;TRUE;;;invalid;;;;;4
39041798;WARUNG KOPI IBU UPI <SYAFINIDAR>;Jl kmp bakti, RT 4/RW 7;3173080001;31;73;80;1;DKI JAKARTA;JAKARTA PUSAT;GAMBIR;CIDENG;eyJpdiI6ImRlUnFUUFIva0wzTzVDck93VUJzbHc9PSIsInZhbHVlIjoiWTI0OG1kV254SSsxbGJLcTQ1TjByZz09IiwibWFjIjoiNDg1MmIzNTQ2Nzg4OTQ3YTZkZjVmOTNhMWNkZjYwZDFkMThmMjZlN2VhYjAyYmFjMGJlZTllNzFmMWNmN2QyMyIsInRhZyI6IiJ9;Aktif;;;;;31/12/2025;;;-6,167071116;106,8022277;valid;;;FALSE;FALSE;TRUE;;;invalid;;;;;4
39093382;WARUNG BANG ACIM <SITI ROBIAH>;JL. CITARUM ATAS, RT 17/RW 1;3173080001;31;73;80;1;DKI JAKARTA;JAKARTA PUSAT;GAMBIR;CIDENG;eyJpdiI6Ijc1YmFIQXlybUhNMWNmOUhzWExXVlE9PSIsInZhbHVlIjoiOFRTb3laUEdMaXd4Zi9zaTVDYXVZdz09IiwibWFjIjoiYjhhMzJkNmI3MDk2Nzk0MGI3MjQwODFhZGUxY2FhZWRhNGMzOTE3MTk2OWY5ZGMyZTYwODljZDZhMTAxNzk4YyIsInRhZyI6IiJ9;Aktif;;;;;31/12/2025;;;-6,180966322;106,8102764;valid;;;FALSE;FALSE;TRUE;;;invalid;;;;;4
39093408;WARUNG BU TATI <IBU TATI NURHAYATI>;JL petojo selatan VII, RT 5/RW 4;3173080001;31;73;80;1;DKI JAKARTA;JAKARTA PUSAT;GAMBIR;CIDENG;eyJpdiI6InNiY2FHckRMS3l2T09tSnNNY3RNaVE9PSIsInZhbHVlIjoibDFGbXgrS1J4cFFJc25KL1FtRE1PZz09IiwibWFjIjoiZmQwZWU1YTdhNDU0M2JlMDAzMGNhZDk2OTVmYjYxOTY5YmYxYjMwZjdkZWY1NDMzYjc0ZjNkNjlmM2M2MjQ1ZiIsInRhZyI6IiJ9;Aktif;;;;;31/12/2025;;;-6,1750093;106,816434;valid;;;FALSE;FALSE;TRUE;;;invalid;;;;;4
39093412;IVONNE ARYANI FANG FANG;JL. PETOJO SELATAN XI NO. 2-A, RT 8/RW 11;3173080001;31;73;80;1;DKI JAKARTA;JAKARTA PUSAT;GAMBIR;CIDENG;eyJpdiI6Ild1UHhpNC84eEJ2NEV2Y1VYZmk5L1E9PSIsInZhbHVlIjoiN0NPZFMvVnlldWREWUM4eS9JQytKZz09IiwibWFjIjoiMzJjMTQ5YWVhMDNhZDU2MTE5ZTA3Y2JjYzhkMmY3ZDVjYjgwYTFiYzA4MzdiM2Y0NjFhOTAxM2U1NGU2YWI0NyIsInRhZyI6IiJ9;Aktif;;;;;31/12/2025;;;-6,1750093;106,816434;valid;;;FALSE;FALSE;TRUE;;;invalid;;;;;4
39093419;WARUNG KOPI AQILAN <MUHAMMAD IRFAN>;KP BAKTI, RT 5/RW 7;3173080001;31;73;80;1;DKI JAKARTA;JAKARTA PUSAT;GAMBIR;CIDENG;eyJpdiI6Ino3YzhFNEdSTEFHQUpLVktzYjc2TlE9PSIsInZhbHVlIjoiaCthZlhtTmVnMUhZSWk5eWRHdG4xdz09IiwibWFjIjoiN2Y2ZDQzZGY1ZjUxMTY4M2UzZDVkZTFlN2IzNWE2NzRkODAzZTAzMmM0MDJlY2FlMjQ2MzdlYTU5YTBkNjdmNiIsInRhZyI6IiJ9;Aktif;;;;;31/12/2025;;;-6,16853921;106,8025544;valid;;;FALSE;FALSE;TRUE;;;invalid;;;;;4
39093422;WARUNG NASI BU NUR <NURYATI>;Jl. Citarum no.13, RT 0/RW 0;3173080001;31;73;80;1;DKI JAKARTA;JAKARTA PUSAT;GAMBIR;CIDENG;eyJpdiI6Ijc2K3RXNkQwVTcrVnpaaFdpN1liQ3c9PSIsInZhbHVlIjoiZW1DZFNoS2llZ1JJdG9qSm5LWHgrZz09IiwibWFjIjoiMmY5NDcxMjlhZjM0NGU2MTc4ZGE0NmY1MGVlNDZiMDJmZTk3MWZkNTRlODA5NmI1NmEzNTQ5YWEwMjA5MGU2NSIsInRhZyI6IiJ9;Aktif;;;;;31/12/2025;;;;;invalid;;;FALSE;FALSE;TRUE;;;invalid;;;;;4
39093423;WARUNG NASI TINI <SUHARTINI>;Jl kmp bakti no 4 (tanjung selor), RT 4/RW 7;3173080001;31;73;80;1;DKI JAKARTA;JAKARTA PUSAT;GAMBIR;CIDENG;eyJpdiI6IlBITHVaa2hsTjlYTUFNRkJVTm41Tnc9PSIsInZhbHVlIjoiN0RJaUd5Mi9MblgwN1g4akJxcXVjQT09IiwibWFjIjoiYTU0YmYxYTgyYzk2ZDhiZjU0MjVkMjk4Mjk1NDRiYTAwNGViNTExMTc3ZGE1MjAyMmIxZGY4MGRlYzRiODBjYiIsInRhZyI6IiJ9;Aktif;;;;;31/12/2025;;;-6,167071116;106,8022277;valid;;;FALSE;FALSE;TRUE;;;invalid;;;;;4
39093431;WARUNG NASI PAK WANTO <M. WANTO>;Tanjung salor 28, RT 9/RW 7;3173080001;31;73;80;1;DKI JAKARTA;JAKARTA PUSAT;GAMBIR;CIDENG;eyJpdiI6ImNQbGlESG91K1pHY3RqK3JCVHRPdmc9PSIsInZhbHVlIjoiOVgwV0hBaGdEQTczOXFrYzF4U1poZz09IiwibWFjIjoiMWJiMjE0ODhkMGM5NDNjY2IyMjkyYzVkYTYyNTRjMTZiMDYyM2M0MzZjY2U5NzMxODNmZjM2MTkzN2FiNjFkNiIsInRhZyI6IiJ9;Aktif;;;;;31/12/2025;;;-6,171754595;106,804731;valid;;;FALSE;FALSE;TRUE;;;invalid;;;;;4
3912164;ELECTRONIC INDONESIA;JL.BIAK NO.29 A-B-C, CIDENG;3173080001;31;73;80;1;DKI JAKARTA;JAKARTA PUSAT;GAMBIR;CIDENG;eyJpdiI6InJ1MGFBeDkzaGF0OWl0K2o5bWNtc2c9PSIsInZhbHVlIjoiUTFrcDMxZXcwVytTRmc0VE1QdURRQT09IiwibWFjIjoiY2NkZWZjMGVmYTkzMjAyODk5NzA5Y2IxZmUxMDUxM2YyYzM2NDUzNDllYThlMjA4NGRkOGQwZWY3N2E5ZTc3ZSIsInRhZyI6IiJ9;Aktif;;[Kegiatan Usaha: -, Kategori: G, KBLI: 46491];;;26/10/2025;UMKM;Dir Pajak;-6,167408;106,807965;valid;;;FALSE;FALSE;TRUE;;;invalid;;;;;4
3914031;BANK MAYBANK INDONESIA TBK.;GEDUNG PUSAT NIAGA ROXYMAS KH. HASYIM ASHARI 125;3173080001;31;73;80;1;DKI JAKARTA;JAKARTA PUSAT;GAMBIR;CIDENG;eyJpdiI6IkwyN2xNdjVFS0w1VHFZTVhzTVRkeWc9PSIsInZhbHVlIjoiaERSNHBZcitPd0c5T3liMzFjM3d4dz09IiwibWFjIjoiMmVmMGFkY2NhMjk2NzcyZDdjMmY4ZWYxNTVkNDc4ZWQzODEzNTIwNzJhNjMzYWJjNDZiNDRiOTg0MWFlMGQ5ZiIsInRhZyI6IiJ9;Aktif;;[Kegiatan Usaha: -, Kategori: K, KBLI: 64121];;;26/10/2025;UMKM;Dir Pajak;-6,1664156;106,8031919;valid;;;FALSE;FALSE;TRUE;;;invalid;;;;;4
39141965;WARUNG AZZAM <WIWI PERTIWI>;Klinik Hati, Jalan Brantas, RW 01, Cideng, Gambir, Jakarta Pusat, RT 18/RW 1;3173080001;31;73;80;1;DKI JAKARTA;JAKARTA PUSAT;GAMBIR;CIDENG;eyJpdiI6Ik9CZFVhbFR4bGI5bmorNjNZc3gycnc9PSIsInZhbHVlIjoiNHFZd0t1T3hPenJlNGd3MnJleWJzdz09IiwibWFjIjoiYzE2MWE5ODBkN2ZiODg3ODFiNzk1Y2EzZDg5NTBiN2NjYzgzNzg5MDNlNDZiNmFjMzYyNDMwNzZkODU4N2E2NCIsInRhZyI6IiJ9;Aktif;;;;;31/12/2025;;;-6,17916695;106,810787;valid;;;FALSE;FALSE;TRUE;;;invalid;;;;;4
39141969;WARKOP AMRI <AMRILLAH>;Jalan Tanjung Selor, RW 06, Cideng, Gambir, Jakarta Pusat,, RT 17/RW 6;3173080001;31;73;80;1;DKI JAKARTA;JAKARTA PUSAT;GAMBIR;CIDENG;eyJpdiI6Ik5tRG1XdElGSEZzWlVMcGFIcXIrS0E9PSIsInZhbHVlIjoidEJ3S052aEVlR1lLeE11Q0pnZlNndz09IiwibWFjIjoiZjc0MzNhNjYyNWY4ZmJlYmU5NzY1Yzk1ZTI5MjRkZjk5YjdiZGMzMjYyN2M4OWI4ZjI0NGE0YjBiMjE0YzUxOCIsInRhZyI6IiJ9;Aktif;;;;;31/12/2025;;;-6,1676557;106,8025491;valid;;;FALSE;FALSE;TRUE;;;invalid;;;;;4
39141980;WARUNG NASI UDUK TINI <SUHARTINI>;Jl. Kmp bakti, RT 4/RW 7;3173080001;31;73;80;1;DKI JAKARTA;JAKARTA PUSAT;GAMBIR;CIDENG;eyJpdiI6IjQxK2ZNalQ2aFlrQnZVYXFob0g2R2c9PSIsInZhbHVlIjoiZ1p4dWZiRkkvOWxSdkVHRG5JWWFGUT09IiwibWFjIjoiZjAxYzlhNTc1MGRmZmZlMzBhMmY4ZjhhMDU4OWU0ZDJlZGJhMDIxMzg5YTNiNzA0MTMyYjRjMmM4ZWU4ZDEwMSIsInRhZyI6IiJ9;Aktif;;;;;31/12/2025;;;-6,167071116;106,8022277;valid;;;FALSE;FALSE;TRUE;;;invalid;;;;;4
39141983;WARUNG MAKANAN DAN MINUMAN SIAP SAJI <SITI ZAENAB>;Kmp. Bakti Raya no. 44, RT 1/RW 7;3173080001;31;73;80;1;DKI JAKARTA;JAKARTA PUSAT;GAMBIR;CIDENG;eyJpdiI6IlVBWHpNM1pRYkpZSDhER0s5cVhlY2c9PSIsInZhbHVlIjoiRTVpUG1DclpNajFVRzcvWEV5Vk9zUT09IiwibWFjIjoiZTEyMjhkODA1MmE0OTc4YTlkYzYyYWU5ZTllNDMzZWE4YTdlYmUzY2FmZjljYTY4ZTdjMDMxNThkZjEwMGNlYiIsInRhZyI6IiJ9;Aktif;;;;;31/12/2025;;;-6,166423048;106,8011818;valid;;;FALSE;FALSE;TRUE;;;invalid;;;;;4
39141984;YONAZ BERKAH <SRI YUNIARTI>;JL. CIDENG BARAT DLM NO 12, RT 7/RW 10;3173080001;31;73;80;1;DKI JAKARTA;JAKARTA PUSAT;GAMBIR;CIDENG;eyJpdiI6IjIxSXg4dlA1MHZtOU56cldkRGU0YlE9PSIsInZhbHVlIjoiMkhOcG85bTk2c0RYbVNtQUE2Yk1BUT09IiwibWFjIjoiMzRlY2Y2YzJhNDEwY2U4MGE5MDBmNWYyNDJkYjE0YTg4M2YyZTM0Y2E3YTQ5NjUyM2U0Y2E5MTYzMzUyZGYxNCIsInRhZyI6IiJ9;Aktif;;;;;31/12/2025;;;-6,1573177;106,810909;valid;;;FALSE;FALSE;TRUE;;;invalid;;;;;4
39141988;BAKMIE AYAM IBU TIA <SETIA RAHAYU>;Pasar Gang VII Petojo Selatan, RT 3/RW 4;3173080001;31;73;80;1;DKI JAKARTA;JAKARTA PUSAT;GAMBIR;CIDENG;eyJpdiI6IlBKZUdDWlo2U3V4Q1IwVzQ2Mng5THc9PSIsInZhbHVlIjoiVzlZa3JpQnlJTnM4SGk1R25MQzRjZz09IiwibWFjIjoiMTM4ZjdkYTFkMTRjY2U5YmI5NjgwYWZiNGVhZWUwMWM4OTZjMTg5MzQ2ZDc5MjA2Yzk4ZmMyMTlhMjMyMTY4NSIsInRhZyI6IiJ9;Aktif;;;;;31/12/2025;;;-6,169436823;106,808678;valid;;;FALSE;FALSE;TRUE;;;invalid;;;;;4
39181349;KANTIN ASIH <WAGINEM PUTRIASIH>;jl. cilamaya, RT 1/RW 1;3173080001;31;73;80;1;DKI JAKARTA;JAKARTA PUSAT;GAMBIR;CIDENG;eyJpdiI6InB1THJnYkYzb3NUSVg2VGZkUGo2ekE9PSIsInZhbHVlIjoiVlFVN0kvdXRPTzBOOER1WHR5Q0xlZz09IiwibWFjIjoiZGM2MjgzOTA4OGMyN2NlYmYzM2U4MTU5ZTU3YmM0NDliNjg0ZDgzNmNkOWNmYzNhODZiNDQyOGY4ZWRmNGZlZCIsInRhZyI6IiJ9;Aktif;;;;;31/12/2025;;;-6,1792142;106,8109569;valid;;;FALSE;FALSE;TRUE;;;invalid;;;;;4
39181351;MAME CAFE <ERLI ERLAWATI>;JL BELAWAN, RT 11/RW 3;3173080001;31;73;80;1;DKI JAKARTA;JAKARTA PUSAT;GAMBIR;CIDENG;eyJpdiI6IlNVRTNpKzhCTlFIaFdoK0J3d1pzQ2c9PSIsInZhbHVlIjoiRTlPNDlvamZEaW4vM0pCN01tcVhNdz09IiwibWFjIjoiM2UzODU2NGNmMjM3YmE5OGUzYjk0MjU1ZmY1MThkM2EyNTRmZjI0OTc0MGYzOTc3MmI0ZjM4NjU4ZTg3MWFmMCIsInRhZyI6IiJ9;Aktif;;;;;31/12/2025;;;-6,1754487;106,8076079;valid;;;FALSE;FALSE;TRUE;;;invalid;;;;;4
3920412;BUMI JAYA BERSAMA;JL. JATI BARU NO. 76, CIDENG;3173080001;31;73;80;1;DKI JAKARTA;JAKARTA PUSAT;GAMBIR;CIDENG;eyJpdiI6Ild4cktCS2pTeXRSU3lVb0p2TEhjVXc9PSIsInZhbHVlIjoiODlqUlI2M2I0Q2hYV0JSYnNrUnlnQT09IiwibWFjIjoiYWFiMWRlM2UzMTM2MDhkZjI0NzZkNDBmMmU3NzdjODBmMzIzNTY5ZTYxN2YxN2JlNTQyYjNjMDJiYTkzYTQ3MSIsInRhZyI6IiJ9;Aktif;;[Kegiatan Usaha: -, Kategori: S, KBLI: 96990];;;26/10/2025;UMKM;Dir Pajak;-6,1838906;106,8113457;valid;;;FALSE;FALSE;TRUE;;;invalid;;;;;4
39222772;KUE PUTU MEDAN DELI <MUHAMMAD LATIF>;Jalan Biak ( JP 16 ), RT 8/RW 6;3173080001;31;73;80;1;DKI JAKARTA;JAKARTA PUSAT;GAMBIR;CIDENG;eyJpdiI6InZlTVJZYXNxNUlSWEVwR3AvVFBIYUE9PSIsInZhbHVlIjoidHcxbHRDWnY5S3ExOFk5Yjk1dGY1QT09IiwibWFjIjoiZTFkNzA4N2I5MDY5MjFhZTk5MmM0ZjI3OThhMzIzMjllMTFjY2NiMWRiODgzNmZkMTllYzVkODZkNDM0NjM0OSIsInRhZyI6IiJ9;Aktif;;;;;31/12/2025;;;-6,170008305;106,8061391;valid;;;FALSE;FALSE;TRUE;;;invalid;;;;;4
3943980;DEPOT AJA INDONESIA;GRAHA WHITE HORSE, JL TANJUNG SELOR;3173080001;31;73;80;1;DKI JAKARTA;JAKARTA PUSAT;GAMBIR;CIDENG;eyJpdiI6IjhYMDhqbzBEb1RleWtaS1JxZXp1alE9PSIsInZhbHVlIjoiRW1RZ3ExalJBejRRMlgyRDVoME5ldz09IiwibWFjIjoiYmUzMDA0MGJhYWRkMDgzMjdkMTQwZDcwYjZlZjMwMmYxZDViOTRiMGFlYzZiYjViMWM0NGE5ZWVkZTlhZmEyOSIsInRhZyI6IiJ9;Aktif;;;;;31/12/2025;UMKM;Dir Pajak;-6,170152187;106,8041916;valid;;;FALSE;FALSE;TRUE;;;invalid;;;;;4
3954808;SINKOBE CITRA INDONESIA;PUSAT NIAGA ROXY MAS BLOK D1 NO 37 JL KH.HASYUIM ASHARI 125;3173080001;31;73;80;1;DKI JAKARTA;JAKARTA PUSAT;GAMBIR;CIDENG;eyJpdiI6IldkbDd1WUlhSmRsK2ljcDB4cnRaOXc9PSIsInZhbHVlIjoicE9td1NHT1NxclJ2Qys4R1djWDl4dz09IiwibWFjIjoiY2NkMjhhZjRhNDZjZWVkODIyMWI4OTc1ZDkyNWU2YzBmODQ3MWQ2YTIyNTViYWNiMTVhZGMzNDVkY2I2NWNkYiIsInRhZyI6IiJ9;Aktif;;[Kegiatan Usaha: -, Kategori: G, KBLI: 46900];;;31/12/2025;UMKM;Dir Pajak;-6,167463779;106,80513;valid;;;FALSE;FALSE;TRUE;;;invalid;;;;;4
3958953;GRAHA SERVICE INDONESIA;ITC ROXY MAS 1, LANTAI 4 NO.1216, JL. KH. HASYIM ASHARI 125, JAKARTA;3173080001;31;73;80;1;DKI JAKARTA;JAKARTA PUSAT;GAMBIR;CIDENG;eyJpdiI6IlpZeFNhN1l0b2RlTTJuVWdkcmNXbVE9PSIsInZhbHVlIjoiNVk3K1NqcXJnR1VYSWRMNVkzU0NZQT09IiwibWFjIjoiZjg2NTNjMzEzYzJlN2M2NTFiZTZkY2JiN2RjNmU4ZDI1MWE3ODUzNDBhODZhM2Y5NmFhODMyZTllYzc1MzdjMSIsInRhZyI6IiJ9;Tidak Ditemukan;;;;;31/12/2025;UMKM;Dir Pajak;-6,1669146;106,8034375;valid;;;FALSE;FALSE;TRUE;;;invalid;;;;;4
3965134;ARMADA PERKASA MOBILINDO;RT 010 RW 002;3173080001;31;73;80;1;DKI JAKARTA;JAKARTA PUSAT;GAMBIR;CIDENG;eyJpdiI6ImtURENsaExhd3lybEtvdVZtNWgybXc9PSIsInZhbHVlIjoiZlRBSUVQNko2MHdVQ1d5TTdhY1c1UT09IiwibWFjIjoiZWZiNGJlN2VjZTQ4ZDE4NzcxY2U3MTJiNDM4N2RkY2Q4YjM0NzkxOTVlYjViM2FkNjNhODIzMGI2M2M1NzhhZiIsInRhZyI6IiJ9;Aktif;;[Kegiatan Usaha: -, Kategori: G, KBLI: 45101];;;26/10/2025;UMKM;Dir Pajak;-6,1758509;106,8100391;valid;;;FALSE;FALSE;TRUE;;;invalid;;;;;4
3966474;GARANSI SELULER INDONESIA;RUKO ROXY MAS BLOK D3/19 JL KH.H.ASHARI;3173080001;31;73;80;1;DKI JAKARTA;JAKARTA PUSAT;GAMBIR;CIDENG;eyJpdiI6IkZDYUtLaTYzL05wYi9uZHp3aTJVUVE9PSIsInZhbHVlIjoiRVc0eURwczBjTkRHMUorTU5zWmJiZz09IiwibWFjIjoiYTUzNDgzODlkNjAwYTMwM2NkZWExMjhmNTFhMmI3OTc0MTIwMmVkOWE4OTFkNDBhNmNmNGUxNWViNzgwN2Y0MyIsInRhZyI6IiJ9;Aktif;;[Kegiatan Usaha: -, Kategori: G, KBLI: 47412];;;26/10/2025;UMKM;Dir Pajak;-6,168054;106,8046328;valid;;;FALSE;FALSE;TRUE;;;invalid;;;;;4
3973843;DATA DIGITAL INOVASI;JL. BIAK NO. 5I;3173080001;31;73;80;1;DKI JAKARTA;JAKARTA PUSAT;GAMBIR;CIDENG;eyJpdiI6IkpkckpPZE0yV0Y4YmRzZFdURXVHSWc9PSIsInZhbHVlIjoiVDdmYWtLbWVTMFVnVlFWL1NFODJ0Zz09IiwibWFjIjoiMjFjMWQ0MTQ4ODUwODRiNGJjMGI2Y2YwMjczNjkxOWEyZGJmMGEzZmQwNzdlNmU0YzIyOTU2NTAzMGU1OWMyNyIsInRhZyI6IiJ9;Aktif;;[Kegiatan Usaha: -, Kategori: N, KBLI: 82301];;;26/10/2025;UMKM;Dir Pajak;-6,1707342;106,8083087;valid;;;FALSE;FALSE;TRUE;;;invalid;;;;;4
3999833;SCANINDO ALPHA ENGINEERING;JL MUSI;3173080001;31;73;80;1;DKI JAKARTA;JAKARTA PUSAT;GAMBIR;CIDENG;eyJpdiI6IlE2Y051Qjc2dzRkMGdRWFQ1TlZ4M2c9PSIsInZhbHVlIjoiZVZJWnhRNll1SjZ1Ym9UV2xFc2kvQT09IiwibWFjIjoiZGE2MDUwM2NiMWUyMjljZGNlNDY3YjUyOTQxZmZhMDFkMjUzZTYyZjQ3MzY5ZDJiOGQwMWFmMjRjYTNhZTFkOSIsInRhZyI6IiJ9;Aktif;;[Kegiatan Usaha: -, Kategori: G, KBLI: 46900];;;26/10/2025;UMKM;Dir Pajak;-6,1745392;106,8092379;valid;;;FALSE;FALSE;TRUE;;;invalid;;;;;4
4001812;MANDALA MITRATAMA;KOMPLEK RUKO ROXY MAS BLOK C2 NO. 12 JL KH HASYIM ASHARI;3173080001;31;73;80;1;DKI JAKARTA;JAKARTA PUSAT;GAMBIR;CIDENG;eyJpdiI6IldUOU1HeVBRS2J0ZjFYSUthbkpnMmc9PSIsInZhbHVlIjoiUnk5cUE5bUF6SHExb2FTYjV4KzRWZz09IiwibWFjIjoiY2E2ZjNjMWUxODlmNDI5NjhjZDc4OTkyNGQyZWE1NzQwZTMyYzRkM2E1MmMzYjc3YzZmMmE1Yzg4YTFiMjE5NSIsInRhZyI6IiJ9;Aktif;;[Kegiatan Usaha: -, Kategori: S, KBLI: 96990];;;26/10/2025;UMKM;Dir Pajak;-6,1675271;106,8046592;valid;;;FALSE;FALSE;TRUE;;;invalid;;;;;4
4009759;BARA KUSUMA INDAH;JL.MUSI NO.40-E, CIDENG;3173080001;31;73;80;1;DKI JAKARTA;JAKARTA PUSAT;GAMBIR;CIDENG;eyJpdiI6InluM0ZvYzFRYU5BMkJhbldwZ2ErK1E9PSIsInZhbHVlIjoiSzhqTENFRGxKNEdxNE9DOFEzMUlQZz09IiwibWFjIjoiNWU4NTI0NGU0NDAyZTg4MjNhOTNmZDFhYWMxYjhkOWRjNTMwOGUyMjZiYmZiMGUyMzc4MGUzMGVhZTkwMzdmNyIsInRhZyI6IiJ9;Aktif;;[Kegiatan Usaha: -, Kategori: G, KBLI: 46900];;;26/10/2025;UMKM;Dir Pajak;-6,172896;106,809374;valid;;;FALSE;FALSE;TRUE;;;invalid;;;;;4
4025864;PUTRA MANDIRI SUKSES SEJATI;KOMP.ROXY MAS BLOK.D-3/8 JL.KH.HASYIM ASHARI 125, CIDENG;3173080001;31;73;80;1;DKI JAKARTA;JAKARTA PUSAT;GAMBIR;CIDENG;eyJpdiI6IlNhdjA2WHJ0a1NWa2drUE5jWGlsdWc9PSIsInZhbHVlIjoiTHNqNjBISDNQQUNUNzA3MDhPSE5nQT09IiwibWFjIjoiZmI1OGViNDZlOTkxYmQxZDVkZGIxYjAyNWQwYTM5Y2U0NTBjZDkzZWVmZGI5ZDQyYjg2NWYyYmY3ZmRlNDk1MCIsInRhZyI6IiJ9;Aktif;;[Kegiatan Usaha: -, Kategori: G, KBLI: 46900];;;26/10/2025;UMKM;Dir Pajak;-6,1667509;106,8029048;valid;;;FALSE;FALSE;TRUE;;;invalid;;;;;4
4033673;SUMADI;JL.KH.HASYIM ASHARI NO.125 ROXY MAS BLOK C4/28, CIDENG;3173080001;31;73;80;1;DKI JAKARTA;JAKARTA PUSAT;GAMBIR;CIDENG;eyJpdiI6IjZmbnlpU3phTFhpdVVyclI1cXk4dGc9PSIsInZhbHVlIjoiQ1daWGNIb1I0OGdUQ2lWNjg4ZDJwZz09IiwibWFjIjoiZmFlMzg0OTkwYTgxNjdjY2Q3NzhlMmM1Y2VhYmE3YmZkZTk1ZjQxMjM0Mjk2NzU2YzU1ZDk2OTAyNzNlZjhhYyIsInRhZyI6IiJ9;Aktif;;[Kegiatan Usaha: -, Kategori: G, KBLI: 46900];;;26/10/2025;UMKM;Dir Pajak;-6,1691282;106,8030777;valid;;;FALSE;FALSE;TRUE;;;invalid;;;;;4
4035035;BINACIPTA WARNAPRIMA;JL. TERNATE NO. 26 B, CIDENG;3173080001;31;73;80;1;DKI JAKARTA;JAKARTA PUSAT;GAMBIR;CIDENG;eyJpdiI6ImZrM1pPL25hYnFqenZQbkVoMVBsQkE9PSIsInZhbHVlIjoiSWlQZEMyaE1sM3VGTzRaWVIyTHJKQT09IiwibWFjIjoiNzFmMjU4NDdiNzk2ZTJkMTdlYjhkOWZlMjI2NDY2N2JlMWMxNmM5Y2EwZTY1YTBhYTRlZDVmNGMwYzU1Zjk4MiIsInRhZyI6IiJ9;Aktif;;;;;31/12/2025;UMKM;Dir Pajak;-6,168605804;106,8063889;valid;;;FALSE;FALSE;TRUE;;;invalid;;;;;4
4035378;KHATULISTIWA EKA DHARMA;JL. JATIBARU RAYA NO. 56 A;3173080001;31;73;80;1;DKI JAKARTA;JAKARTA PUSAT;GAMBIR;CIDENG;eyJpdiI6IlVUL2NFTFQ3YStNNitXR1dYYVVHNmc9PSIsInZhbHVlIjoiTTRxTnBBL2RUNkZIcjdrdERmbTJMQT09IiwibWFjIjoiNjliZjkwN2RiNGJmY2U2NTUxNjk4NzcwZjA5NmRkYWQwZjhjNzZiMzQyYmUxZTE5YjMyY2RkOWFhZGExMDkyZiIsInRhZyI6IiJ9;Aktif;;[Kegiatan Usaha: -, Kategori: G, KBLI: 46900];;;26/10/2025;UMKM;Dir Pajak;-6,1669366;106,803416;valid;;;FALSE;FALSE;TRUE;;;invalid;;;;;4
4036752;INDO ENERGI LOMBOK;KOMPLEK RUKO ROXY MAS JL  KH. HASYIM ASHARI 125;3173080001;31;73;80;1;DKI JAKARTA;JAKARTA PUSAT;GAMBIR;CIDENG;eyJpdiI6InZWS1VLdWZwNnY3Y2lONEU1R29YeWc9PSIsInZhbHVlIjoiN2NYd251TSsraXAzb0MwV1F0RFJOdz09IiwibWFjIjoiNjAyMDc4YjE5MjRhYzdlODRjNzI2N2Q2ZmJhY2FlNzMxYmExNTU3NTE3YzJiZWVmNzE3MDJhZjBhYjRlMzk5YSIsInRhZyI6IiJ9;Aktif;;[Kegiatan Usaha: -, Kategori: D, KBLI: 35111];;;26/10/2025;UMKM;Dir Pajak;-6,168509;106,8042795;valid;;;FALSE;FALSE;TRUE;;;invalid;;;;;4
4037796;DINAMIKA USAHATAMA;WISMA ABADI LT.4 JL KYAI CARINGIN;3173080001;31;73;80;1;DKI JAKARTA;JAKARTA PUSAT;GAMBIR;CIDENG;eyJpdiI6InlBd3hvRW1nQWF5RWlFQTJyRXhJc2c9PSIsInZhbHVlIjoiUHJ5SVU3bC9ZU2t4eEFRSEZkQVlJUT09IiwibWFjIjoiYzRkZmM0MDUxNWMyYmYyMTBmNGU2NDc3NzhhMWFlYTg2NDBmYmNkZDk1ZGYwMmEyNTY4ZjlhODE5NzQzZTlkMiIsInRhZyI6IiJ9;Aktif;;[Kegiatan Usaha: -, Kategori: G, KBLI: 46900];;;26/10/2025;UMKM;Dir Pajak;-6,1667509;106,8029048;valid;;;FALSE;FALSE;TRUE;;;invalid;;;;;4
4045337;ARMADA TOUR AND TRAVEL;NEW ARMADA GROUP LT. 2, JL TANAH ABANG II;3173080001;31;73;80;1;DKI JAKARTA;JAKARTA PUSAT;GAMBIR;CIDENG;eyJpdiI6ImcwUkZaMjZ0NjlGN3VJbG5YdFcyT0E9PSIsInZhbHVlIjoiZnUzbDNlUVN3YmtJV0pOeDZmUHcyQT09IiwibWFjIjoiMmQxZGU3MzI2YmI0ZDc5NWNkN2M4NTlkN2ViNjJlZDg4MmJiNmE1NTg2OWM5MGYwYjVhMThhM2QzMzc2OThjZSIsInRhZyI6IiJ9;Aktif;;[Kegiatan Usaha: -, Kategori: N, KBLI: 79121];;;26/10/2025;UMKM;Dir Pajak;-6,1758523;106,8099691;valid;;;FALSE;FALSE;TRUE;;;invalid;;;;;4
4048390;GIWANG KANAKA;JL BATANGHARI;3173080001;31;73;80;1;DKI JAKARTA;JAKARTA PUSAT;GAMBIR;CIDENG;eyJpdiI6IlFNN3AvQjVYN2dNVjAvQ256L2FnSWc9PSIsInZhbHVlIjoiaGs3NThqVTc0NFNqeWZkdmhtaVRmdz09IiwibWFjIjoiZGQxYzk2ZmY3NWZlZjc5ZTBlYWZlNjNjMDZmOGE4ZmMwZDFkZDFjZjViYWU5Nzg3MWI1MWQxNmU5M2Y1OGVjNyIsInRhZyI6IiJ9;Aktif;;"[Kegiatan Usaha: -, Kategori: G, KBLI: 46900]; [Kegiatan Usaha: -, Kategori: -, KBLI: 26513]";;;26/10/2025;UMKM;Dir Pajak;-6,1744798;106,8092233;valid;;;FALSE;FALSE;TRUE;;;invalid;;;;;4
4075723;EKAPRIMA SUKSES SEJATI;PUSAT NIAGA ROXY MAS BLOK D3 NO.8, JL.KH.HASYIM ASHARI 125, CIDENG;3173080001;31;73;80;1;DKI JAKARTA;JAKARTA PUSAT;GAMBIR;CIDENG;eyJpdiI6InRhb01wT3N0SS8xRmJqMUlZQVBTMlE9PSIsInZhbHVlIjoiaitxSC83NXRxN1Q4RTJIZjUvMWRSQT09IiwibWFjIjoiYThmMjQ1MGFjODZjZDk0ZjU4Mzc2MTEyNGEwNDEyMTdjNGJkYTY2YjFmNTZmZTE2NjM2ZTM4MGQ2M2UyOWQwMyIsInRhZyI6IiJ9;Aktif;;[Kegiatan Usaha: -, Kategori: G, KBLI: 46900];;;26/10/2025;UMKM;Dir Pajak;-6,1691282;106,8030777;valid;;;FALSE;FALSE;TRUE;;;invalid;;;;;4
4083851;VIVA PRIMA BERJAYA;TANAH ABANG 2;3173080001;31;73;80;1;DKI JAKARTA;JAKARTA PUSAT;GAMBIR;CIDENG;eyJpdiI6Imh4Q0RPL0ROdUZrWnB4eFdqUTRaS3c9PSIsInZhbHVlIjoiMkFLWm5iNHJXYjAwdUJ1ZDVDQnFEdz09IiwibWFjIjoiNzE4MWJiMzZmNWFiMjRmN2NmNTI3MWFiNjYwNWE1ZjQxZjYwMDMzMGM0N2FkNGE3N2ExNWU3YmEyNzQxYjI3OCIsInRhZyI6IiJ9;Aktif;;[Kegiatan Usaha: -, Kategori: G, KBLI: 47192];;;26/10/2025;UMKM;Dir Pajak;-6,1754097;106,8145985;valid;;;FALSE;FALSE;TRUE;;;invalid;;;;;4
4085273;DINAMIKA BERKAH SOLUSINDO;JALAN TANAH ABANG I;3173080001;31;73;80;1;DKI JAKARTA;JAKARTA PUSAT;GAMBIR;CIDENG;eyJpdiI6IlU0d3pVdVFXU0tscWd2U2I5cDdHeGc9PSIsInZhbHVlIjoiTm1sbkZTVlZ0dDFHS3pXQTJyeXlvZz09IiwibWFjIjoiNTc1ZWUwYmEwMDUwYWUyY2QzYTVlOTFmYjdhZjdkMGQ2Y2NhMmVjNzNmZjA3NTZmZWM0Zjg2MTk2ZWJjMGFmYSIsInRhZyI6IiJ9;Aktif;;[Kegiatan Usaha: -, Kategori: G, KBLI: 46900];;;26/10/2025;UMKM;Dir Pajak;-6,1715057;106,8102769;valid;;;FALSE;FALSE;TRUE;;;invalid;;;;;4
4096711;DUA CAHAYA GEMILANG;JL KANDANGAN;3173080001;31;73;80;1;DKI JAKARTA;JAKARTA PUSAT;GAMBIR;CIDENG;eyJpdiI6IklqbEVoaGlLcUtyamM4OVJaZ0FRV0E9PSIsInZhbHVlIjoiaVhkVFdjQklLckRna3c1VVlEQlZMQT09IiwibWFjIjoiNmEwMTQxYzI4MGRlOTVjMmQyMWY3ZWNhZDM5MGRkYTEyNWYzYzFhM2RkNmQ5Y2Y3YTJmZGI1MDcxM2QxMzY4ZCIsInRhZyI6IiJ9;Aktif;;[Kegiatan Usaha: -, Kategori: G, KBLI: 46900];;;26/10/2025;UMKM;Dir Pajak;-6,1711846;106,8057853;valid;;;FALSE;FALSE;TRUE;;;invalid;;;;;4
4112676;SUKSES PRIMA MANDIRI;JL.KH.HASYIM ASHARI 125 ITC ROXY MAS BLOK D3 NO.3 NO. RT. 000 RW. 000;3173080001;31;73;80;1;DKI JAKARTA;JAKARTA PUSAT;GAMBIR;CIDENG;eyJpdiI6Imt2ME9qOGdFUzQyczlMTDR1SWVmOFE9PSIsInZhbHVlIjoiNitRaFRhY3dKaW1xaWhSNFB1TDFSdz09IiwibWFjIjoiZGQzNDQ4ZDcwMzk1ZjE2MjViYWE2ZDU5MmQyZjFmNWY2YWNmMDJhYTY4MzQyMWM5OTE5YmQwNWNmYTNiYTBjYyIsInRhZyI6IiJ9;Aktif;;[Kegiatan Usaha: -, Kategori: G, KBLI: 46900];;;31/12/2025;UMKM;Dir Pajak;-6,1669146;106,8034375;valid;;;FALSE;FALSE;TRUE;;;invalid;;;;;4
4118337;CENTURINDO JAYA;JL. KH.HASYIM ASHARI 125 ROXY MAS BLOK C.4 NO.24, CIDENG;3173080001;31;73;80;1;DKI JAKARTA;JAKARTA PUSAT;GAMBIR;CIDENG;eyJpdiI6ImNvRE43N0lDQVNCWWllb0RLTHBza0E9PSIsInZhbHVlIjoiakRoVFh2OHdPa1YvdkFlWTdZWjRtUT09IiwibWFjIjoiYTcwNTNmYjBjZDUyMDQ0MjhjNWJhODljZjIyNzMzMzFjYWQwYWVkN2ExOTAwOGY0ZTAwZDNiMjRiMzQ1NWY2OSIsInRhZyI6IiJ9;Aktif;;[Kegiatan Usaha: -, Kategori: G, KBLI: 47412];;;31/12/2025;UMKM;Dir Pajak;-6,166276932;106,8027649;valid;;;FALSE;FALSE;TRUE;;;invalid;;;;;4
4121554;MITRASAKTI CIPTAPERKASA;KOMPLEK NIAGA ROXY MAS JL.KH.HASYIM ASHARI NO.125;3173080001;31;73;80;1;DKI JAKARTA;JAKARTA PUSAT;GAMBIR;CIDENG;eyJpdiI6Ijg3bjdnbTRIWmRETkpRS0x3cTd0UGc9PSIsInZhbHVlIjoiQnJUWER6N1BwbGY5Q0VwNHJWYnVtQT09IiwibWFjIjoiYWNlYjA0ZjJlMDI5NGQ0MTZlOWJhMzBkNjgyMTdjNWUwNWM2NDQ2ZWM2ZDhmODM3YjI3MTJhNzdiZDRkZTQ3MiIsInRhZyI6IiJ9;Aktif;;[Kegiatan Usaha: -, Kategori: G, KBLI: 46900];;;05/11/2025;UMKM;Dir Pajak;-6,1693995;106,8047037;valid;;;FALSE;FALSE;TRUE;;;invalid;;;;;4
4123445;MEGAH CEMERLANG DAYA SEJATI;JL.KH.HASYIM ASHARI 125 ITC ROXY MAS BLOK D32 TELP.63858931;3173080001;31;73;80;1;DKI JAKARTA;JAKARTA PUSAT;GAMBIR;CIDENG;eyJpdiI6Im5ZNVFORkpSeVV6WGZGUnY4WWJaSWc9PSIsInZhbHVlIjoibHdZTFFOUDNBRWxSc09INGVSeFdhUT09IiwibWFjIjoiNWYxMTgzZWZkZWQzY2IyZGM4NWI5ZTg4ZDAzNTc3YWExYjU3NmU4NWFjMDEzMDQ1YzMyZTA2MzY1ZDBlY2Y3NCIsInRhZyI6IiJ9;Aktif;;[Kegiatan Usaha: -, Kategori: G, KBLI: 46900];;;31/12/2025;UMKM;Dir Pajak;-6,1669146;106,8034375;valid;;;FALSE;FALSE;TRUE;;;invalid;;;;;4
4136347;DINAMIKA USAHA INTERTAMA;JL KH. MOH. MANSYUR;3173080001;31;73;80;1;DKI JAKARTA;JAKARTA PUSAT;GAMBIR;CIDENG;eyJpdiI6Ii9UYUVmWnF1OXpQanVRYk9SbWFmckE9PSIsInZhbHVlIjoiMHZ5T3VTb2JRNndGZ2N2TjBwNmlLdz09IiwibWFjIjoiYjhjMDNiOWNlMThiOWE0MGVlMzM1M2IyZWU2NmVkNDg3YjM5ZDVhNmI0NzRjMWIxNjUyODg5NmRjYzFkYWVhYSIsInRhZyI6IiJ9;Aktif;;[Kegiatan Usaha: -, Kategori: G, KBLI: 46900];;;26/10/2025;UMKM;Dir Pajak;-6,1667509;106,8029048;valid;;;FALSE;FALSE;TRUE;;;invalid;;;;;4
4140421;NUSA TEKNOLOGI INDONESIA;NIAGA ROXY MAS BLOK, JL. KH.HASYIM ASHARI;3173080001;31;73;80;1;DKI JAKARTA;JAKARTA PUSAT;GAMBIR;CIDENG;eyJpdiI6IndSRjgvaWM2cGNualhyQ091UWl4NVE9PSIsInZhbHVlIjoiUTVnYjV2dEdOd09lUWNRdzIxTEVwUT09IiwibWFjIjoiNWM0ZTQ5MWY4MTY1MWFjYzkzZWE3YjcxYzgzM2QzNDMyZTk5ZjA5NjhkNjMyYjFhYzQzZDQwZTdkNDU3YmNhOSIsInRhZyI6IiJ9;Aktif;;[Kegiatan Usaha: -, Kategori: G, KBLI: 46900];;;26/10/2025;UMKM;Dir Pajak;-6,166433;106,8029841;valid;;;FALSE;FALSE;TRUE;;;invalid;;;;;4
4141460;DUA QI UTAMA;JL. BACAN NO.7 NO. RT. 004 RW. 005;3173080001;31;73;80;1;DKI JAKARTA;JAKARTA PUSAT;GAMBIR;CIDENG;eyJpdiI6ImNQVTdrQXdrZXZLV0s5bFEyUFZTTHc9PSIsInZhbHVlIjoibFJBdUVDNFJ6S0tEN25rZE1vNjFhQT09IiwibWFjIjoiNTU2MWE4OGM0MmI4Njk0OGQ1YjExMmY3MTE3NDc0NGIyMTQ1ZWY5MGJhMzg5OWU2MzU5NTIwZGE2ODU4MmViZiIsInRhZyI6IiJ9;Aktif;;;;;31/12/2025;UMKM;Dir Pajak;-6,1667077;106,8050827;valid;;;FALSE;FALSE;TRUE;;;invalid;;;;;4
4174880;CITRA NUANSA NUSANTARA;JL BIAK;3173080001;31;73;80;1;DKI JAKARTA;JAKARTA PUSAT;GAMBIR;CIDENG;eyJpdiI6IkdwcHRKSmhRTi9ZanFMeXZrcjZ5Wnc9PSIsInZhbHVlIjoia2pyTDFxNHdZYVRtMW1OaFFJcTRjZz09IiwibWFjIjoiOTJiMmI3NWY1YWNhOTc1NWNlNzIwY2EyNTQ4MzEyZmNmM2MyMjY5YjA2NTUzNWZjZDA4NDMzYjIyOGIzMmQzZCIsInRhZyI6IiJ9;Aktif;;[Kegiatan Usaha: -, Kategori: G, KBLI: 46900];;;31/12/2025;UMKM;Dir Pajak;-6,1707342;106,8083087;valid;;;FALSE;FALSE;TRUE;;;invalid;;;;;4
4177613;ASESORINDO ADIDATATAMA;JL. KH. HASYIM ASHARI 125 BLOK E1/24 ITC ROXY MAS, CIDENG;3173080001;31;73;80;1;DKI JAKARTA;JAKARTA PUSAT;GAMBIR;CIDENG;eyJpdiI6IlEvalJRZHRxNWtSemN6TE5vQ292Y2c9PSIsInZhbHVlIjoidy94OXNFTW55bVZzYzhSTmVheElOUT09IiwibWFjIjoiODY5YmZiNTBhM2M4ODUxYmJkNzAwOGFmNTNlY2UwZjU4YTNkYzMzM2VjNTRlYmFhMTEyN2YzNzM0ODBmNmNmMiIsInRhZyI6IiJ9;Aktif Nonrespons;;;;;31/12/2025;UB;Dir Pajak;-6,1669146;106,8034375;valid;;;FALSE;FALSE;TRUE;;;invalid;;;;;4
4188131;MASANA PUTRA PERKASA;KOMPLEK RUKO ROXY MAS, JL KH HASYIM ASHARI 125;3173080001;31;73;80;1;DKI JAKARTA;JAKARTA PUSAT;GAMBIR;CIDENG;eyJpdiI6InlvRHhpcitrUnZKM0tBcHlnT2VCbGc9PSIsInZhbHVlIjoiNWhoSUY4NVFVdWpCVGVpTWxhMHMvUT09IiwibWFjIjoiMGRiY2ZkNWFmNjYyOTI0Yzc5ZGQ4YTVlZDVkMjZmNTlmYjI4MDc3ZDQ4MmE2YmMzNzhiOGY5NjJmZjcwYjJlZiIsInRhZyI6IiJ9;Aktif;;[Kegiatan Usaha: -, Kategori: G, KBLI: 46447];;;26/10/2025;UMKM;Dir Pajak;-6,166433;106,8029841;valid;;;FALSE;FALSE;TRUE;;;invalid;;;;;4
42458619;OTOPIA BERKEMBANG BERSAMA;Jl. Biak No. 15 BB;3173080001;31;73;80;1;DKI JAKARTA;JAKARTA PUSAT;GAMBIR;CIDENG;eyJpdiI6IjJwQjFRcFJoVWtZUTIxTm0xRzJJMWc9PSIsInZhbHVlIjoiK0ZrNTNYMWQ0ZlErQkNRMnJlNW5MQT09IiwibWFjIjoiNjU2YjEzMTZmN2EzOTdlZjRjNmMyNTczMGNiZTM5OGQ2YTZhMzgxMGZlYjY1OGEzYTY0ZTk0N2QwMDZhODQwNCIsInRhZyI6IiJ9;Aktif;;"[Kegiatan Usaha: -, Kategori: -, KBLI: 45202]; [Kegiatan Usaha: -, Kategori: -, KBLI: 45301]; [Kegia...";;;;;OSS - Badan Usaha;;;invalid;;;FALSE;FALSE;TRUE;;;invalid;;;;;4
42500476;BINA MITRA PERKASA;Jl. Tanah Abang 5 No.27H;3173080001;31;73;80;1;DKI JAKARTA;JAKARTA PUSAT;GAMBIR;CIDENG;eyJpdiI6ImpoVUV2bHpjYTBITzBMNEtmbjVnSEE9PSIsInZhbHVlIjoiU2lUZkp4S3l5YlY2c2tlTmlBSjQzUT09IiwibWFjIjoiYzNjMTA2NGJjZmFhYWM5ZWNjMDkyODYwNGQ0ZjIxODQ5YjlhZDc1Nzg2MjU3MWE2MmQyODYyZWI1N2I2YTJhOCIsInRhZyI6IiJ9;Aktif;;[Kegiatan Usaha: -, Kategori: -, KBLI: 53202];;;;;OSS - Badan Usaha;;;invalid;;;FALSE;FALSE;TRUE;;;invalid;;;;;4
4250498;ERA POINT GLOBALINDO;GEDUNG KOTA KASABLANKA LOWER GROUND UNIT 45 JL CASABLANCA KAV 88;3173080001;31;73;80;1;DKI JAKARTA;JAKARTA PUSAT;GAMBIR;CIDENG;eyJpdiI6InYydlZPMXRIM2doWnJZWnhvTHd4c3c9PSIsInZhbHVlIjoibTNoWWk4TW5OUW0yODdVMGdMSDdJZz09IiwibWFjIjoiZGFhZTkzYjNiODk3Y2M4MjNjNjkwNDkzZDRjY2Y1ZGMwMGFkMzAyYzNlNDA2ZWI1MTk4NjYwMWE5ZDVjOTkxZCIsInRhZyI6IiJ9;Aktif;;[Kegiatan Usaha: -, Kategori: G, KBLI: 46523];;;26/10/2025;UMKM;Dir Pajak;-6,1665376;106,8027208;valid;;;FALSE;FALSE;TRUE;;;invalid;;;;;4
42517884;MOBIUS TEKNOLOGI INDONESIA;JL. BIAK RAYA NO. 48 D;3173080001;31;73;80;1;DKI JAKARTA;JAKARTA PUSAT;GAMBIR;CIDENG;eyJpdiI6IkFiNUE2OEdxRkYrUzZxMEFGditlM0E9PSIsInZhbHVlIjoiU0lXamtPMkF6bm9sVFovUlBjRFI5UT09IiwibWFjIjoiNTkxODNjODNmNmY1MTE0ODQ2YWRkNDlmYTk1NWFkMmY1Zjk2ODYzMWY1ZjA5YzZmNDEyNjNhMmMwNDQ3MjE1YyIsInRhZyI6IiJ9;Aktif;;"[Kegiatan Usaha: -, Kategori: -, KBLI: 58200]; [Kegiatan Usaha: -, Kategori: -, KBLI: 62029]; [Kegia...";;;;;OSS - Badan Usaha;;;invalid;;;FALSE;FALSE;TRUE;;;invalid;;;;;4
42533938;UPLUS TRADING INDONESIA;Ruko Roxy Trade Center No 233 H, Jl. KH Hasyim Ashari;3173080001;31;73;80;1;DKI JAKARTA;JAKARTA PUSAT;GAMBIR;CIDENG;eyJpdiI6ImJnNXB6SXpyOTAyU2kyNFExemlmVWc9PSIsInZhbHVlIjoiNkhGS3N6SHBWNXAvNklBYUtFRkRKUT09IiwibWFjIjoiZmVmZmY4MWI4M2UyM2FjZTU1NzVlZmM3ZjlhNDc1N2RiNTM5M2YwMjRjNWVlNzhlYTIzODg5MTA1YjdlZWM3NyIsInRhZyI6IiJ9;Aktif;;"[Kegiatan Usaha: -, Kategori: -, KBLI: 46491]; [Kegiatan Usaha: -, Kategori: -, KBLI: 46499]";;;;;OSS - Badan Usaha;;;invalid;;;FALSE;FALSE;TRUE;;;invalid;;;;;4
42535095;UNTUNG TRADING INDONESIA;Ruko Roxy Trade Center No 233 H, Jalan KH Hasyim Ashari;3173080001;31;73;80;1;DKI JAKARTA;JAKARTA PUSAT;GAMBIR;CIDENG;eyJpdiI6IjBLb2l1dWgydUFaVjFua0YzVjZKbXc9PSIsInZhbHVlIjoiNmxYdGcvVEJURVZXcThyU2dRcEk0UT09IiwibWFjIjoiM2NiZmFiZDlkYWMzOWYzNWZjY2RjNjQ0NGY0NjBkZWZhM2QwZDY1ZDE0MzY3NGJmOTlkOTA2ZTBkZmE0NTRkZSIsInRhZyI6IiJ9;Aktif;;"[Kegiatan Usaha: -, Kategori: -, KBLI: 46591]; [Kegiatan Usaha: -, Kategori: -, KBLI: 46599]; [Kegia...";;;;;OSS - Badan Usaha;;;invalid;;;FALSE;FALSE;TRUE;;;invalid;;;;;4
4265821;KRESNA CITRA UTAMA;JL BIAK NO 1 / B-1, CIDENG;3173080001;31;73;80;1;DKI JAKARTA;JAKARTA PUSAT;GAMBIR;CIDENG;eyJpdiI6Ik9PcVdocTE3M1ZwUHhiZWF3S1NSTlE9PSIsInZhbHVlIjoiQVFKTVRuWlVoWjZEMlNYVU1TaVhVdz09IiwibWFjIjoiMjQ2OGNhNjcxZDM1M2Q1ZmRmOTlmODYzNDIwMThlZjZjYzQwOWIzN2EwZDA5ZjNiNmMxYWU0NWNhZThlNjE1OCIsInRhZyI6IiJ9;Aktif;;[Kegiatan Usaha: -, Kategori: G, KBLI: 46900];;;26/10/2025;UMKM;Dir Pajak;-6,1688698;106,8084062;valid;;;FALSE;FALSE;TRUE;;;invalid;;;;;4
4292833;RAJAWALI SOLUSI TEKNOLOGI;JL. TALAUD NO.7, CIDENG;3173080001;31;73;80;1;DKI JAKARTA;JAKARTA PUSAT;GAMBIR;CIDENG;eyJpdiI6IlhPZE9WS2NKRWRqaDdQbyt3M0h3UEE9PSIsInZhbHVlIjoiVU9ESE9td2RuKytmUmMrSGdEMFp1dz09IiwibWFjIjoiMDQ0MDhkOTY1MmIwNWMxNDM4OTMwM2IxOWFjNTQ1N2NlODQ0YzhjYmZlNDJhNmVmZjQ1ODE3NGNiNDc1NmE0NSIsInRhZyI6IiJ9;Aktif;;;;;31/12/2025;UMKM;Dir Pajak;-6,171505928;106,8102798;valid;;;FALSE;FALSE;TRUE;;;invalid;;;;;4
4298055;PATRA MEDIA NUSANTARA;TANAH ABANG II;3173080001;31;73;80;1;DKI JAKARTA;JAKARTA PUSAT;GAMBIR;CIDENG;eyJpdiI6IlhvcFFRQ25ZTnNxeTFSL0dJbkhxZEE9PSIsInZhbHVlIjoidlprbmVVYlNJTm4rMTNDVngySnBFQT09IiwibWFjIjoiZTMxNGNhMWY1ODg4N2RlNjkzNzMzNWQ4NjQ1N2Q1Mzk3ZTRkOTIxM2JhNmU3MGM1MjlmNDAzNjFhNzIwNzNmYiIsInRhZyI6IiJ9;Aktif;;[Kegiatan Usaha: -, Kategori: G, KBLI: 46511];;;26/10/2025;UMKM;Dir Pajak;-6,1758183;106,8100451;valid;;;FALSE;FALSE;TRUE;;;invalid;;;;;4
4315991;CAHAYA  RESEARCH INDONESIA;JL.KH.HASYIM ASHARI BLOK D.5 NO.6;3173080001;31;73;80;1;DKI JAKARTA;JAKARTA PUSAT;GAMBIR;CIDENG;eyJpdiI6IlZnSFc4c2NiS0tVNURYRDQwa2RESUE9PSIsInZhbHVlIjoiZks3MVNjM3c0eFZSODBQSk11QktTZz09IiwibWFjIjoiYWNkZDRiMTA2YTUyMTZhYmMyMWIwYjUzMDM0NWNkZTI4YzJhYzYwYzM2MWZhNWVhZGE5YmY4OTAxOWM2YWIyOSIsInRhZyI6IiJ9;Aktif;;"[Kegiatan Usaha: -, Kategori: N, KBLI: 78101]; [Kegiatan Usaha: -, Kategori: -, KBLI: 58200]; [Kegia...";;;17/06/2025;UMKM;Dir Pajak;-6,166105;106,80504;valid;;;FALSE;FALSE;TRUE;;;invalid;;;;;4
4327559;CIPTA WARNA PRIMA;JL BANDENGAN SELATAN;3173080001;31;73;80;1;DKI JAKARTA;JAKARTA PUSAT;GAMBIR;CIDENG;eyJpdiI6IndONUxuRU9veWlyNUV5b2tvem1ucEE9PSIsInZhbHVlIjoiSkcyemV4Z0xQNDlxUUNFanNYRFcwdz09IiwibWFjIjoiY2MxNGU0ZDAyNmJhNTU0NTFiOTZjMGE3YzUyMTI1ZTFmODZiZGEwN2UxNDQ4Zjg1OTlmMTNkNzM5MDQ1YzFlMCIsInRhZyI6IiJ9;Aktif;;[Kegiatan Usaha: -, Kategori: G, KBLI: 46638];;;26/10/2025;UMKM;Dir Pajak;-6,1686057;106,8063861;valid;;;FALSE;FALSE;TRUE;;;invalid;;;;;4
4327674;NOAH ARKINDO;JL CIDENG BARAT;3173080001;31;73;80;1;DKI JAKARTA;JAKARTA PUSAT;GAMBIR;CIDENG;eyJpdiI6ImQ2Qzc4V05URDY4bDhxbHhTWXd0OFE9PSIsInZhbHVlIjoiMERabE15dFZ2R05nL0RUR1lTNStiQT09IiwibWFjIjoiYWRmOWZmNzFkNWUyZjkxOTM2MTc1YmIxM2NkN2ZiOGIzM2VmYmNjNjUwNjZlN2QwM2MzMGQ0N2Y5OWI1NjFhOSIsInRhZyI6IiJ9;Aktif;;;;;31/12/2025;UB;Dir Pajak;-6,1673701;106,8102829;valid;;;FALSE;FALSE;TRUE;;;invalid;;;;;4
4343305;HITELNET NUSANTARA;Pusat Niaga Roxy Mas Blok C-1/31, JL KH. Hasyim Ashari, 125, Cideng, Gambir RT.2, RT.17/RW.11, Cideng, Jakarta Pusat, Kota Jakarta Pusat, Daerah Khusus Ibukota Jakarta 10150;3173080001;31;73;80;1;DKI JAKARTA;JAKARTA PUSAT;GAMBIR;CIDENG;eyJpdiI6InN0ZzNtSGRZWHl2a0RQcXBmRW1ONWc9PSIsInZhbHVlIjoiUkRUcGZtdXZ5WnlIc3c4RUlxc3pHdz09IiwibWFjIjoiYzNjZDg2ZGE5MjQzNDQ2Y2QyOGEwZjBiMDFhZTc1MTMxNTUwMGFhZTBiNTJiZmM0ZmRmYmVmNWMzODgxZGMxOCIsInRhZyI6IiJ9;Aktif;;[Kegiatan Usaha: -, Kategori: G, KBLI: 46511];;;26/10/2025;UMKM;Dir Pajak;-6,166782856;106,8026505;valid;;;FALSE;FALSE;TRUE;;;invalid;;;;;4
43459867;MITRA PRIMA ADI;Jl. Kota Baru No. 28;3173080001;31;73;80;1;DKI JAKARTA;JAKARTA PUSAT;GAMBIR;CIDENG;eyJpdiI6IldjK1JiTEh6bDFPMWc1SUtoOGRIalE9PSIsInZhbHVlIjoiWTZmU3lJVkpxWk4zc0FPZktNSlJEZz09IiwibWFjIjoiNDdiNjcwZDRlMWYyMGEyMWUxMTRlNmFiNWU2ZTRlYzc0Y2QxMWFmMWRmZjQ1ODNkMGYzNThjYWJlZmE4Njg0ZCIsInRhZyI6IiJ9;Aktif;;"[Kegiatan Usaha: -, Kategori: -, KBLI: 43304]; [Kegiatan Usaha: -, Kategori: -, KBLI: 46900]; [Kegia...";;;;;OSS - Perorangan;;;invalid;;;FALSE;FALSE;TRUE;;;invalid;;;;;4
43459899;MAGNET DIGITAL INDONESIA;Jl. KH. Hasyim Ashari No. 83 ;3173080001;31;73;80;1;DKI JAKARTA;JAKARTA PUSAT;GAMBIR;CIDENG;eyJpdiI6ImU5WFd4eE91ZUs5aXRQaWpRaDZHVUE9PSIsInZhbHVlIjoiYWt5ZGRnamEvWEVPQUVkMStXWWRidz09IiwibWFjIjoiY2E4Njc0OThiNzI2YWRhMzhlNWNkMGRiYjUwNTVmODBiZGE0NWJlNjQxMGY1MDUzNTJmZjE1OTM4OWQyMGM1NiIsInRhZyI6IiJ9;Aktif;;"[Kegiatan Usaha: -, Kategori: -, KBLI: 62012]; [Kegiatan Usaha: -, Kategori: -, KBLI: 47999]; [Kegia...";;;;;OSS - Perorangan;;;invalid;;;FALSE;FALSE;TRUE;;;invalid;;;;;4
43461060;CIAO BELLA INDONESIA;JL. CIDENG BARAT No. 36A;3173080001;31;73;80;1;DKI JAKARTA;JAKARTA PUSAT;GAMBIR;CIDENG;eyJpdiI6IjEzQ1YyZXkramJ5ZmY4NzV4T1liVFE9PSIsInZhbHVlIjoiays4YVAxaWZGaFlHU2tGTWloMlUydz09IiwibWFjIjoiMTE2MGIzMGI5NThhMzE1NzI3MWUzYmZjMDg0MDIwNzkyYjY2MjM1OWY3NGNhMGM2NzJlMjZiYzIyZDBhMjg5MCIsInRhZyI6IiJ9;Aktif;;"[Kegiatan Usaha: -, Kategori: -, KBLI: 10320]; [Kegiatan Usaha: -, Kategori: -, KBLI: 01132]; [Kegia...";;;;;OSS - Perorangan;;;invalid;;;FALSE;FALSE;TRUE;;;invalid;;;;;4
43462714;TRINITY MEDICAL INDONESIA;Jalan Supiori Nomor 3-3A;3173080001;31;73;80;1;DKI JAKARTA;JAKARTA PUSAT;GAMBIR;CIDENG;eyJpdiI6IlJjWFVnNURFNVRvLzVvK0lxS045THc9PSIsInZhbHVlIjoicktZMWxVOUhrbEpEUG0zSkthalRmdz09IiwibWFjIjoiMzkxNjk1NTg1NzJiNDgyMDZmM2RiYWU1MmM5NmFlOGVjMjYyM2U0ZDFlNjMwNjM0NTZjMmM1NTdlZTBhOWM2YiIsInRhZyI6IiJ9;Aktif;;"[Kegiatan Usaha: -, Kategori: -, KBLI: 46643]; [Kegiatan Usaha: -, Kategori: -, KBLI: 46100]; [Kegia...";;;;;OSS - Perorangan;;;invalid;;;FALSE;FALSE;TRUE;;;invalid;;;;;4
43463265;VRETANIA AND PARTNERS;Jl. Biak No. 18 AC;3173080001;31;73;80;1;DKI JAKARTA;JAKARTA PUSAT;GAMBIR;CIDENG;eyJpdiI6IjF3dXRQMC9RL0trakNwSndHZVZTd2c9PSIsInZhbHVlIjoibkU5Z1FXR0dnZTVFb2Q0NnFkTGcrdz09IiwibWFjIjoiNTM2MDY3Mjg1ZWMxMTk4MWQwMWZhMWFiNTVkZGJlMmVlMjc3ZTRmOGMwY2Y2NWRjMTgxYTZiNWRlZGQ2YjdlZCIsInRhZyI6IiJ9;Aktif;;[Kegiatan Usaha: -, Kategori: -, KBLI: 69102];;;;;OSS - Perorangan;;;invalid;;;FALSE;FALSE;TRUE;;;invalid;;;;;4
43466126;SUMBERTAMA CAHAYA MAKMUR;JALAN TANAH ABANG II NOMOR 109 AB;3173080001;31;73;80;1;DKI JAKARTA;JAKARTA PUSAT;GAMBIR;CIDENG;eyJpdiI6IjZNVktXOXI5Q1pCQ0htME5JdWFpd2c9PSIsInZhbHVlIjoiSDkzNmh0eko0c0RiY0VXMmZBMDZRdz09IiwibWFjIjoiMWIxNDg3MmIxZmE5NzhlMzA4NWZmNDhkYTViYjc1ZGYwMjcyNTMwN2FlMDA2NzlkNzdkYTkwYWI2MDVmNWU1YiIsInRhZyI6IiJ9;Aktif;;"[Kegiatan Usaha: -, Kategori: -, KBLI: 52101]; [Kegiatan Usaha: -, Kategori: -, KBLI: 68111]; [Kegia...";;;;;OSS - Perorangan;;;invalid;;;FALSE;FALSE;TRUE;;;invalid;;;;;4
43466138;ABADIJAYA SINAR MAKMUR;JALAN TANAH ABANG II NOMOR 109 AB;3173080001;31;73;80;1;DKI JAKARTA;JAKARTA PUSAT;GAMBIR;CIDENG;eyJpdiI6ImJUS2RyY1BaTlhjYUlURlBzKzJnQ2c9PSIsInZhbHVlIjoiZjhLTlVMMWI3R2JSeWhJVWZHak14UT09IiwibWFjIjoiNmI1MGFmNGQ1YWMxZjRiYTYwMzNhN2U4ZTE0ZDA3ZGM4NjBlZjdhMTdiOGMxMjQzMmEwMjk3YWYzMWZkNjRjNyIsInRhZyI6IiJ9;Aktif;;"[Kegiatan Usaha: -, Kategori: -, KBLI: 52101]; [Kegiatan Usaha: -, Kategori: -, KBLI: 68111]; [Kegia...";;;;;OSS - Perorangan;;;invalid;;;FALSE;FALSE;TRUE;;;invalid;;;;;4
43469673;ANDALAN JAYA SENTOSA;JALAN TIDORE NOMOR 34 B;3173080001;31;73;80;1;DKI JAKARTA;JAKARTA PUSAT;GAMBIR;CIDENG;eyJpdiI6IlpyNkkzcllMbkxzUHZBczU5dEpCQUE9PSIsInZhbHVlIjoiWDNBYS8rOXdzY2d2dmtOZkhWaVFnQT09IiwibWFjIjoiYTJmNmMzNDA1MzcyMDE1MDhiNDZiMzM1ZmZlMmNhZDNkM2I0NzM1Y2RkNDEwNDdjNWQ4MzFlNjQyYzJmMWQ5ZiIsInRhZyI6IiJ9;Aktif;;[Kegiatan Usaha: -, Kategori: -, KBLI: 46511];;;;;OSS - Perorangan;;;invalid;;;FALSE;FALSE;TRUE;;;invalid;;;;;4
4347019;GEOSTRUCTURE DYNAMICS;KOMPLEK RUKO ROXY MAS BLOK C.4 NO. 17  JL KH HASYIM ASHARI 125;3173080001;31;73;80;1;DKI JAKARTA;JAKARTA PUSAT;GAMBIR;CIDENG;eyJpdiI6ImwrdUM3bjF0SFc4YS9rSStaU0M1RFE9PSIsInZhbHVlIjoiT005d3hGazJER0c3andKQXRnaUU0UT09IiwibWFjIjoiOTcwMDBhNTg5NjJhZWU2YmJiMDliMGQ0NTIxNDM4NTI0NDY3YWM5ZGM0YTBkMTlhNDg5ZjM4NTVmNjY4MjM4YiIsInRhZyI6IiJ9;Aktif;;[Kegiatan Usaha: -, Kategori: F, KBLI: 43120];;;26/10/2025;UB;Dir Pajak;-6,168054;106,8046328;valid;;;FALSE;FALSE;TRUE;;;invalid;;;;;4
43475152;NOOR QADR NISKALA;JL. BIAK 15BB;3173080001;31;73;80;1;DKI JAKARTA;JAKARTA PUSAT;GAMBIR;CIDENG;eyJpdiI6IlFGRk5nMUFhRVVrUHM1Y1VrSXM1ckE9PSIsInZhbHVlIjoiLzQ3T1ZxVGdOOGQvVm1VSlVGYU1Ndz09IiwibWFjIjoiMWI4Zjg2NzMxOTRmZTU1MjdjYmU3OTRmN2VkZWFiMTk3NTQ4ZDhmYzU0YzljYTBkNTk2MTI5MzkyN2ZkYmMzMCIsInRhZyI6IiJ9;Aktif;;"[Kegiatan Usaha: -, Kategori: -, KBLI: 79121]; [Kegiatan Usaha: -, Kategori: -, KBLI: 73100]; [Kegia...";;;;;OSS - Perorangan;;;invalid;;;FALSE;FALSE;TRUE;;;invalid;;;;;4
43475585;PUSPA ANANTA SELARAS;JALAN CITARUM NOMOR 17;3173080001;31;73;80;1;DKI JAKARTA;JAKARTA PUSAT;GAMBIR;CIDENG;eyJpdiI6IjJzbHZka1RHc1U1SHdZUTM5SGNEYnc9PSIsInZhbHVlIjoiYjBSUGs5SGJzbFJzdTdZd1VaN1JYdz09IiwibWFjIjoiMDBjZWFhN2E3ZTE2OTRkMzA3ZThiODgzMTA0M2E1OTEzYTJjYmFjMjM2ZmQxNDFlMTljMGNhZmM1Y2Y3ZTU3MSIsInRhZyI6IiJ9;Aktif;;"[Kegiatan Usaha: -, Kategori: -, KBLI: 47722]; [Kegiatan Usaha: -, Kategori: -, KBLI: 47722]";;;;;OSS - Perorangan;;;invalid;;;FALSE;FALSE;TRUE;;;invalid;;;;;4
43481287;WINTURE CHEMICAL TECHNOLOGY CO.LTD;JL. TANAH ABANG I NO 252;3173080001;31;73;80;1;DKI JAKARTA;JAKARTA PUSAT;GAMBIR;CIDENG;eyJpdiI6ImxNYXJLb2Jzbm1LZUVZUkR1ZEgvaHc9PSIsInZhbHVlIjoiemVzbnFhM3lMd1FKWGMvNnZSbEh5UT09IiwibWFjIjoiM2YwZmY3NDE2MWJjMGM0YTkwNDY4ODMxMTA4MmZjMzQ0Mjg4NWU4ZTYyOGEzYzc4OGQxYmYyNmY2ZDQ2OTY4ZSIsInRhZyI6IiJ9;Aktif;;[Kegiatan Usaha: -, Kategori: -, KBLI: 95291];;;;;OSS - Perorangan;;;invalid;;;FALSE;FALSE;TRUE;;;invalid;;;;;4
43481717;EARSPOINT SELARAS PRATAMA;JL.KOTABARU NO. 11 KELURAHAN CIDENG, GAMBIR;3173080001;31;73;80;1;DKI JAKARTA;JAKARTA PUSAT;GAMBIR;CIDENG;eyJpdiI6Im1WbEFYS1ZNUUdZdEdpdWREMld3MkE9PSIsInZhbHVlIjoibmlJQ0w4VmtTdkovU1Ird3FyaEFmdz09IiwibWFjIjoiYTY1N2RlZjcxZDBjN2QzNGEwMGJjYzVlZTE0YmYwYTdhMTJmYWEwOTNmN2U4ZjJiZDkzMjEwYjU0OTIzNTlkZiIsInRhZyI6IiJ9;Aktif;;"[Kegiatan Usaha: -, Kategori: -, KBLI: 77400]; [Kegiatan Usaha: -, Kategori: -, KBLI: 46900]";;;;;OSS - Perorangan;;;invalid;;;FALSE;FALSE;TRUE;;;invalid;;;;;4
43482676;TRISTAR MEGA PERSADA;GRAHA NABERAYASH, Jl. Taman Jati Batu Timur No. 20;3173080001;31;73;80;1;DKI JAKARTA;JAKARTA PUSAT;GAMBIR;CIDENG;eyJpdiI6IjNvVTgrRUkxemp3dWYxOVJiZ3JjWUE9PSIsInZhbHVlIjoiaUxodkVTTjVSaFBON0xQREgwQ0ppZz09IiwibWFjIjoiMDM1ODY4YTg3ZmJjNjU5NjcxMzdjMGJlMzk2YjRkNTc2ZGY4Yzc3MDQ3NGFhMGE1MTY2OWYxZWY0Y2Y3MzAxNSIsInRhZyI6IiJ9;Aktif;;"[Kegiatan Usaha: -, Kategori: -, KBLI: 46900]; [Kegiatan Usaha: -, Kategori: -, KBLI: 46421]; [Kegia...";;;;;OSS - Perorangan;;;invalid;;;FALSE;FALSE;TRUE;;;invalid;;;;;4
43484653;ALAM SEMESTA INDAHTAMA;JALAN TANAH ABANG II NOMOR 109 AB;3173080001;31;73;80;1;DKI JAKARTA;JAKARTA PUSAT;GAMBIR;CIDENG;eyJpdiI6InZmWUJ5QWVSS2NmWVNNelhlVW9KcWc9PSIsInZhbHVlIjoiTTQ0Ti9TNXRkOXBLQ3RPc0orRGlpUT09IiwibWFjIjoiZjQyZDk0Mjg5Y2QyNDM3NDkyYWE4NzFjMTU2ZGEwN2ZmODlhOGFiNDUwNmE5ZjMxZTYwZWVhYjU5ZDc0MmRmNSIsInRhZyI6IiJ9;Aktif;;"[Kegiatan Usaha: -, Kategori: -, KBLI: 68111]; [Kegiatan Usaha: -, Kategori: -, KBLI: 33122]; [Kegia...";;;;;OSS - Perorangan;;;invalid;;;FALSE;FALSE;TRUE;;;invalid;;;;;4
43485267;PANCA INOVASI SUKSES;JALAN BIAK NOMOR 31;3173080001;31;73;80;1;DKI JAKARTA;JAKARTA PUSAT;GAMBIR;CIDENG;eyJpdiI6Ijh3V2IrQUFlVHZYbCsvTGx1dUlCNFE9PSIsInZhbHVlIjoiYUR4aGlKWXdtOW5nYnpSUVBFN2ZRZz09IiwibWFjIjoiYzZhNGRmNzYzZmUyZGRkYmI4YTA1ZGNlMGRhZDU1ZmFkOGVkNDcxYzczMjcyZTIyZTkzYTFlMzhkZjk4ZDRmYiIsInRhZyI6IiJ9;Aktif;;[Kegiatan Usaha: -, Kategori: -, KBLI: 46339];;;;;OSS - Perorangan;;;invalid;;;FALSE;FALSE;TRUE;;;invalid;;;;;4
43486663;WAGASHI HANEI INDONESIA;Jl. Morotai No. 11;3173080001;31;73;80;1;DKI JAKARTA;JAKARTA PUSAT;GAMBIR;CIDENG;eyJpdiI6Ikl3UFU3RFB6VXJzMjd1ZUJXa2hWVnc9PSIsInZhbHVlIjoiTm1DY2FxRnhXUnZzNHNtc0tUOVJnQT09IiwibWFjIjoiNWU0NGU1NTQwODcyZTgwMTI3YjMxNWM5ZWE4ZDIzNjYwODJiNjdiZWZhZDAyYzJmY2E4NTk0ZmZiMWViNzY0MCIsInRhZyI6IiJ9;Aktif;;"[Kegiatan Usaha: -, Kategori: -, KBLI: 47222]; [Kegiatan Usaha: -, Kategori: -, KBLI: 47242]; [Kegia...";;;;;OSS - Perorangan;;;invalid;;;FALSE;FALSE;TRUE;;;invalid;;;;;4
43490469;VARIFAS MAKMUR ABADI;Jl. Tanah Abang II 93;3173080001;31;73;80;1;DKI JAKARTA;JAKARTA PUSAT;GAMBIR;CIDENG;eyJpdiI6InF5MzdTVU5ONFZJOUVqWW9BaEtyZEE9PSIsInZhbHVlIjoiRHl4VUx3K3VSL3JpL1h3b1pnRk9Fdz09IiwibWFjIjoiZmM2MjBlZjNlN2ExOWJmOGEyZmNiMTM1NDJmOWZmYmQ5MzhkMjUzYjBmMWUyYjhlMDEyMDg5YzJiYjE4MjBmZiIsInRhZyI6IiJ9;Aktif;;"[Kegiatan Usaha: -, Kategori: -, KBLI: 74902]; [Kegiatan Usaha: -, Kategori: -, KBLI: 46631]";;;;;OSS - Perorangan;;;invalid;;;FALSE;FALSE;TRUE;;;invalid;;;;;4
4349346;SURYA CITRA MULTIMEDIA;GEDUNG MANGKULUHUR CITY LT. 31-02, JL JEND, GATOT SUBROTO KAV. 1-2;3173080001;31;73;80;1;DKI JAKARTA;JAKARTA PUSAT;GAMBIR;CIDENG;eyJpdiI6InpjNXNNSjNuV29BSmtJanJKRmZwenc9PSIsInZhbHVlIjoiK2VLR0lTS01yVkh5cUNTemJCS0Z4dz09IiwibWFjIjoiODkzNjg5YmVjZTdjYjNjNWIwOTdlZjg4YWY0MmEwNDE1ODEwMDY3ZDg1Nzc2Yjg5MWMxYjBhZWYwYTNjZjgyNiIsInRhZyI6IiJ9;Aktif;;[Kegiatan Usaha: -, Kategori: G, KBLI: 46523];;;26/10/2025;UMKM;Dir Pajak;-6,1671878;106,8048625;valid;;;FALSE;FALSE;TRUE;;;invalid;;;;;4
43500680;REKAN PAJAKKU INDONESIA;Jl. Pane No. 30 ;3173080001;31;73;80;1;DKI JAKARTA;JAKARTA PUSAT;GAMBIR;CIDENG;eyJpdiI6InpMc2g0U3Rvd0FGWkxnSkpiZ3dsVlE9PSIsInZhbHVlIjoiT1dNcWdnVXRVZWxIc1FqY0h5ZUN5Zz09IiwibWFjIjoiYTY2ODA4NmU4ZWFjZTRjMzc3ZDFmYmY0N2U4OWM2N2EwNTBjZTU4YWIzZWZkZGEzMTMxOTE5YTA4ZDM3NmVmOCIsInRhZyI6IiJ9;Aktif;;"[Kegiatan Usaha: -, Kategori: -, KBLI: 70209]; [Kegiatan Usaha: -, Kategori: -, KBLI: 82110]; [Kegia...";;;;;OSS - Perorangan;;;invalid;;;FALSE;FALSE;TRUE;;;invalid;;;;;4
43502572;INDONESIA TANPA SAKIT GIGI;JL. BIAK NOMOR 34;3173080001;31;73;80;1;DKI JAKARTA;JAKARTA PUSAT;GAMBIR;CIDENG;eyJpdiI6ImdWZXZZa3NKRUJ3NWgwOGVmOGpLUlE9PSIsInZhbHVlIjoic1o5ZEpvMllyeWRpZXBiaytiZFdlZz09IiwibWFjIjoiMGYzOTgxYzMzMDZjODQ4ZmEyZmRkODY4MTc0ZmJmMjc0ZmQ0YWFhZDUwYmZmYTZjNmVhNDcxNzVlMjkzNjc5MyIsInRhZyI6IiJ9;Aktif;;[Kegiatan Usaha: -, Kategori: -, KBLI: 86105];;;;;OSS - Perorangan;;;invalid;;;FALSE;FALSE;TRUE;;;invalid;;;;;4
43502863;KARYA WANA DIGDAYA;Jalan Biak no 62;3173080001;31;73;80;1;DKI JAKARTA;JAKARTA PUSAT;GAMBIR;CIDENG;eyJpdiI6IjMrQXNrWXY5NFduM2tvVDh4ZE52dmc9PSIsInZhbHVlIjoid1hqR3FEYjNKRDNIWWpRYTFmNEJsdz09IiwibWFjIjoiYjEyYjk5YjNlMTdhYTBlYTlkMDMxZTQxOGQ3ZjU1MWRmMzMwMDEzY2NjY2Q4ZWI0MGYwZjY3NTk4MTUxZjQ5ZCIsInRhZyI6IiJ9;Aktif;;"[Kegiatan Usaha: -, Kategori: -, KBLI: 46100]; [Kegiatan Usaha: -, Kategori: -, KBLI: 70209]; [Kegia...";;;;;OSS - Perorangan;;;invalid;;;FALSE;FALSE;TRUE;;;invalid;;;;;4
43507383;SUMBER RIDHO INVESTAMA;Jl. Cideng Barat No.58-B;3173080001;31;73;80;1;DKI JAKARTA;JAKARTA PUSAT;GAMBIR;CIDENG;eyJpdiI6IndnY1JFM2Y0VTNDY3YzVE90bGpzeGc9PSIsInZhbHVlIjoiN1FGeCtPWDRZYmJUSUZCZjhOSms3Zz09IiwibWFjIjoiN2RiM2JmYjU5YmM0NzhjMDk4ZDVlZGVlODE3MGNkZTFkODdhZmEyNTA2OWJmYzE3YWNkYzk2MjE2NjA4MWQ5ZSIsInRhZyI6IiJ9;Aktif;;"[Kegiatan Usaha: -, Kategori: -, KBLI: 64300]; [Kegiatan Usaha: -, Kategori: -, KBLI: 46202]";;;;;OSS - Perorangan;;;invalid;;;FALSE;FALSE;TRUE;;;invalid;;;;;4
43512453;IKATAN NOTARIS INDONESIA;Jalan K.H HAsyim Ashari Roxy Mas, Blok E1/32;3173080001;31;73;80;1;DKI JAKARTA;JAKARTA PUSAT;GAMBIR;CIDENG;eyJpdiI6InY3WnBBaXNlK2JqbG9WT1VBYU9Ud1E9PSIsInZhbHVlIjoiN1ZGSnluZHhDT2c4THRNLzVqLzZtdz09IiwibWFjIjoiMDVhMDdhNTI2MDVhYTM1MmMzNTg2MWExMjIyMTlmY2QyZTNlMWE0MGRkOTAyZmU0MWJmYWQzMmRhNTIwNjQwMCIsInRhZyI6IiJ9;Aktif;;[Kegiatan Usaha: -, Kategori: -, KBLI: 70209];;;;;OSS - Perorangan;;;invalid;;;FALSE;FALSE;TRUE;;;invalid;;;;;4
43512593;KENZIE KAESA WIJAYA;JALAN KAYOA DALAM NOMOR 37F;3173080001;31;73;80;1;DKI JAKARTA;JAKARTA PUSAT;GAMBIR;CIDENG;eyJpdiI6ImF6VzRsOFF5UitXK3c5bGhhbENWRmc9PSIsInZhbHVlIjoiNUNrVnVRRThPeUNZYy9PNHRjTEg5Zz09IiwibWFjIjoiMmZhODU3ZjVmMzZjODJhMjM5YWQyYjRjN2RhMGUyMWU2MmM0OWM4OTAxOGZlODBjODk4ZTZlMTM1NzQ1OTEyYSIsInRhZyI6IiJ9;Aktif;;"[Kegiatan Usaha: -, Kategori: -, KBLI: 46100]; [Kegiatan Usaha: -, Kategori: -, KBLI: 45101]; [Kegia...";;;;;OSS - Perorangan;;;invalid;;;FALSE;FALSE;TRUE;;;invalid;;;;;4
43537075;KREKOT MAKMUR JAYA;Jalan Taneti No 2;3173080001;31;73;80;1;DKI JAKARTA;JAKARTA PUSAT;GAMBIR;CIDENG;eyJpdiI6IjF2SVYyQ2hqOHJaM2xnMHpGR2txU3c9PSIsInZhbHVlIjoiK3RsaTR5cFdpejkyVUJydEppSTlwUT09IiwibWFjIjoiNWU2MzIyY2I3YzVmZTVlYjJkMDJiNDM1ZmIxNWYyZWMyOWE2ZTRiMDg5N2EyMzcyNDRlMDViZDUwNGU5MDlkNyIsInRhZyI6IiJ9;Aktif;;"[Kegiatan Usaha: -, Kategori: -, KBLI: 46491]; [Kegiatan Usaha: -, Kategori: -, KBLI: 46499]; [Kegia...";;;;;OSS - Perorangan;;;invalid;;;FALSE;FALSE;TRUE;;;invalid;;;;;4
43537240;CENTRAL BEAUTY CEMERLANG;Jalan Bacan No. 11;3173080001;31;73;80;1;DKI JAKARTA;JAKARTA PUSAT;GAMBIR;CIDENG;eyJpdiI6ImJyVnV1a205UzlZbU4vckMyb0gzTnc9PSIsInZhbHVlIjoiMTF4bU1OcERTYjU0N21JVGRJQTRKZz09IiwibWFjIjoiZWNiZjBiMzQzZDE0Njc3YmYzNDdlZjVhYWM1YTdkMGI4M2UyZjk1MjliMTU0OTc0MjBiNjBkMGVjYjk4MWM2YSIsInRhZyI6IiJ9;Aktif;;"[Kegiatan Usaha: -, Kategori: -, KBLI: 47914]; [Kegiatan Usaha: -, Kategori: -, KBLI: 47714]; [Kegia...";;;;;OSS - Perorangan;;;invalid;;;FALSE;FALSE;TRUE;;;invalid;;;;;4
43537297;MORINDO;Jl. Biak No 20;3173080001;31;73;80;1;DKI JAKARTA;JAKARTA PUSAT;GAMBIR;CIDENG;eyJpdiI6IkJ2VXNtWjhNVXljV3h6MGtySlh4aGc9PSIsInZhbHVlIjoiSW5LRUcrd2VSYk93WHRqdjI1T2hWQT09IiwibWFjIjoiZWQ0OWVhY2M4ZDMyNTU2M2I1ZjQwZGJiYmRmMGJmZjI1NTc0OGVjMDFlODE1NmQzM2QxMDUxMDc0MzQ5ZmRlNyIsInRhZyI6IiJ9;Aktif;;"[Kegiatan Usaha: -, Kategori: -, KBLI: 46421]; [Kegiatan Usaha: -, Kategori: -, KBLI: 46422]; [Kegia...";;;;;OSS - Perorangan;;;invalid;;;FALSE;FALSE;TRUE;;;invalid;;;;;4
4356980;INDO ENERGI ELEKTRIK;KOMPLEK RUKO ROXY MAS D.3 NO. 3, JL KH. HASYIM ASHARI;3173080001;31;73;80;1;DKI JAKARTA;JAKARTA PUSAT;GAMBIR;CIDENG;eyJpdiI6Imd4M0dNYldvb2w0VVFRYTZGVkI3c1E9PSIsInZhbHVlIjoiNU5EUWxycEQvYTFCMHQxNURaM2pNQT09IiwibWFjIjoiM2I4MjA4ZjRhNDE2NmFkNjIwYjkwYjczMzBhZDQxOGQzMmRkYjRjMDg4N2NmZGZiM2I3ODRjNGQwNzg1YjlmMCIsInRhZyI6IiJ9;Aktif;;[Kegiatan Usaha: -, Kategori: C, KBLI: 27201];;;26/10/2025;UMKM;Dir Pajak;-6,168509;106,8042795;valid;;;FALSE;FALSE;TRUE;;;invalid;;;;;4
43587469;CONRAD LAW OFFICE;JL. Ampasit Raya No.13;3173080001;31;73;80;1;DKI JAKARTA;JAKARTA PUSAT;GAMBIR;CIDENG;eyJpdiI6IllIVGMxQUhRckhJdzZiNlN5RGVOOVE9PSIsInZhbHVlIjoiUHNhWnBvcEtrQUx6VGExd09wMFVUZz09IiwibWFjIjoiMzVkOThkN2NmNjVlOTQyNGI2ZDE0MTI3NTA5OTU1ZGYwZGY3Njk1ZTZkMDliY2JlMDc5N2M1NDIwOTQ0M2MzMiIsInRhZyI6IiJ9;Aktif;;[Kegiatan Usaha: -, Kategori: -, KBLI: 70209];;;;;OSS - Perorangan;;;invalid;;;FALSE;FALSE;TRUE;;;invalid;;;;;4
4359566;RUDY HADISUWARNO OETOMO;JL. CIDENG BARAT NOMOR 117 C;3173080001;31;73;80;1;DKI JAKARTA;JAKARTA PUSAT;GAMBIR;CIDENG;eyJpdiI6InRqY2tHcGkvL25mSkFUcG1KYmV3dnc9PSIsInZhbHVlIjoiQnNNYm5mUGV2cHdhTnFDYWZ4RDFBdz09IiwibWFjIjoiZmFhZTg4YWE1ZTE2YTljMzM2YjA4YzczNzY0MDBjMjNiM2JkNWFlNmYzY2M0N2IyZGFkNDY2YjFmMzFlMmZjNyIsInRhZyI6IiJ9;Aktif;;[Kegiatan Usaha: -, Kategori: N, KBLI: 82110];;;26/10/2025;UMKM;Dir Pajak;-6,181042;106,8130213;valid;;;FALSE;FALSE;TRUE;;;invalid;;;;;4
43607361;CAHAYA MULIATEX;"JL. JATI BARU BENGKEL NO.2-4
GEDUNG CVS HOTEL Lantai 1 No. 1C";3173080001;31;73;80;1;DKI JAKARTA;JAKARTA PUSAT;GAMBIR;CIDENG;eyJpdiI6InBTYlN6SzVYcGF3V2xOUU1LRVhHUmc9PSIsInZhbHVlIjoiWk1XOHkzQkxZS2xLMUN4c01PeEp0Zz09IiwibWFjIjoiZTliMTc0YWM4MzlmMDQ1YjVjOWQ1NTNmMzY0YTczODk5OTExYjhlMjA4ZGVlODg0OTcyNmZiNDZjY2I3M2E0ZSIsInRhZyI6IiJ9;Aktif;;"[Kegiatan Usaha: -, Kategori: -, KBLI: 47711]; [Kegiatan Usaha: -, Kategori: -, KBLI: 47511]; [Kegia...";;;;;OSS - Perorangan;;;invalid;;;FALSE;FALSE;TRUE;;;invalid;;;;;4
4362504;SEFAS KELIANTAMA;JL CIDENG TIMUR;3173080001;31;73;80;1;DKI JAKARTA;JAKARTA PUSAT;GAMBIR;CIDENG;eyJpdiI6InFJdVI1OGJzQ1JSUkRLblp5b0dVZEE9PSIsInZhbHVlIjoiZ1MvWEk2Q0Ezb3ErSytuRmdaYkxxQT09IiwibWFjIjoiNjBjMmU5ZTc0OGExZWZjNGZiMWQ2NTUzNDY4NDk3YjM2OTE2ZDRjOGYyZTM3YTNiMmZjZTI4NGViNjMwOGVjMSIsInRhZyI6IiJ9;Aktif;;[Kegiatan Usaha: -, Kategori: G, KBLI: 46610];;;26/10/2025;UB;Dir Pajak;-6,1785514;106,8123299;valid;;;FALSE;FALSE;TRUE;;;invalid;;;;;4
4364270;MULIA JAYA MANDIRI;JL KH HASYIM ASHARI;3173080001;31;73;80;1;DKI JAKARTA;JAKARTA PUSAT;GAMBIR;CIDENG;eyJpdiI6IlM3QzUvQk9JZC9tRHFPN0NOM0x3Tnc9PSIsInZhbHVlIjoiYzlQR0ZiYVgzSmkwNXJ0NHJGdUs1QT09IiwibWFjIjoiYzE5Njg5ZDI2MjRjMjhlNTZmOTY0NTgzZjAzMmUyYTU2MGQ5Yzg2ZTA3MjY1OWUyYmM3YWYzNmQ1MDE3ZjEwMyIsInRhZyI6IiJ9;Aktif;;[Kegiatan Usaha: -, Kategori: G, KBLI: 47650];;;05/11/2025;UMKM;Dir Pajak;-6,1781434;106,8104035;valid;;;FALSE;FALSE;TRUE;;;invalid;;;;;4
4365499;PELANGIMAS INDONESIA;KOMPLEK ITC ROXY MAS, JL KH HASYIM ASHARI NO. 125;3173080001;31;73;80;1;DKI JAKARTA;JAKARTA PUSAT;GAMBIR;CIDENG;eyJpdiI6IkRlektUNHo1akdhcjBCRGh3UWN6OUE9PSIsInZhbHVlIjoiU3hLL0p0OVpUWHVtTmRRanFWQnZ2UT09IiwibWFjIjoiYzQ5MjNlNTA5MDQwNjEwNjI0YWExYTJhZDBhOWNlNDExMjNjMWFjMGY2N2U2MmU0Njc3NDAxMTkyMGNlMzdkMiIsInRhZyI6IiJ9;Aktif;;[Kegiatan Usaha: -, Kategori: G, KBLI: 47412];;;31/12/2025;UMKM;Dir Pajak;-6,1669146;106,8034375;valid;;;FALSE;FALSE;TRUE;;;invalid;;;;;4
4368890;MALIFAX INDONESIA;JL. CIDENG BARAT;3173080001;31;73;80;1;DKI JAKARTA;JAKARTA PUSAT;GAMBIR;CIDENG;eyJpdiI6ImhiN3BiYW1odUtRTGNyT0F5cmJlMlE9PSIsInZhbHVlIjoieHJCTDJlSzFuY3hZT2V1T29yb2FHUT09IiwibWFjIjoiZmJiNWUwMjUzNDM3NGM4N2Q2YmNiODY1Yjc2NzY0ZjBjM2M0ZTk2NDA4NDBjNmY4NjZmODBmYWZmZTNiNzEyNiIsInRhZyI6IiJ9;Aktif;;[Kegiatan Usaha: -, Kategori: G, KBLI: 46511];;;26/10/2025;UMKM;Dir Pajak;-6,1776008;106,812168;valid;;;FALSE;FALSE;TRUE;;;invalid;;;;;4
43695692;ASAMILAN;Jl. Belawan Nomor 2-2A, Lt. 3;3173080001;31;73;80;1;DKI JAKARTA;JAKARTA PUSAT;GAMBIR;CIDENG;eyJpdiI6IlJWbXdjVUo5QlRkSitGOXdNWG1KekE9PSIsInZhbHVlIjoiMWRKb3hKeFU0UnlHeUVKMGlSdlBXZz09IiwibWFjIjoiNjlhZWQ3OWIyYmQwMGNhOTgwMTFhNjIwOGNmMGMwYzgwYTI2N2RkOWI5ZDM2YzlmODkwMTc2OGJmNDM0ZjEzMiIsInRhZyI6IiJ9;Aktif;;"[Kegiatan Usaha: -, Kategori: -, KBLI: 70209]; [Kegiatan Usaha: -, Kategori: -, KBLI: 79121]; [Kegia...";;;;;OSS - Perorangan;;;invalid;;;FALSE;FALSE;TRUE;;;invalid;;;;;4
43696341;NUWIRA INTEGRASI MANDIRI;JL. CIDENG BARAT NO 76;3173080001;31;73;80;1;DKI JAKARTA;JAKARTA PUSAT;GAMBIR;CIDENG;eyJpdiI6IlFDM1FybU5ONTB2M0t4RS9PSEhlcFE9PSIsInZhbHVlIjoidjBsQmMzTWRNeTFJQ1pRbmh4WEVSQT09IiwibWFjIjoiZjljZGYxODU0MjdjOThjZjI4NGU1YTU3OTMyMmU3ZTRmODg1NTEzYzU2NTY1ZGM0YjQyYWEzZjJlMjdhNDkyMiIsInRhZyI6IiJ9;Aktif;;[Kegiatan Usaha: -, Kategori: -, KBLI: 78300];;;;;OSS - Perorangan;;;invalid;;;FALSE;FALSE;TRUE;;;invalid;;;;;4
43696813;SOEMBER ANAK PUSAKA;Jl. Cideng Barat No.85;3173080001;31;73;80;1;DKI JAKARTA;JAKARTA PUSAT;GAMBIR;CIDENG;eyJpdiI6InN4MTVvbythVGZSbWY5SG81VTJlQlE9PSIsInZhbHVlIjoicTNXQ2NTSUk4eDVqV2hreEsyTmJlQT09IiwibWFjIjoiODJlN2Y5ZWQ5NDg2MDA4MmFhNTM5OGQyMDk0YmU0YTdjYjllYWMxOWUzMmFlOGY5MmRmNjI5NWZhNDVlZDllZCIsInRhZyI6IiJ9;Aktif;;"[Kegiatan Usaha: -, Kategori: -, KBLI: 93293]; [Kegiatan Usaha: -, Kategori: -, KBLI: 91022]; [Kegia...";;;;;OSS - Perorangan;;;invalid;;;FALSE;FALSE;TRUE;;;invalid;;;;;4
43703859;ARIES FAMOUS STORE;ITC ROXY MAS LT DASAR NO 133, JL KH HASYIM ASHARI 125;3173080001;31;73;80;1;DKI JAKARTA;JAKARTA PUSAT;GAMBIR;CIDENG;eyJpdiI6Ik9kNHJTOWFZTTRGZDlPT2xya0NhTEE9PSIsInZhbHVlIjoibXJ2WjRkV3prU0xFbHVzVXFxc3NaZz09IiwibWFjIjoiNjlhNjcxZGEyZmI2MWUzODM1NWNiNGY5MTVjZjZiZGE1Y2QwMDBiNmI4NWY5N2Q4N2ZlOGQ2YjRhNjliZjNjOCIsInRhZyI6IiJ9;Aktif;;[Kegiatan Usaha: -, Kategori: -, KBLI: 47414];;;;;OSS - Perorangan;;;invalid;;;FALSE;FALSE;TRUE;;;invalid;;;;;4
43703970;IDEA PRIMA KONSULINDO;Pusat Niaga Roxy Mas Blok C4 No. 16, Jl. KH Hasyim Ashari No. 125;3173080001;31;73;80;1;DKI JAKARTA;JAKARTA PUSAT;GAMBIR;CIDENG;eyJpdiI6IjZXS25wVHZoUzJ3UWMvbEdGeGptRHc9PSIsInZhbHVlIjoiTXIrU25DODAwZkh4NUhQb1J3b1VVQT09IiwibWFjIjoiZDI2ZDY2N2U0MWE4OTNjODAzYTcwNGUxMjc3MDhhNjZhMDNiOWIxNWVkM2RmZjkzNzJhN2UwN2RmYjJhY2UxNCIsInRhZyI6IiJ9;Aktif;;[Kegiatan Usaha: -, Kategori: -, KBLI: 46512];;;;;OSS - Perorangan;;;invalid;;;FALSE;FALSE;TRUE;;;invalid;;;;;4
4370511;TAJIMA GUNUNG MAS;JL CIDENG BARAT;3173080001;31;73;80;1;DKI JAKARTA;JAKARTA PUSAT;GAMBIR;CIDENG;eyJpdiI6IkNkaXNFenRwOFVtUlVSbUFEaUFkdWc9PSIsInZhbHVlIjoiVkN0TzMrVVJFWFh3NEQ3N1piWUJKUT09IiwibWFjIjoiMDA1MmVlODVjOTY5ODJhY2QzMjJhZTI5MjA5ZmQ2MjdkZGVlZGM4YTkwNGZjMDhhNTc4YzkwNzQyYmIxYzI0MSIsInRhZyI6IiJ9;Aktif;;[Kegiatan Usaha: -, Kategori: C, KBLI: 28262];;;26/10/2025;UMKM;Dir Pajak;-6,1697296;106,8105605;valid;;;FALSE;FALSE;TRUE;;;invalid;;;;;4
43710030;BUMITAMA SEDAYU SUKSES;RUKO ITC ROXY MAS BLOK B1 NO.16 JL. K.H HASYIM ASHARI;3173080001;31;73;80;1;DKI JAKARTA;JAKARTA PUSAT;GAMBIR;CIDENG;eyJpdiI6InZJM2pGb2dwdXJycnBrR0hPWWtsNnc9PSIsInZhbHVlIjoidHd6Q2g3bFV0YlMxY29uaFZ4Q1pnZz09IiwibWFjIjoiOTU3NjZlZDlkNjVjMzM3ZTQxNGMxOWQ2ZTBmNTg5MDYzOGRkYjI5NzkyYjcyZDk2YTJlMzQxMTU3ZmFlNWE3OCIsInRhZyI6IiJ9;Aktif;;[Kegiatan Usaha: -, Kategori: -, KBLI: 46900];;;;;OSS - Perorangan;;;invalid;;;FALSE;FALSE;TRUE;;;invalid;;;;;4
43711325;GALIAN BUMI PERTIWI;JL. MUSI NOMOR 40, CIDENG;3173080001;31;73;80;1;DKI JAKARTA;JAKARTA PUSAT;GAMBIR;CIDENG;eyJpdiI6ImFrTG1WeHMzaGxldnB6SGlFWGV4enc9PSIsInZhbHVlIjoiZ3JwWG1aTGlpcURZTXM4ZkZ1d2V3UT09IiwibWFjIjoiNTdiODdlMjBkMDIyOTYzZjVmYzY1YjhkNWVkNjBiYTg4MzkwNDliZmUzMmZjZTc5YTMxOTM3NjVlMTVhYTI0OCIsInRhZyI6IiJ9;Aktif;;[Kegiatan Usaha: -, Kategori: -, KBLI: 70209];;;;;OSS - Perorangan;;;invalid;;;FALSE;FALSE;TRUE;;;invalid;;;;;4
43716055;SARANA PERLINDUNGAN SEMESTA;Jalan Biak nomor 62;3173080001;31;73;80;1;DKI JAKARTA;JAKARTA PUSAT;GAMBIR;CIDENG;eyJpdiI6IkhONlhKWWVRMHZkbHJBV3h2ZXhWRnc9PSIsInZhbHVlIjoid3k3WWtHQXVkaXJnR0JqUjJSdm4yUT09IiwibWFjIjoiMmI3MjdlYjFhZWU3MjEzY2RhNTZiYjA4NzljNjcxMmI4NjRlZjk4ZDJkNTFhMzhlNjA1ZjhmZGJlZDVjODUyZSIsInRhZyI6IiJ9;Aktif;;"[Kegiatan Usaha: -, Kategori: -, KBLI: 78300]; [Kegiatan Usaha: -, Kategori: -, KBLI: 78101]; [Kegia...";;;;;OSS - Perorangan;;;invalid;;;FALSE;FALSE;TRUE;;;invalid;;;;;4
43718538;PANORAMA MITRA SARANA;Jalan Tanjung Selor Nomor 17;3173080001;31;73;80;1;DKI JAKARTA;JAKARTA PUSAT;GAMBIR;CIDENG;eyJpdiI6IndCRVhGT1pKS1ZyVG9qbmdPZytwZlE9PSIsInZhbHVlIjoiT3dBaDZrOVQ2R3ErVFBtTFNFeVNlZz09IiwibWFjIjoiOGFkYWJkMzgyZGRlY2E2YmQ4NGIxMTFmNTFjNjc0YTVkNmRhZjViNGMxMjdjOGE0MDI5MjA5ODU3YmZhMjRjOSIsInRhZyI6IiJ9;Aktif;;[Kegiatan Usaha: -, Kategori: -, KBLI: 77100];;;;;OSS - Perorangan;;;invalid;;;FALSE;FALSE;TRUE;;;invalid;;;;;4
43719684;SOSIAL ATMA JYOTHI;Jl. Biak No.14;3173080001;31;73;80;1;DKI JAKARTA;JAKARTA PUSAT;GAMBIR;CIDENG;eyJpdiI6IjYyY3M0aGFaeXdRQmMrbGxMQm1jQnc9PSIsInZhbHVlIjoiVEJXUmtFKzFLQXNhRXJ2SFVQK3VHdz09IiwibWFjIjoiODIxZjM0M2I3ZjgxNTkxZWNlMDdhZjU3NGJhYmEzYTQyMzk3MTRiNzUyZWM5NDUwYWE5OWFiMjk0NjdiYjhlMiIsInRhZyI6IiJ9;Aktif;;"[Kegiatan Usaha: -, Kategori: -, KBLI: 85321]; [Kegiatan Usaha: -, Kategori: -, KBLI: 85500]; [Kegia...";;;;;OSS - Perorangan;;;invalid;;;FALSE;FALSE;TRUE;;;invalid;;;;;4
43719796;MURISHA SEJAHTERA;Jl. Biak Raya No. 2-C, Cideng;3173080001;31;73;80;1;DKI JAKARTA;JAKARTA PUSAT;GAMBIR;CIDENG;eyJpdiI6IkZoMC9QNkZHS3Z0L010NCs5UGtRclE9PSIsInZhbHVlIjoiOUNMQ3lvcWpxejBSZnByYjNwUWZXdz09IiwibWFjIjoiN2EzNzIzMDk2YjdkNDA0YTY1NjRhYjA4NDI4M2UyNTNlNDVkNjMxMzhhMTlmYmVjOTE5MThlYTcyZTgyMDg1MiIsInRhZyI6IiJ9;Aktif;;[Kegiatan Usaha: -, Kategori: -, KBLI: 46620];;;;;OSS - Perorangan;;;invalid;;;FALSE;FALSE;TRUE;;;invalid;;;;;4
4374716;WORLD INNOVATIVE TELECOMMUNICATION;RUKO ITC ROXY MAS;3173080001;31;73;80;1;DKI JAKARTA;JAKARTA PUSAT;GAMBIR;CIDENG;eyJpdiI6Ii9URVNkbFNmWXRaOTBUeE80UDFaSGc9PSIsInZhbHVlIjoiUWxHbmZLK2MvanI0RS9DQXFFTGdndz09IiwibWFjIjoiYjFjMWFjMjk3NWQ2ZTE5MmUxNDg0NTg0M2U2OWI0MzZkMGFiYTFlMjRlMmFmZjU5NDU3YTZjYTRkODE3MjcxMiIsInRhZyI6IiJ9;Aktif;;;;;31/12/2025;UMKM;Dir Pajak;-6,1669146;106,8034375;valid;;;FALSE;FALSE;TRUE;;;invalid;;;;;4
43747971;ENABLINK ECOMM INDONESIA;"Jalan Belawan No.2B 
";3173080001;31;73;80;1;DKI JAKARTA;JAKARTA PUSAT;GAMBIR;CIDENG;eyJpdiI6InU0VEtmWGRuY1JPSDBOUGFUOWFuY0E9PSIsInZhbHVlIjoiS2RYZ0p3cTh0U0tzdFBxZXVjM2xCZz09IiwibWFjIjoiZTJhNmQ0NmY4M2Q2MTJhNGJjYmRlZmQ3NDI1NDY1Mjk4OWI0YmYxNDAyOTJiMDg5YjgxYTJjMGM1YzI3YjQyOCIsInRhZyI6IiJ9;Aktif;;"[Kegiatan Usaha: -, Kategori: -, KBLI: 47912]; [Kegiatan Usaha: -, Kategori: -, KBLI: 47913]; [Kegia...";;;;;OSS - Perorangan;;;invalid;;;FALSE;FALSE;TRUE;;;invalid;;;;;4
43758349;SINAR BAJA GEMILANG;Jl. Ciujung No 4 & No 6 ;3173080001;31;73;80;1;DKI JAKARTA;JAKARTA PUSAT;GAMBIR;CIDENG;eyJpdiI6IkgzRjRtZlVFT05VUFZvUFhzOXJleEE9PSIsInZhbHVlIjoiN0tCYldKdzNhRTI5K0VvN3RnbFlRdz09IiwibWFjIjoiY2Y5MmMwNmJiYTM0MjYwZmIwMzJkNWRjNTI4Zjc0MWJhODFmZDUzNDczYzQ1MGMzNDNjMTY2NDcxYWFhNDU3YyIsInRhZyI6IiJ9;Aktif;;"[Kegiatan Usaha: -, Kategori: -, KBLI: 46699]; [Kegiatan Usaha: -, Kategori: -, KBLI: 46523]; [Kegia...";;;;;OSS - Perorangan;;;invalid;;;FALSE;FALSE;TRUE;;;invalid;;;;;4
43768486;OLYMPUS HARMONI MAKMUR;KOMP. RUKO ROXY MAS BLOK D2/17, JALAN KH HASYIM ASHARI C4-33;3173080001;31;73;80;1;DKI JAKARTA;JAKARTA PUSAT;GAMBIR;CIDENG;eyJpdiI6IlFVOTBsUmFkUnU0c08rMUN2SkV4RUE9PSIsInZhbHVlIjoiQzBoY1NtYXZRNCs5QnZPeDdEODVEQT09IiwibWFjIjoiZTEyYTQxNTVlYjllMGZkY2QzN2FmY2RmOTAyMjI5NzRjMGQ2NjZlMTk5MThjNzcwNzFiMjNiMTgyYTFmMjhjOCIsInRhZyI6IiJ9;Aktif;;"[Kegiatan Usaha: -, Kategori: -, KBLI: 26490]; [Kegiatan Usaha: -, Kategori: -, KBLI: 46523]; [Kegia...";;;;;OSS - Perorangan;;;invalid;;;FALSE;FALSE;TRUE;;;invalid;;;;;4
43777534;ECOLIFE SUKSES BERSAMA;JALAN TAMAN JATIBARU BARAT NOMOR. 16;3173080001;31;73;80;1;DKI JAKARTA;JAKARTA PUSAT;GAMBIR;CIDENG;eyJpdiI6IkVHclVjVVZCaEJWRVhjbkg5bVltcVE9PSIsInZhbHVlIjoibGtXejNtK3VBRzhLMlV3R0FuYkVUZz09IiwibWFjIjoiZTc5MTM0MjY0MmRhODliZmU5MGEzZTUxYjFhYjg1NjYyYzdjMTM3ZDFmNjhkMjhhMWQxY2E0YTZjYzNjMmRiZiIsInRhZyI6IiJ9;Aktif;;"[Kegiatan Usaha: -, Kategori: -, KBLI: 46691]; [Kegiatan Usaha: -, Kategori: -, KBLI: 46521]; [Kegia...";;;;;OSS - Perorangan;;;invalid;;;FALSE;FALSE;TRUE;;;invalid;;;;;4
43777583;MULTIDAYA KOMUNIKA INDONESIA;Jalan K.H. Hasyim Ashari Blok D.3 No. 16;3173080001;31;73;80;1;DKI JAKARTA;JAKARTA PUSAT;GAMBIR;CIDENG;eyJpdiI6ImVWVk5aSG9rWDF2SXFHbkhheGxQZVE9PSIsInZhbHVlIjoibG1udFVVK2YweDdodXVCRkNDR2c4dz09IiwibWFjIjoiMjc5YmQ3MTYxZmEzMDU1YWM5ZGI3MmUwNmRiMzQyNzI1MGFiNGQ1ZjFjMzNmNzlkNjc0YjQwZjA1Y2RlYmM3NiIsInRhZyI6IiJ9;Aktif;;"[Kegiatan Usaha: -, Kategori: -, KBLI: 46512]; [Kegiatan Usaha: -, Kategori: -, KBLI: 95120]; [Kegia...";;;;;OSS - Perorangan;;;invalid;;;FALSE;FALSE;TRUE;;;invalid;;;;;4
43787827;PUTRA SENTOSA MANDIRI;Jalan Taman Jati Baru Timur, Komplek Rukan Graha Jati Baru C No. 3;3173080001;31;73;80;1;DKI JAKARTA;JAKARTA PUSAT;GAMBIR;CIDENG;eyJpdiI6InBJWUIwdk9mNTRDWVFzVmg3a1AzS0E9PSIsInZhbHVlIjoiNTllS0RHWWNmRXgyWk9na3FURkppQT09IiwibWFjIjoiZTVjYjIxOTZjZGZjOTkwMmNhNjgyZjA3NTI5NmY0OWZkZjJkMjVmZGZjNjRmNThmNDhkN2Q3NzQyNGJhODZjYyIsInRhZyI6IiJ9;Aktif;;[Kegiatan Usaha: -, Kategori: -, KBLI: 47511];;;;;OSS - Perorangan;;;invalid;;;FALSE;FALSE;TRUE;;;invalid;;;;;4
4381339;PRIMA INTEGRA DISTRIBUSI;RUKO ROXY MAS JL. K.H. HASYIM ASHARI;3173080001;31;73;80;1;DKI JAKARTA;JAKARTA PUSAT;GAMBIR;CIDENG;eyJpdiI6IlNwUkRickZlOVNtRXNETWI0R0N2akE9PSIsInZhbHVlIjoiMUlYNGhNVXd1ZWtaU3paNHgwQzZNUT09IiwibWFjIjoiYzg5YTIxOThiZjU2NDBmZTYxOWU2NWRhZWZhZDQxMWM3NWJiZDdmMDhhNjBkYjU0OTdhNTk4ZDQyZDQwZDg4NCIsInRhZyI6IiJ9;Aktif;;[Kegiatan Usaha: -, Kategori: J, KBLI: 61992];;;05/11/2025;UMKM;Dir Pajak;-6,1667373;106,8029408;valid;;;FALSE;FALSE;TRUE;;;invalid;;;;;4
43817231;ADIKA EKA PUTRA;Komplek Ruko ITC Roxy Mas Blok D3 nomor 1, Jalan Kyai Haji Hasyim Ashari 125;3173080001;31;73;80;1;DKI JAKARTA;JAKARTA PUSAT;GAMBIR;CIDENG;eyJpdiI6Inl5OHlVRFQvRy95em16U1ZMcW92VWc9PSIsInZhbHVlIjoiUS9CZUlSU1FwVzFmbTFKYi9qVTdjQT09IiwibWFjIjoiNDY2ZTM0NWQ4Y2ZmNWU5NmY5ZGZlMzRhOGYyNzM5NDJhZjM2NWIxMWEyNjIyMDM5OTYwNTczMmJjMjg2MTE2ZiIsInRhZyI6IiJ9;Aktif;;"[Kegiatan Usaha: -, Kategori: -, KBLI: 70209]; [Kegiatan Usaha: -, Kategori: -, KBLI: 74902]";;;;;OSS - Perorangan;;;invalid;;;FALSE;FALSE;TRUE;;;invalid;;;;;4
4381835;RAJAWALI PRATAMA INTERNATIONAL;Jl. Cideng barat No. 70C, Cideng, Gambir, Jakarta Pusat;3173080001;31;73;80;1;DKI JAKARTA;JAKARTA PUSAT;GAMBIR;CIDENG;eyJpdiI6Ik1jaGIvQWljUnZTWGpnSkMxMUU2bWc9PSIsInZhbHVlIjoiUVpQTEw2enh3ZE5jUlNwZ2dXa1ZKZz09IiwibWFjIjoiOTg0ZjZlMDgyZmRjNGRlYzEzZmY0ZDQzN2VlNWRkMmNlYzdlZDE3N2Y3OTc2ZGQwZmY1ZWY1NjAyMzg1NzM3MSIsInRhZyI6IiJ9;Aktif;;"[Kegiatan Usaha: -, Kategori: N, KBLI: 77313]; [Kegiatan Usaha: -, Kategori: -, KBLI: 62029]; [Kegia...";;;17/06/2025;UB;Dir Pajak;-6,177173;106,809353;valid;;;FALSE;FALSE;TRUE;;;invalid;;;;;4
4388612;INDOMAC BHAKTI KARYA;KOMPLEK RUKO ROXY MAS, JL KH.HASYIM ASHARI 125;3173080001;31;73;80;1;DKI JAKARTA;JAKARTA PUSAT;GAMBIR;CIDENG;eyJpdiI6InU1bW1NRkNrYkk4MnZOeFpheElNTkE9PSIsInZhbHVlIjoiL2ZvSUVNZGVDL3ZqUDl5OSs5VW1Sdz09IiwibWFjIjoiMWM1MmIxYjFjMGEzMzFjMTM4MjYxMWQ3Y2FkN2E4ZTI4MDFmY2NjMWFhMGExNjM5NTJkNDRiMTEzN2JhOGRhOSIsInRhZyI6IiJ9;Aktif;;[Kegiatan Usaha: -, Kategori: G, KBLI: 46511];;;26/10/2025;UMKM;Dir Pajak;-6,166608;106,80424;valid;;;FALSE;FALSE;TRUE;;;invalid;;;;;4
43950475;CIBUBUR PERMAI LESTARI;JL. KH. HASYIM ASHARI  NO.128, JAKARTA 10140;3173080001;31;73;80;1;DKI JAKARTA;JAKARTA PUSAT;GAMBIR;CIDENG;eyJpdiI6IlI1OVhCOEhSdzUxS1VtanphblBWN0E9PSIsInZhbHVlIjoidGUwV1lhV0o0MllHV2tOemF2dEdnQT09IiwibWFjIjoiZjM4MWU2MmE3MjJkNjhhY2ViY2NhMTliYjI1YjBkOTUzNWJiNzlhZjAzNTkwMjNjNTFlODc0MDM2NzQzMWRlYiIsInRhZyI6IiJ9;Aktif;;[Kegiatan Usaha: -, Kategori: -, KBLI: 68111];;;;;OSS - Perorangan;;;invalid;;;FALSE;FALSE;TRUE;;;invalid;;;;;4
43952006;CIPTA SOLUSI UTAMA;Jl. Musi no 6C;3173080001;31;73;80;1;DKI JAKARTA;JAKARTA PUSAT;GAMBIR;CIDENG;eyJpdiI6InpRWjU3RUMwd01MVkUrMk80dEJsZ0E9PSIsInZhbHVlIjoiMW1OTWJ6TWF0ektBTkovKzFuaVFNdz09IiwibWFjIjoiMmM2MDI3NWQzM2Q0MjIyOGI5YTE5NDIwM2RmZTUyMDRjNzc3NjQ4MTEzYjg4MWNjNTBmZjIwY2U3ZTMyNmNjZCIsInRhZyI6IiJ9;Aktif;;"[Kegiatan Usaha: -, Kategori: -, KBLI: 69103]; [Kegiatan Usaha: -, Kategori: -, KBLI: 69202]";;;;;OSS - Perorangan;;;invalid;;;FALSE;FALSE;TRUE;;;invalid;;;;;4
43952560;LAGUNA DIPTA ANANTA;JL. BELAWAN NO.11;3173080001;31;73;80;1;DKI JAKARTA;JAKARTA PUSAT;GAMBIR;CIDENG;eyJpdiI6Ii92ckdLcWhOb3pqZnhPMGg3TytFK2c9PSIsInZhbHVlIjoiQ0tyOXIrZ0hwM3B1NmluU2pmMWdSQT09IiwibWFjIjoiMmZjMGRjNWIwNTEyMmVmY2NlZDQxYjVjZjc1ZDExNDE3ZGU0M2NlMDRmZjNmYjU2MmM5MTJmMWZjMTIwOTA4MyIsInRhZyI6IiJ9;Aktif;;[Kegiatan Usaha: -, Kategori: -, KBLI: 46333];;;;;OSS - Perorangan;;;invalid;;;FALSE;FALSE;TRUE;;;invalid;;;;;4
43954599;SOUTH ASIA CHUBB;JL BIAK NO. 14B;3173080001;31;73;80;1;DKI JAKARTA;JAKARTA PUSAT;GAMBIR;CIDENG;eyJpdiI6IndvRTR1azBTV09lV1dUaFVBWXk1N1E9PSIsInZhbHVlIjoiQm9wQXR1eWRiZ1lBQnRXNDlNTVpmUT09IiwibWFjIjoiM2VmMjk2ZmE4MGI5YmM0YjkyNWQyOGQ2NjU1NzY5NGZlNTQ1MmI3OTM2ZTM0OGIwZWM3NDgzOGExNzliOGJkOSIsInRhZyI6IiJ9;Aktif;;"[Kegiatan Usaha: -, Kategori: -, KBLI: 46620]; [Kegiatan Usaha: -, Kategori: -, KBLI: 46312]; [Kegia...";;;;;OSS - Perorangan;;;invalid;;;FALSE;FALSE;TRUE;;;invalid;;;;;4
43955662;DIGITAL MEMBANGUN INDONESIA;Jl. Biak Dalam No.8;3173080001;31;73;80;1;DKI JAKARTA;JAKARTA PUSAT;GAMBIR;CIDENG;eyJpdiI6ImQrMjZMTFNZRk1Ja21LQ3BsVjNqckE9PSIsInZhbHVlIjoiYlRwOHBpenQrNXF2YzNWMFJqd0J0Zz09IiwibWFjIjoiNGJiMzIzZmY2YjhmNmI0ZmNmOTIyNTNkMzc3Zjc0MjE5MzNiMGJiNDAzODliM2YxMTkyOTZhMGIyNDg0OGFlNyIsInRhZyI6IiJ9;Aktif;;"[Kegiatan Usaha: -, Kategori: -, KBLI: 78422]; [Kegiatan Usaha: -, Kategori: -, KBLI: 47413]; [Kegia...";;;;;OSS - Perorangan;;;invalid;;;FALSE;FALSE;TRUE;;;invalid;;;;;4
43956032;PAMERAN KREASI RASA;Jalan Tanjung Selor Nomor 17 AB;3173080001;31;73;80;1;DKI JAKARTA;JAKARTA PUSAT;GAMBIR;CIDENG;eyJpdiI6InFNelV3YURjOXZFWStKOExFOVBHUEE9PSIsInZhbHVlIjoiWm9TWDlsYi82VmMxcVV0amVlcTFMZz09IiwibWFjIjoiMTNkZDgxMzhjYzcyNmM1NjM2MTgwZjQ1ZjkyYjkxMGYwNzI4ZWJiMmI4ZDUwOTdjNmI2YTYxNmI2N2I2YzJkNCIsInRhZyI6IiJ9;Aktif;;"[Kegiatan Usaha: -, Kategori: -, KBLI: 82302]; [Kegiatan Usaha: -, Kategori: -, KBLI: 82301]";;;;;OSS - Perorangan;;;invalid;;;FALSE;FALSE;TRUE;;;invalid;;;;;4
43956800;PAMERAN PELUANG BISNIS;Jalan Tanjung Selor Nomor 17 AB;3173080001;31;73;80;1;DKI JAKARTA;JAKARTA PUSAT;GAMBIR;CIDENG;eyJpdiI6Ik9xNHJaWGNQc2RQSmQyd0w5cDRnakE9PSIsInZhbHVlIjoiTUhOYmhXL2dmQldpMk9sYVFRYWpydz09IiwibWFjIjoiYTlhNTI4MjRmNzViNjhlNGVhY2E0YTYyYmE5YzUzZjBmYTlkMmU5Yjk3YTg3YmY3ZTI1ZDMwMDY3NTJjMDQ4MiIsInRhZyI6IiJ9;Aktif;;"[Kegiatan Usaha: -, Kategori: -, KBLI: 82301]; [Kegiatan Usaha: -, Kategori: -, KBLI: 82302]";;;;;OSS - Perorangan;;;invalid;;;FALSE;FALSE;TRUE;;;invalid;;;;;4
43956813;VERANDA PANGAN NUSANTARA;Jln. Biak No 423 Unit 7-S;3173080001;31;73;80;1;DKI JAKARTA;JAKARTA PUSAT;GAMBIR;CIDENG;eyJpdiI6ImdJbk1BdUZyN0NCUldwZkdxcDZJQWc9PSIsInZhbHVlIjoiNmhsNkFVdm4rQm1tTnBtN1F0KzlBUT09IiwibWFjIjoiNjM3NDMwOWQ0MzFiMjllM2IyOTc5ZGMxMzFiZGVkYjA0NTUyYWQ1NjUwNGNlNDkyMmMwODEyMDJhOTgwYjM0NiIsInRhZyI6IiJ9;Aktif;;"[Kegiatan Usaha: -, Kategori: -, KBLI: 56101]; [Kegiatan Usaha: -, Kategori: -, KBLI: 56102]; [Kegia...";;;;;OSS - Perorangan;;;invalid;;;FALSE;FALSE;TRUE;;;invalid;;;;;4
43956970;ANWA LAND PROPERTI;Jalan Biak Nomor 1/B1 ;3173080001;31;73;80;1;DKI JAKARTA;JAKARTA PUSAT;GAMBIR;CIDENG;eyJpdiI6ImpSdmJhZ3NpSEJHejQyODdsdWJIT0E9PSIsInZhbHVlIjoiTEduQmRuVVFEUmx3WGxuck5Rb2Q1Zz09IiwibWFjIjoiZGEzZjZkMjRiYWM2Y2E0MDE0YWQxOWNlODE1ZGNhODI2MWY3ODZlNzlmNWMwMTA5NDNlY2I0ZjdhYmUxYTMzNSIsInRhZyI6IiJ9;Aktif;;[Kegiatan Usaha: -, Kategori: -, KBLI: 68111];;;;;OSS - Perorangan;;;invalid;;;FALSE;FALSE;TRUE;;;invalid;;;;;4
43964714;EKSPRESI GENERASI KREATIF; Jalan Tanjung Selor Nomor 17 AB;3173080001;31;73;80;1;DKI JAKARTA;JAKARTA PUSAT;GAMBIR;CIDENG;eyJpdiI6Ik50Sk9DYkdTYUFXVmlUem4wWlFjQWc9PSIsInZhbHVlIjoiTTJhMUZCRmVKVzRXZmNnT0JkdVVHZz09IiwibWFjIjoiODdiMTJlYjdhNTA3NzEzNzM4NDU3YzBjOWEwZDMxZmU4ODYwNDM2YzJjZjFkYzdlMDg3ZjVhMzhkMjg3MWM1MyIsInRhZyI6IiJ9;Aktif;;"[Kegiatan Usaha: -, Kategori: -, KBLI: 82301]; [Kegiatan Usaha: -, Kategori: -, KBLI: 82302]";;;;;OSS - Perorangan;;;invalid;;;FALSE;FALSE;TRUE;;;invalid;;;;;4
43965032;INTIMAS SURYA SEJAHTERA;Kyai Caringin nomor 22-A;3173080001;31;73;80;1;DKI JAKARTA;JAKARTA PUSAT;GAMBIR;CIDENG;eyJpdiI6IjUraTl6ZnVwN3dteU81azVvbVYyaHc9PSIsInZhbHVlIjoidG80eUdjRXgrNGpsdVEwOVlxb2JmZz09IiwibWFjIjoiZWU1ODY1ZDQ3NzAyZjE4ODYxYjU4NWUxMzgzYmNkMWUxMmJiYjM3ZTA0MThiMmNjMzg4ZTNmZmI2MWQyZTkxYSIsInRhZyI6IiJ9;Aktif;;[Kegiatan Usaha: -, Kategori: -, KBLI: 46315];;;;;OSS - Perorangan;;;invalid;;;FALSE;FALSE;TRUE;;;invalid;;;;;4
43971988;INNOVATECH JAYA BERSAMA;KOMP. RUKO ROXY MAS BLOK D3 NOMOR 12A, JALAN KH HASYIM ASHARI C4-33;3173080001;31;73;80;1;DKI JAKARTA;JAKARTA PUSAT;GAMBIR;CIDENG;eyJpdiI6InFGRmRhODRBdjVwaVAyMitMbVhzT0E9PSIsInZhbHVlIjoiS3hiU1RRNU5KeEpQSjdyc3d5MGNkQT09IiwibWFjIjoiY2JlYTQ5NDQxMjI0ZmIwOTZjNWVkYjI5YTE2MmE0NDYyNDg1Yjk2NmRhNmNhMGY2ODY1MzE3NWUxOTRjMmI1ZSIsInRhZyI6IiJ9;Aktif;;"[Kegiatan Usaha: -, Kategori: -, KBLI: 46491]; [Kegiatan Usaha: -, Kategori: -, KBLI: 46511]; [Kegia...";;;;;OSS - Perorangan;;;invalid;;;FALSE;FALSE;TRUE;;;invalid;;;;;4
43972513;ELEGAN STORE FASHION; Jl. KH. Hasyim Ashar;3173080001;31;73;80;1;DKI JAKARTA;JAKARTA PUSAT;GAMBIR;CIDENG;eyJpdiI6IktzajhkWDdoaG81QmFMejBpUHlSdVE9PSIsInZhbHVlIjoiRlNreDdBaXdRaEFTcFFqMU1hVmVJZz09IiwibWFjIjoiZThmNDAwMmUyYmU2ZmI1YWI2N2IyNGU2YjMzNjQxOWJkNDFiNTFkMGJkNjNlMTQ5OWI5YjM2MWRkY2I0ZGIwYyIsInRhZyI6IiJ9;Aktif;;[Kegiatan Usaha: -, Kategori: -, KBLI: 47711];;;;;OSS - Perorangan;;;invalid;;;FALSE;FALSE;TRUE;;;invalid;;;;;4
43975037;POWERFIT ENERGY SYSTEMS;Jl. Siantar No. 9;3173080001;31;73;80;1;DKI JAKARTA;JAKARTA PUSAT;GAMBIR;CIDENG;eyJpdiI6IlFwWkVLY3ZWSVZ2dG9VaC9SNy9Gb2c9PSIsInZhbHVlIjoiYTJoWXlaNmxlaWVtMWt4R2t4a2o0UT09IiwibWFjIjoiMzMxNzJiYzEyOTBlZTgxMDBhZjY0NzI1ODJlN2JlNDUyMjhlY2IwZTk2NWY4YjJhZjFjMzNhYjg5ZGEwNjhlOCIsInRhZyI6IiJ9;Aktif;;"[Kegiatan Usaha: -, Kategori: -, KBLI: 70209]; [Kegiatan Usaha: -, Kategori: -, KBLI: 46523]; [Kegia...";;;;;OSS - Perorangan;;;invalid;;;FALSE;FALSE;TRUE;;;invalid;;;;;4
4397823;INTI SERVICE INDONESIA;KOMP RUKO ROXY MAS BLOK C2/21 JL KH HASYIM AHSARI;3173080001;31;73;80;1;DKI JAKARTA;JAKARTA PUSAT;GAMBIR;CIDENG;eyJpdiI6IndGNXVsVVRwV3UzL3RadFB4MzdyRlE9PSIsInZhbHVlIjoiZjlSMFdVbktBYnJuU09mR1g5QVdCQT09IiwibWFjIjoiNjU0NmYwYzhiOTg3ZmFmNThlZDA5MmJmNjhhODAzNmMxZDEyNGMyMmRmZDk1M2I1Y2JiZWE2NTNhODQwNDRmZSIsInRhZyI6IiJ9;Aktif;;[Kegiatan Usaha: -, Kategori: S, KBLI: 95120];;;05/11/2025;UMKM;Dir Pajak;-6,168362;106,8046587;valid;;;FALSE;FALSE;TRUE;;;invalid;;;;;4
43978376;DANAPATI SEJAHTERA;KH HASYIM ASHARI 125, RUKO ROXY MAS BLOK E2 NO.9-11 ;3173080001;31;73;80;1;DKI JAKARTA;JAKARTA PUSAT;GAMBIR;CIDENG;eyJpdiI6InZNcVd3VzlsL3RhKzRFeVZabHVhMUE9PSIsInZhbHVlIjoiZFU1dDI5aW13RW1TMnRFdjFYeFB5Zz09IiwibWFjIjoiM2ExZmFkOWQ0YjBiZGMyNjZiN2YyYWViYTQzM2YzNWI1MmNiMDBmNDI1NTZkODdmYzMxMGZkNWI1ODk2MTIwYSIsInRhZyI6IiJ9;Aktif;;"[Kegiatan Usaha: -, Kategori: -, KBLI: 46511]; [Kegiatan Usaha: -, Kategori: -, KBLI: 46512]; [Kegia...";;;;;OSS - Perorangan;;;invalid;;;FALSE;FALSE;TRUE;;;invalid;;;;;4
43987470;MPRO MULTI TEKNOLOGI;KOMPLEK RUKO ROXY MAS BLOK B2 NO.6, JL. KH. HASYIM ASHARI;3173080001;31;73;80;1;DKI JAKARTA;JAKARTA PUSAT;GAMBIR;CIDENG;eyJpdiI6IjRKNm5SRG5ENVk2NFdsYlRQQkRpK2c9PSIsInZhbHVlIjoiRHoyM3dpZ08zUUVqRWwwaXp1a3hOQT09IiwibWFjIjoiNGVkY2U0YTY4MjFlMGFjMGRiNGZiNWExYWQ5YjA2ZTZhODQ3ZTQ5M2Q0ZmZhM2Y1NjMxODY1MjdhYjEyOTc1OCIsInRhZyI6IiJ9;Aktif;;[Kegiatan Usaha: -, Kategori: -, KBLI: 47919];;;;;OSS - Perorangan;;;invalid;;;FALSE;FALSE;TRUE;;;invalid;;;;;4
4399587;RATU SETALU INDAH;KOMPLEK RUKO ROXY MAS, JL KH. HASYIM ASHARI NO.125;3173080001;31;73;80;1;DKI JAKARTA;JAKARTA PUSAT;GAMBIR;CIDENG;eyJpdiI6InJ2dUk0ajk3eERXbmd0WVc3ZjdWZ0E9PSIsInZhbHVlIjoidDVteXZyb2VEajhES3FEZ2hueXJCZz09IiwibWFjIjoiZmFlMjdiOGNmNDBhMDQyMjcxMDYxMzNhMDAyMmUxZjFiNDc1N2Q5ODdiZWZjOWMwZmU5OWI4NTY5MGE1NzJiYSIsInRhZyI6IiJ9;Aktif;;[Kegiatan Usaha: -, Kategori: N, KBLI: 79121];;;07/11/2025;UMKM;Dir Pajak;;;invalid;;;FALSE;FALSE;TRUE;;;invalid;;;;;4
44008702;MEGAH JAYA MULYA;JALAN TANAH ABANG II NOMOR 109 AB;3173080001;31;73;80;1;DKI JAKARTA;JAKARTA PUSAT;GAMBIR;CIDENG;eyJpdiI6InBoRFhZUmc3V29UYzFkZDFRTS9XalE9PSIsInZhbHVlIjoiUERDNDNSbVM3ci9JMFc0UXBrN1NrQT09IiwibWFjIjoiMDE5MjM4YzcxMjExZGE4OWJlYTE5YmFjOTAzYTNmZDk0NDk0MmYyZjllN2FhNmQwZjlmNDkyYmEyYWM0MDE4ZCIsInRhZyI6IiJ9;Aktif;;[Kegiatan Usaha: -, Kategori: -, KBLI: 46339];;;;;OSS - Perorangan;;;invalid;;;FALSE;FALSE;TRUE;;;invalid;;;;;4
44008708;INDAH RAYA PRATAMA;JALAN TANAH ABANG II NOMOR 109 AB;3173080001;31;73;80;1;DKI JAKARTA;JAKARTA PUSAT;GAMBIR;CIDENG;eyJpdiI6IjI2QTlYNU1BK2xRSFpWL1d1SWJPK3c9PSIsInZhbHVlIjoidkFHVkhsd1ZkL1lCMFl0c0E5MTE1Zz09IiwibWFjIjoiOGJkODRkN2RhNWQ2MDJkMjUyZDkxZDM0NmVjOWY5NWZlMjQwZTM2ZWZhYmYwMGNiNjliMTNhMjAxNzliYzUzYSIsInRhZyI6IiJ9;Aktif;;[Kegiatan Usaha: -, Kategori: -, KBLI: 46339];;;;;OSS - Perorangan;;;invalid;;;FALSE;FALSE;TRUE;;;invalid;;;;;4
44018719;TRI PUTRA PERKASA PRIMA;Pertokoan Roxymas Blok E1-30;3173080001;31;73;80;1;DKI JAKARTA;JAKARTA PUSAT;GAMBIR;CIDENG;eyJpdiI6InRtNEtiSFI1S0NONk84Wm45YSt6OGc9PSIsInZhbHVlIjoiUmJJT2dQakV2THZwc1ZhbSsxRWZkdz09IiwibWFjIjoiY2EwOGFhMmM0Y2NkMGRkMGUwZjU2MGZhOGM2N2E0MjYzNTIwYjRlMDQ0NzhjOGJmYWVhY2VjNDE1NzZjMjYxNCIsInRhZyI6IiJ9;Aktif;;[Kegiatan Usaha: -, Kategori: -, KBLI: 46100];;;;;OSS - Perorangan;;;invalid;;;FALSE;FALSE;TRUE;;;invalid;;;;;4
4404498;SENTRA INOVASI SOLUSI;JL TERNATE;3173080001;31;73;80;1;DKI JAKARTA;JAKARTA PUSAT;GAMBIR;CIDENG;eyJpdiI6Im44WkZOTUNla0lpTEtrRS8wQmx3Nnc9PSIsInZhbHVlIjoiNitabnhSYWZuZ3BFbVRPalY2cFI3QT09IiwibWFjIjoiZDI5NmJhY2RmMmNmZGJlMmM4ODVmMDE2OThmNGYxYTUzYTZlNjUwNWU0OTBlNzA3MTdiYzZiMTc3NWVjYTE1ZiIsInRhZyI6IiJ9;Aktif;;[Kegiatan Usaha: -, Kategori: G, KBLI: 46511];;;26/10/2025;UMKM;Dir Pajak;-6,1688697;106,8065416;valid;;;FALSE;FALSE;TRUE;;;invalid;;;;;4
4411349;PREVENTIVE HEALTH CARE INDONESIA;JL TANAH ABANG II;3173080001;31;73;80;1;DKI JAKARTA;JAKARTA PUSAT;GAMBIR;CIDENG;eyJpdiI6IjV1RnBZejNpWFB6R2FqRXo0ejhpbXc9PSIsInZhbHVlIjoicHJNUUtLUjR2VmFKb0FkL0dJZldqQT09IiwibWFjIjoiMjZmZGRkOTNmYTAzMzk0MmY2NzkwZWRmNDI0MjE5ODhmYzYxYzZlMzkwMTFmMjI4YjYyZjZiZjcwYmNlMTUxYyIsInRhZyI6IiJ9;Aktif;;;;;31/12/2025;UMKM;Dir Pajak;-6,1785779;106,812355;valid;;;FALSE;FALSE;TRUE;;;invalid;;;;;4
44117097;BUMI PUSPA CEMERLANG;JALAN CITARUM NO. 15 (LANTAI 2);3173080001;31;73;80;1;DKI JAKARTA;JAKARTA PUSAT;GAMBIR;CIDENG;eyJpdiI6IlQ0WFVTWjJZeXNqSFdoZUJjTE50Qmc9PSIsInZhbHVlIjoiU2dlL1F4VXVubE8yZGpucm1ibGtDQT09IiwibWFjIjoiMTk4MmEyNTZlNWY2OWFiMzI0MjEwNzBkMDQxZGNlMzhkZWIxM2E2YmQ1YzYzYzVmMzAwNjIyZjA3YTMwMGI4OSIsInRhZyI6IiJ9;Aktif;;[Kegiatan Usaha: -, Kategori: -, KBLI: 47724];;;;;OSS - Perorangan;;;invalid;;;FALSE;FALSE;TRUE;;;invalid;;;;;4
44165131;VIVAMAS INDAH ABADI;Jalan Tanah Abang II Nomor 119;3173080001;31;73;80;1;DKI JAKARTA;JAKARTA PUSAT;GAMBIR;CIDENG;eyJpdiI6Im5UL0pSWmpYdHVOdkpHWXlNaUc4WUE9PSIsInZhbHVlIjoiYW1zdmZ1bWRSblAwUEpFS1NCVWMzUT09IiwibWFjIjoiNmE2MTljNTY3YzU2NmM5Nzk5YTExMzRlNGVmYWE5ZDU2ZWEyZmQwODYzYTg5ZjUzNWE0N2JkY2JhZWI4YjkyNCIsInRhZyI6IiJ9;Aktif;;"[Kegiatan Usaha: -, Kategori: -, KBLI: 45403]; [Kegiatan Usaha: -, Kategori: -, KBLI: 45404]; [Kegia...";;;;;OSS - Perorangan;;;invalid;;;FALSE;FALSE;TRUE;;;invalid;;;;;4
44165780;JOK SANTOSHA INDONESIA;Jalan Petojo VIY I Nomor 34;3173080001;31;73;80;1;DKI JAKARTA;JAKARTA PUSAT;GAMBIR;CIDENG;eyJpdiI6IkZKR0QwdlVncSs1WGxwVmM5M29hdnc9PSIsInZhbHVlIjoiTjlYNDF0a3YwQzdOVDhheHl4MFlJZz09IiwibWFjIjoiZTA4ZmMxNTUzYzNmY2EzY2U5ODJlYmVhMmY5MDY4NmI2ZDM3MTk4OTY2ZGJiNGUwZWQ0NjBjNDYzZmY0OWY1MiIsInRhZyI6IiJ9;Aktif;;"[Kegiatan Usaha: -, Kategori: -, KBLI: 70209]; [Kegiatan Usaha: -, Kategori: -, KBLI: 68111]; [Kegia...";;;;;OSS - Perorangan;;;invalid;;;FALSE;FALSE;TRUE;;;invalid;;;;;4
44165911;VIVA PRIMA BERJAYA;Jalan Tanah Abang II Nomor 119;3173080001;31;73;80;1;DKI JAKARTA;JAKARTA PUSAT;GAMBIR;CIDENG;eyJpdiI6ImlWNEJqTGdva0hkL2hGQ1dqbGVNelE9PSIsInZhbHVlIjoiQkJjcjBJYkpTb3M5Qmo3Y29zL2FyQT09IiwibWFjIjoiOTNhY2I4OWYzZDE4OTkyYTg1NWY3OWUxNjkzYjVhYzFjMTQzMGIyN2Y1YzhkMGEyOGEwMzM0MGQ5OGU4ZjU2OSIsInRhZyI6IiJ9;Aktif;;"[Kegiatan Usaha: -, Kategori: -, KBLI: 45403]; [Kegiatan Usaha: -, Kategori: -, KBLI: 45404]; [Kegia...";;;;;OSS - Perorangan;;;invalid;;;FALSE;FALSE;TRUE;;;invalid;;;;;4
44165913;VIVAMAS MAKMUR JAYA;Jalan Tanah Abang II Nomor 119;3173080001;31;73;80;1;DKI JAKARTA;JAKARTA PUSAT;GAMBIR;CIDENG;eyJpdiI6IkZkbnFVK3laUCtUZks5L1V0R3JLNVE9PSIsInZhbHVlIjoieldtYXNXaWFYV0VXU0JvOWxITmFRUT09IiwibWFjIjoiNTljYWM3MjA4YTFlYmUzYmVkZGI1YjIwNzU4NzZjNWJlZmJiMDE0ZGQ4ZmYwYzA3NDIxYWEwNmFjM2RjY2YzZiIsInRhZyI6IiJ9;Aktif;;"[Kegiatan Usaha: -, Kategori: -, KBLI: 45403]; [Kegiatan Usaha: -, Kategori: -, KBLI: 45404]; [Kegia...";;;;;OSS - Perorangan;;;invalid;;;FALSE;FALSE;TRUE;;;invalid;;;;;4
44166798;ANEKA DAYA MINERAL;"Kompleks Perkantoran ITC Roxy Mas Blok E2 no 26 
Jalan KH Hasyim Ashari No 125
";3173080001;31;73;80;1;DKI JAKARTA;JAKARTA PUSAT;GAMBIR;CIDENG;eyJpdiI6Impvc3djWjFBdk1qYlB0ZnVPMys5Tmc9PSIsInZhbHVlIjoiVklSZW1JYkJSbGRlZXkrRFJLcnpFUT09IiwibWFjIjoiNGVmMzBlZDg0OWUxNDg3YjlmMmRmYTk0OTdlMjE5M2Q4YzkyNzRiYzRjMTliMWJmYWZhMzRhN2QwMDQyZTYzYSIsInRhZyI6IiJ9;Aktif;;[Kegiatan Usaha: -, Kategori: -, KBLI: 46610];;;;;OSS - Perorangan;;;invalid;;;FALSE;FALSE;TRUE;;;invalid;;;;;4
44173388;VIVAMAS RETAILINDO PRIMA;JL. TANAH ABANG II NO.119;3173080001;31;73;80;1;DKI JAKARTA;JAKARTA PUSAT;GAMBIR;CIDENG;eyJpdiI6IlRVczhFREF4S2g3R3IxMy9lN2g2OWc9PSIsInZhbHVlIjoidmYvekFiOXJhamF4cGNWUUF0NEVEUT09IiwibWFjIjoiOWU3ZWZlYjU4YTI5OWQ4YTkyMmNmYzBhMWY4YTI3YmQ1MzlmNzE4MTkzYmJjMjBhOWFjZTlmZDQxMTkyZDE4ZCIsInRhZyI6IiJ9;Aktif;;"[Kegiatan Usaha: -, Kategori: -, KBLI: 45403]; [Kegiatan Usaha: -, Kategori: -, KBLI: 45404]; [Kegia...";;;;;OSS - Perorangan;;;invalid;;;FALSE;FALSE;TRUE;;;invalid;;;;;4
44173974;STENNA PROFIDA;KOMPLEK RUKO ROXY MAS BLOK B1 NO.20;3173080001;31;73;80;1;DKI JAKARTA;JAKARTA PUSAT;GAMBIR;CIDENG;eyJpdiI6IjByemJEeGZ5TkRWQlB3N2pDRE9NVWc9PSIsInZhbHVlIjoiWmVFOUJxck9MeEVrcXBaOGFqWkI3QT09IiwibWFjIjoiMmFlYzUzZGQxOGU5Y2IyNjVlYTY0ODk1NzYwMmE1ZTg3MjI1NjI1YjNmMDU1OTk3ZjVjMGNmYTUzNDdmYWNmMyIsInRhZyI6IiJ9;Aktif;;[Kegiatan Usaha: -, Kategori: -, KBLI: 71203];;;;;OSS - Perorangan;;;invalid;;;FALSE;FALSE;TRUE;;;invalid;;;;;4
44175502;SURYA ALPHA GRAHA;JL.Cideng Barat No.51 A Rt 14/Rw 02;3173080001;31;73;80;1;DKI JAKARTA;JAKARTA PUSAT;GAMBIR;CIDENG;eyJpdiI6ImVPTFNaRjNZUlhLY0FDeXAvYXF5dGc9PSIsInZhbHVlIjoiL1FNQk1Vb1J4L1RkMlZuUmpLeFIvZz09IiwibWFjIjoiYTQ3YTE0MjEwNjlkMmQzY2M4YzQ2NjY1YjZiMzZlMjU4ZmZlOWM5NjI0MTQ1NjBlNWUzZjczMGY2NzJkODdjZCIsInRhZyI6IiJ9;Aktif;;"[Kegiatan Usaha: -, Kategori: -, KBLI: 46591]; [Kegiatan Usaha: -, Kategori: -, KBLI: 20118]; [Kegia...";;;;;OSS - Perorangan;;;invalid;;;FALSE;FALSE;TRUE;;;invalid;;;;;4
4417644;ENAK APLIKASI TIRTA SEJAHTERA;JL TANJUNG SELOR;3173080001;31;73;80;1;DKI JAKARTA;JAKARTA PUSAT;GAMBIR;CIDENG;eyJpdiI6IkpDekhjc0Q1OW42Z1R4QzZJMzhWQXc9PSIsInZhbHVlIjoiNkR4b3pqZXc3UWRuaVBvNkdMTkd6Zz09IiwibWFjIjoiZmYxOTg3ZTMwYzk4OGIxYTQ4MDk2MGNkZTBkNWM1MTg1MGQwYjkyNTBkZmQ2MmZkMjZlMjU4ODM3Mjk5YTcyZiIsInRhZyI6IiJ9;Aktif;;[Kegiatan Usaha: -, Kategori: G, KBLI: 47920];;;26/10/2025;UMKM;Dir Pajak;-6,1816555;106,8122226;valid;;;FALSE;FALSE;TRUE;;;invalid;;;;;4
44181236;KONTRAS FOKUS;JLN. CIDENG BARAT NO.46A, GAMBIR,;3173080001;31;73;80;1;DKI JAKARTA;JAKARTA PUSAT;GAMBIR;CIDENG;eyJpdiI6InFkYnpNQ0UrN05Nd3pYVmduL3NjeFE9PSIsInZhbHVlIjoiWjB4Nk9XTzh2a04yRHRTM1pCeGlkZz09IiwibWFjIjoiMmQwZTNhNWQwZWQwNGQ1ZTQyMDFhMmZjMWUyMWQ1ODU5MGE3NDM0YzNmNjg1ODZhNzAwZTEzZWQ5Zjk0NGNmMSIsInRhZyI6IiJ9;Aktif;;[Kegiatan Usaha: -, Kategori: -, KBLI: 74130];;;;;OSS - Perorangan;;;invalid;;;FALSE;FALSE;TRUE;;;invalid;;;;;4
44183718;ALPHA FORTUNE ACCESSORIES;Ruko ITC Roxy Mas Blok E2 Nomor 42 (Lantai 1);3173080001;31;73;80;1;DKI JAKARTA;JAKARTA PUSAT;GAMBIR;CIDENG;eyJpdiI6InhHVmZoM28walZWaTArRnFneDZvTEE9PSIsInZhbHVlIjoiYWZTRnRGcE9UOEd0MHEydE5aUVpHdz09IiwibWFjIjoiY2VlMmIwYWQzYzBjN2ZhN2JmZjNmOTZhYWU2OGMwY2I3ODE3ZWMyMzk4M2Q4NTM5NmUwYjZiOWZjNmM2Y2I2MSIsInRhZyI6IiJ9;Aktif;;[Kegiatan Usaha: -, Kategori: -, KBLI: 47414];;;;;OSS - Perorangan;;;invalid;;;FALSE;FALSE;TRUE;;;invalid;;;;;4
44183953;SEJATI INTERNASIONAL AVIASI TEKNOLOGI;JALAN TANAH ABANG II Nomor 113;3173080001;31;73;80;1;DKI JAKARTA;JAKARTA PUSAT;GAMBIR;CIDENG;eyJpdiI6IjVleVpRVU12VUloNDgzcm5oS25VWmc9PSIsInZhbHVlIjoiZVVqWWVYZW1QVlZBQkZQUnE3VnpPQT09IiwibWFjIjoiZjgyMzA1YzAxNzI4NWE3OWUwYjk1Mjk4ZDBlNjBhY2JiZmI2NGFmM2UzNjQ1OTliM2EyNjE1NWQzY2M4ODA5NSIsInRhZyI6IiJ9;Aktif;;"[Kegiatan Usaha: -, Kategori: -, KBLI: 33131]; [Kegiatan Usaha: -, Kategori: -, KBLI: 52232]; [Kegia...";;;;;OSS - Perorangan;;;invalid;;;FALSE;FALSE;TRUE;;;invalid;;;;;4
44191761;RAMIE MAJU SELARAS;Jl. Cilamaya No. 44;3173080001;31;73;80;1;DKI JAKARTA;JAKARTA PUSAT;GAMBIR;CIDENG;eyJpdiI6IlNnWUpmQW9lWkZORWZmbGV1aVl5aWc9PSIsInZhbHVlIjoiaG8yY25aUFAvVDBxTWx6a0dNQlNpUT09IiwibWFjIjoiNDdmNGI3ZTRlMWUxYWY4MDYwYTNjMjIwZTM4ZmQ3ZjAxYzg5ZGJiNjdmMzNmN2IwMDAyNzVlN2E2NjUxYjg1ZCIsInRhZyI6IiJ9;Aktif;;"[Kegiatan Usaha: -, Kategori: -, KBLI: 96200]; [Kegiatan Usaha: -, Kategori: -, KBLI: 01133]; [Kegia...";;;;;OSS - Perorangan;;;invalid;;;FALSE;FALSE;TRUE;;;invalid;;;;;4
44191958;ENERGI KIBLAT MINING;Jalan Cideng Barat No.84 ;3173080001;31;73;80;1;DKI JAKARTA;JAKARTA PUSAT;GAMBIR;CIDENG;eyJpdiI6IlVYaGYyeWx0UXZnNmpKRCthdkpuK3c9PSIsInZhbHVlIjoiY3l0VkNHYkk4N2hKQ2lydGNqV1BZQT09IiwibWFjIjoiMzJjNGE3MDkxYThjODFkY2Y3YWVhNjNjODk3MTE0ZjhlMzRmYWUyOWZmNjUzN2VmZTkwYjY0MmM5ZjhhM2ZmMCIsInRhZyI6IiJ9;Aktif;;"[Kegiatan Usaha: -, Kategori: -, KBLI: 41016]; [Kegiatan Usaha: -, Kategori: -, KBLI: 42916]; [Kegia...";;;;;OSS - Perorangan;;;invalid;;;FALSE;FALSE;TRUE;;;invalid;;;;;4
44209348;PESONA JELAJAH NUSANTARA;Jalan Kyai Haji Hasyim Ashari 75 D, Rukun Tetangga 001, Rukun Warga 006;3173080001;31;73;80;1;DKI JAKARTA;JAKARTA PUSAT;GAMBIR;CIDENG;eyJpdiI6IjE1STFpZGF4SmptczgyRkpOT29LZHc9PSIsInZhbHVlIjoiK0s0ejEvM2J2T1pKZG9uV3lwcHBSUT09IiwibWFjIjoiYzc4Y2Q3OTYyOTlmNDNlMjNkYTMyNTUxNDQxNTBhYTZkNTZkZTRmZTZkNzlmNjcxMzczNTAxMmMyZDhlODU5NCIsInRhZyI6IiJ9;Aktif;;"[Kegiatan Usaha: -, Kategori: -, KBLI: 62012]; [Kegiatan Usaha: -, Kategori: -, KBLI: 63122]; [Kegia...";;;;;OSS - Perorangan;;;invalid;;;FALSE;FALSE;TRUE;;;invalid;;;;;4
44209827;KEZILLAZ BERKAT BERKUDA;Jl. Petojo VIY I No.32;3173080001;31;73;80;1;DKI JAKARTA;JAKARTA PUSAT;GAMBIR;CIDENG;eyJpdiI6IkxqYmp6TVFFTkdKdFlmb20rUEhZVHc9PSIsInZhbHVlIjoiTlNGaXdaWGV1bmdUSHhrM0crKyt1UT09IiwibWFjIjoiN2Y0MTY1NjIxMWZhNGE2MzIwZmYyZWQ1NzIxMjMzZTE3OTA1MTZjMjAzNzE5ZWU1MzJhNjdjN2E4ZmE1YWRkZiIsInRhZyI6IiJ9;Aktif;;"[Kegiatan Usaha: -, Kategori: -, KBLI: 46209]; [Kegiatan Usaha: -, Kategori: -, KBLI: 46205]; [Kegia...";;;;;OSS - Perorangan;;;invalid;;;FALSE;FALSE;TRUE;;;invalid;;;;;4
44209883;GLOBAL UTAMA PRIME;Jalan Belawan Nomor 83 ;3173080001;31;73;80;1;DKI JAKARTA;JAKARTA PUSAT;GAMBIR;CIDENG;eyJpdiI6IkQzeWhEakdQTzc1ZDJyZ1E2WStHQVE9PSIsInZhbHVlIjoiZ1BER1dlYUEzRWFISzBmRUVNU3dTQT09IiwibWFjIjoiNjJkODYwMTY2NTg2OGVhNDJjNWQzYjZiMjEyZGM3OTQ1NzgzYWE3YWRkZTJmOGUxMzBmZjIyOWZlNTRiZjBiMSIsInRhZyI6IiJ9;Aktif;;[Kegiatan Usaha: -, Kategori: -, KBLI: 70209];;;;;OSS - Perorangan;;;invalid;;;FALSE;FALSE;TRUE;;;invalid;;;;;4
44229012;MOBILE NUSANTARA CELLULAR;ITC Roxi Mas no 136 lt. Dasar blok I Jl. KH Hasyim Ashari no 125;3173080001;31;73;80;1;DKI JAKARTA;JAKARTA PUSAT;GAMBIR;CIDENG;eyJpdiI6IjR5dzd2M2RxVGVOOWZEYXptSTZQenc9PSIsInZhbHVlIjoiTGtKRXZyaTJTSi9qekFrOGJiNEFKZz09IiwibWFjIjoiODNiNTBiMzYyZmM0YmYzOWMyNzliMGU3YmNlNTg0OTAyMDZiODAwODhhNmIzM2M2ZTZhMTIzMDhiNDYyYWM0MCIsInRhZyI6IiJ9;Aktif;;"[Kegiatan Usaha: -, Kategori: -, KBLI: 47411]; [Kegiatan Usaha: -, Kategori: -, KBLI: 47412]; [Kegia...";;;;;OSS - Perorangan;;;invalid;;;FALSE;FALSE;TRUE;;;invalid;;;;;4
44238170;TROY BIJAKSANA;JALAN BIAK NOMOR 62A-62B;3173080001;31;73;80;1;DKI JAKARTA;JAKARTA PUSAT;GAMBIR;CIDENG;eyJpdiI6ImNFVkxVczYwZ3hSdTlXTEhqT05NWmc9PSIsInZhbHVlIjoiRC9kU1krNnZjQ2J4WnJHbGJ6VTRhZz09IiwibWFjIjoiMjMyNDFjZmQwMjdmMTg4MDVlYzM3NzNmZTM4OWIzODU5MzQ0M2Y1MzllYjQ5YWY4ZWEyMzE3YWZlMTkwYjA0MSIsInRhZyI6IiJ9;Aktif;;"[Kegiatan Usaha: -, Kategori: -, KBLI: 45102]; [Kegiatan Usaha: -, Kategori: -, KBLI: 45101]; [Kegia...";;;;;OSS - Perorangan;;;invalid;;;FALSE;FALSE;TRUE;;;invalid;;;;;4
44247794;BOSSJOB SEA INDONESIA;RUKO ROXY TRADE CENTER NO. 233H, JL. KH. HASYIM ASHARI;3173080001;31;73;80;1;DKI JAKARTA;JAKARTA PUSAT;GAMBIR;CIDENG;eyJpdiI6Ik5NblgvRGYxTXNIeEtyV1R4OUlxMFE9PSIsInZhbHVlIjoiODVqeWNldXdBQ1FsSHdGcVFqMm5idz09IiwibWFjIjoiNDRlZmI4NzhlOTVkMmUyNWMwYzA4ODQwZjEyNTliNDNhZjM4MzM4YzU4OTRiZGZhNWFkMzZjZTEzYTQ0ZjgyMiIsInRhZyI6IiJ9;Aktif;;[Kegiatan Usaha: -, Kategori: -, KBLI: 78104];;;;;OSS - Perorangan;;;invalid;;;FALSE;FALSE;TRUE;;;invalid;;;;;4
44247996;PRIMA TECHNOSMART SOLUTIONS;Jl. Biak No.15BB;3173080001;31;73;80;1;DKI JAKARTA;JAKARTA PUSAT;GAMBIR;CIDENG;eyJpdiI6Ino4TmF0aDdEK3FPdTBsN2NKdkx1Tmc9PSIsInZhbHVlIjoiUUJkZFVpUUdWeFJJOWUvanQvMHRNQT09IiwibWFjIjoiZmM5NDM5MmU1OGJlM2JiYzgyNjcxYjQyMWMxZDY3NTZhOGUzOTlkNzEyMTAxOGYzOTkwZDdmOGYxZmQ0MjEwYyIsInRhZyI6IiJ9;Aktif;;"[Kegiatan Usaha: -, Kategori: -, KBLI: 62013]; [Kegiatan Usaha: -, Kategori: -, KBLI: 62012]; [Kegia...";;;;;OSS - Perorangan;;;invalid;;;FALSE;FALSE;TRUE;;;invalid;;;;;4
44248680;MONO KREASI NUSANTARA;Jalan Ternate Nomor 17A;3173080001;31;73;80;1;DKI JAKARTA;JAKARTA PUSAT;GAMBIR;CIDENG;eyJpdiI6InFsS25ycHhkZEVsNklocVVJT2I5WlE9PSIsInZhbHVlIjoiZFlEdEdDOEdzVmNDMStidVNPdmlsUT09IiwibWFjIjoiNDA3NDU3ZDYwMzFhNGYzM2JlY2Q4ZTBiZTQ2M2I2Y2JlZTYwMDhmNTUxMzNkMTI4MzNiODlkNWI4ZThmNGUzOSIsInRhZyI6IiJ9;Aktif;;"[Kegiatan Usaha: -, Kategori: -, KBLI: 47214]; [Kegiatan Usaha: -, Kategori: -, KBLI: 47920]";;;;;OSS - Perorangan;;;invalid;;;FALSE;FALSE;TRUE;;;invalid;;;;;4
44249161;TROY BIJAKSANA;JALAN BIAK NOMOR 62A-62B;3173080001;31;73;80;1;DKI JAKARTA;JAKARTA PUSAT;GAMBIR;CIDENG;eyJpdiI6IlhueW1rRWRoRXk2Rmc2Yi9NQ3l4NXc9PSIsInZhbHVlIjoid1RkS2UxRS92RXFZRXcvR3RLUGdXZz09IiwibWFjIjoiZDY4NzliOTI1NjI1YzU0MWFmYWE4M2ZhMDFmNjI2MmNmYTNmMjJmZWFhYWRmMzBjMzAyYjk2MDA0MjdhNTFjMCIsInRhZyI6IiJ9;Aktif;;"[Kegiatan Usaha: -, Kategori: -, KBLI: 47752]; [Kegiatan Usaha: -, Kategori: -, KBLI: 47214]";;;;;OSS - Perorangan;;;invalid;;;FALSE;FALSE;TRUE;;;invalid;;;;;4
44254563;SUMBERMAKMUR PIRANTI SUKSES;ROXY MAS BLOK D III NO. 18;3173080001;31;73;80;1;DKI JAKARTA;JAKARTA PUSAT;GAMBIR;CIDENG;eyJpdiI6ImgwVXJKS0NhL2ZPOERkNjdxaXJhQ1E9PSIsInZhbHVlIjoiQkc2RlZSNUs4d1B1RTVWQVZvSkN5QT09IiwibWFjIjoiOWVlMzViMzg4MGEwZGViY2Q1MzdjODNkZDgwZGFkYzE3YzE4ZWY2ZWQ1YmNiNWNjZmQyMmFlNWEyYTY4ZjQ4MiIsInRhZyI6IiJ9;Aktif;;"[Kegiatan Usaha: -, Kategori: -, KBLI: 62019]; [Kegiatan Usaha: -, Kategori: -, KBLI: 95110]; [Kegia...";;;;;OSS - Perorangan;;;invalid;;;FALSE;FALSE;TRUE;;;invalid;;;;;4
44255250;HUI FLY INDONESIA;Roxy Trade Center No 233 H, Jl. KH Hasyim Ashari;3173080001;31;73;80;1;DKI JAKARTA;JAKARTA PUSAT;GAMBIR;CIDENG;eyJpdiI6IjlTbWowNkNla0pJUGFFb0xEbmF4dkE9PSIsInZhbHVlIjoiWHp6dUdLSFFJVU1zM1MxdUFIc2N1dz09IiwibWFjIjoiY2E4ZTFlYjQxYmFkOWZlNzg5YzM1YjU2MzBhYzY1N2Y3YjkwZWY0OWFjNjJmY2ZiMDUyNTFlMmU3YmU1MDQ5OSIsInRhZyI6IiJ9;Aktif;;"[Kegiatan Usaha: -, Kategori: -, KBLI: 46206]; [Kegiatan Usaha: -, Kategori: -, KBLI: 46324]";;;;;OSS - Perorangan;;;invalid;;;FALSE;FALSE;TRUE;;;invalid;;;;;4
44257975;GRAHA ANWA DEVELOPMENT;JL. BIAK NOMOR 1/B1;3173080001;31;73;80;1;DKI JAKARTA;JAKARTA PUSAT;GAMBIR;CIDENG;eyJpdiI6Ik82TVFhQmJSR2JreHMvUkZNcEoxZnc9PSIsInZhbHVlIjoiNFFrTDBra0ZYSmlnaGd5eDZOVktCUT09IiwibWFjIjoiMTZiOGRjYmQzNTExOWViNmQxMWM4NjJmNzAwODhkZWFmNGUyZWM5YTQ1MjU3NzZhOThkNTZkODgxNjc3NTU5ZSIsInRhZyI6IiJ9;Aktif;;[Kegiatan Usaha: -, Kategori: -, KBLI: 68111];;;;;OSS - Perorangan;;;invalid;;;FALSE;FALSE;TRUE;;;invalid;;;;;4
4426247;KENCANA PRIMA PERKASA;KOMPLEK RUKO ROXY MAS BLOK D3 NO.8, JL.KH.HASYIM ASHARI NO.125;3173080001;31;73;80;1;DKI JAKARTA;JAKARTA PUSAT;GAMBIR;CIDENG;eyJpdiI6ImFUTldIL2RQYVhRQ0dKdEhLQysxenc9PSIsInZhbHVlIjoiQmZDUXJjN2xqeHVrd21yL3AvL2dwUT09IiwibWFjIjoiZjFlNzI2NzJiNzhlMTM3MDUyNjhkMTc0Mjg0ZjkxZDhlOGYyNjQwMTIwMjI3OTBhNDM5NzBlOWViYWRkYWE5MCIsInRhZyI6IiJ9;Aktif;;[Kegiatan Usaha: -, Kategori: L, KBLI: 68200];;;05/11/2025;UMKM;Dir Pajak;-6,166433;106,8029841;valid;;;FALSE;FALSE;TRUE;;;invalid;;;;;4
44266507;KAYA RAYA TENAN;JL HASYIM ASHARI NO.125, RUKO ROXY MAS BLOK E2 NO.12-12A;3173080001;31;73;80;1;DKI JAKARTA;JAKARTA PUSAT;GAMBIR;CIDENG;eyJpdiI6IjJrMGNmWXpSWjJFSWM2QlZjZDcxYmc9PSIsInZhbHVlIjoiMkVSMEFFNzgreFhWOXdQM2RydzZKQT09IiwibWFjIjoiZWY4OGNkMjVhN2JiOTgyYTU3ZDUwMGU4MWFhMzU3MGY1ZjE2ODIxNjljODcxNDIxZGZmMGZmYjVjYWEyNzcwNyIsInRhZyI6IiJ9;Aktif;;"[Kegiatan Usaha: -, Kategori: -, KBLI: 47630]; [Kegiatan Usaha: -, Kategori: -, KBLI: 47711]; [Kegia...";;;;;OSS - Perorangan;;;invalid;;;FALSE;FALSE;TRUE;;;invalid;;;;;4
